{
    "1": {
        "mean": 0.31517241379310346,
        "max": 0.3448275862068966,
        "min": 0.2620689655172414,
        "all": [
            0.3448275862068966,
            0.2827586206896552,
            0.2689655172413793,
            0.33793103448275863,
            0.3310344827586207,
            0.2620689655172414,
            0.31724137931034485,
            0.3310344827586207,
            0.3310344827586207,
            0.3448275862068966
        ]
    },
    "2": {
        "mean": 0.3372413793103448,
        "max": 0.38620689655172413,
        "min": 0.296551724137931,
        "all": [
            0.3586206896551724,
            0.3310344827586207,
            0.296551724137931,
            0.32413793103448274,
            0.38620689655172413,
            0.36551724137931035,
            0.33793103448275863,
            0.3310344827586207,
            0.3310344827586207,
            0.3103448275862069
        ]
    },
    "4": {
        "mean": 0.34758620689655173,
        "max": 0.3931034482758621,
        "min": 0.32413793103448274,
        "all": [
            0.3931034482758621,
            0.3448275862068966,
            0.35172413793103446,
            0.3793103448275862,
            0.3310344827586207,
            0.32413793103448274,
            0.3586206896551724,
            0.32413793103448274,
            0.33793103448275863,
            0.3310344827586207
        ]
    },
    "8": {
        "mean": 0.35379310344827586,
        "max": 0.3931034482758621,
        "min": 0.31724137931034485,
        "all": [
            0.3310344827586207,
            0.35172413793103446,
            0.3931034482758621,
            0.3448275862068966,
            0.38620689655172413,
            0.3724137931034483,
            0.31724137931034485,
            0.36551724137931035,
            0.33793103448275863,
            0.33793103448275863
        ]
    },
    "16": {
        "mean": 0.36137931034482756,
        "max": 0.3931034482758621,
        "min": 0.32413793103448274,
        "all": [
            0.3793103448275862,
            0.3931034482758621,
            0.3724137931034483,
            0.3724137931034483,
            0.3724137931034483,
            0.3586206896551724,
            0.35172413793103446,
            0.3310344827586207,
            0.32413793103448274,
            0.3586206896551724
        ]
    },
    "32": {
        "mean": 0.3737931034482759,
        "max": 0.4,
        "min": 0.33793103448275863,
        "all": [
            0.36551724137931035,
            0.3724137931034483,
            0.35172413793103446,
            0.4,
            0.3724137931034483,
            0.38620689655172413,
            0.33793103448275863,
            0.3793103448275862,
            0.3931034482758621,
            0.3793103448275862
        ]
    },
    "64": {
        "mean": 0.36758620689655175,
        "max": 0.3793103448275862,
        "min": 0.3586206896551724,
        "all": [
            0.36551724137931035,
            0.3724137931034483,
            0.3793103448275862,
            0.36551724137931035,
            0.3586206896551724,
            0.36551724137931035,
            0.36551724137931035,
            0.36551724137931035,
            0.3586206896551724,
            0.3793103448275862
        ]
    },
    "128": {
        "mean": 0.3793103448275862,
        "max": 0.3793103448275862,
        "min": 0.3793103448275862,
        "all": [
            0.3793103448275862,
            0.3793103448275862,
            0.3793103448275862,
            0.3793103448275862,
            0.3793103448275862,
            0.3793103448275862,
            0.3793103448275862,
            0.3793103448275862,
            0.3793103448275862,
            0.3793103448275862
        ]
    }
}