{
    "1": {
        "mean": 0.33333333333333337,
        "max": 0.38666666666666666,
        "min": 0.29333333333333333,
        "all": [
            0.31333333333333335,
            0.36666666666666664,
            0.32666666666666666,
            0.38666666666666666,
            0.35333333333333333,
            0.34,
            0.30666666666666664,
            0.32,
            0.32666666666666666,
            0.29333333333333333
        ]
    },
    "2": {
        "mean": 0.41866666666666663,
        "max": 0.4666666666666667,
        "min": 0.34,
        "all": [
            0.42,
            0.43333333333333335,
            0.4266666666666667,
            0.43333333333333335,
            0.38,
            0.34,
            0.4266666666666667,
            0.42,
            0.44,
            0.4666666666666667
        ]
    },
    "4": {
        "mean": 0.4213333333333333,
        "max": 0.4666666666666667,
        "min": 0.36,
        "all": [
            0.4066666666666667,
            0.4666666666666667,
            0.44666666666666666,
            0.43333333333333335,
            0.46,
            0.4533333333333333,
            0.38,
            0.42,
            0.36,
            0.38666666666666666
        ]
    },
    "8": {
        "mean": 0.4533333333333333,
        "max": 0.5133333333333333,
        "min": 0.41333333333333333,
        "all": [
            0.4666666666666667,
            0.44,
            0.41333333333333333,
            0.4666666666666667,
            0.42,
            0.42,
            0.5133333333333333,
            0.4666666666666667,
            0.44,
            0.4866666666666667
        ]
    },
    "16": {
        "mean": 0.46066666666666667,
        "max": 0.52,
        "min": 0.42,
        "all": [
            0.42,
            0.46,
            0.47333333333333333,
            0.52,
            0.4666666666666667,
            0.48,
            0.4266666666666667,
            0.42,
            0.48,
            0.46
        ]
    },
    "32": {
        "mean": 0.4826666666666667,
        "max": 0.5133333333333333,
        "min": 0.44666666666666666,
        "all": [
            0.5,
            0.4866666666666667,
            0.49333333333333335,
            0.4666666666666667,
            0.5133333333333333,
            0.46,
            0.44666666666666666,
            0.4866666666666667,
            0.46,
            0.5133333333333333
        ]
    },
    "64": {
        "mean": 0.4986666666666667,
        "max": 0.54,
        "min": 0.47333333333333333,
        "all": [
            0.47333333333333333,
            0.5,
            0.54,
            0.4866666666666667,
            0.48,
            0.5,
            0.5066666666666667,
            0.5,
            0.5266666666666666,
            0.47333333333333333
        ]
    },
    "128": {
        "mean": 0.5066666666666667,
        "max": 0.5066666666666667,
        "min": 0.5066666666666667,
        "all": [
            0.5066666666666667,
            0.5066666666666667,
            0.5066666666666667,
            0.5066666666666667,
            0.5066666666666667,
            0.5066666666666667,
            0.5066666666666667,
            0.5066666666666667,
            0.5066666666666667,
            0.5066666666666667
        ]
    }
}