{
    "1": {
        "mean": 0.4815317498788172,
        "max": 0.4968492486669898,
        "min": 0.4692195831313621,
        "all": [
            0.4968492486669898,
            0.47649054774600097,
            0.48618516723218613,
            0.4881240911294232,
            0.48327678138633057,
            0.48327678138633057,
            0.4774600096946195,
            0.4774600096946195,
            0.4769752787203102,
            0.4692195831313621
        ]
    },
    "2": {
        "mean": 0.5120698012603006,
        "max": 0.5288414929714008,
        "min": 0.5002423654871546,
        "all": [
            0.5079980610761028,
            0.5249636451769268,
            0.5099369849733398,
            0.5002423654871546,
            0.5089675230247213,
            0.5128453708191953,
            0.5031507513330101,
            0.5288414929714008,
            0.5176926805622879,
            0.5060591371788657
        ]
    },
    "4": {
        "mean": 0.5315075133301018,
        "max": 0.5414444983034415,
        "min": 0.5181774115365972,
        "all": [
            0.5341735336888027,
            0.5414444983034415,
            0.5181774115365972,
            0.5317498788172564,
            0.5370819195346582,
            0.5298109549200194,
            0.5332040717401842,
            0.5273873000484731,
            0.523509452253999,
            0.538536112457586
        ]
    },
    "8": {
        "mean": 0.5314590402326709,
        "max": 0.5390208434318953,
        "min": 0.5254483761512361,
        "all": [
            0.534658264663112,
            0.5322346097915657,
            0.5390208434318953,
            0.5307804168686379,
            0.5307804168686379,
            0.5332040717401842,
            0.5327193407658749,
            0.5278720310227824,
            0.5254483761512361,
            0.5278720310227824
        ]
    },
    "16": {
        "mean": 0.5256422685409597,
        "max": 0.5351429956374212,
        "min": 0.5167232186136694,
        "all": [
            0.5220552593310712,
            0.5249636451769268,
            0.5230247212796898,
            0.5167232186136694,
            0.5293262239457102,
            0.523509452253999,
            0.5283567619970916,
            0.5264178380998545,
            0.5269025690741639,
            0.5351429956374212
        ]
    },
    "32": {
        "mean": 0.5158507028599127,
        "max": 0.5249636451769268,
        "min": 0.5055744062045565,
        "all": [
            0.5181774115365972,
            0.5167232186136694,
            0.5118759088705769,
            0.5210857973824528,
            0.5176926805622879,
            0.5055744062045565,
            0.5118759088705769,
            0.5196316044595249,
            0.5109064469219583,
            0.5249636451769268
        ]
    },
    "64": {
        "mean": 0.5062530295685895,
        "max": 0.5109064469219583,
        "min": 0.5002423654871546,
        "all": [
            0.5075133301017936,
            0.5002423654871546,
            0.5104217159476491,
            0.5099369849733398,
            0.5070285991274842,
            0.5036354823073195,
            0.5031507513330101,
            0.5109064469219583,
            0.5016965584100824,
            0.5079980610761028
        ]
    },
    "128": {
        "mean": 0.4978187106156084,
        "max": 0.49781871061560834,
        "min": 0.49781871061560834,
        "all": [
            0.49781871061560834,
            0.49781871061560834,
            0.49781871061560834,
            0.49781871061560834,
            0.49781871061560834,
            0.49781871061560834,
            0.49781871061560834,
            0.49781871061560834,
            0.49781871061560834,
            0.49781871061560834
        ]
    }
}