{
    "1": {
        "mean": 0.4815317498788172,
        "max": 0.4968492486669898,
        "min": 0.4692195831313621,
        "all": [
            0.4968492486669898,
            0.47649054774600097,
            0.48618516723218613,
            0.4881240911294232,
            0.48327678138633057,
            0.48327678138633057,
            0.4774600096946195,
            0.4774600096946195,
            0.4769752787203102,
            0.4692195831313621
        ]
    },
    "2": {
        "mean": 0.5135239941832282,
        "max": 0.523509452253999,
        "min": 0.5055744062045565,
        "all": [
            0.5109064469219583,
            0.5230247212796898,
            0.5104217159476491,
            0.5099369849733398,
            0.5147842947164324,
            0.5109064469219583,
            0.5055744062045565,
            0.523509452253999,
            0.5206010664081435,
            0.5055744062045565
        ]
    },
    "4": {
        "mean": 0.5349491032476975,
        "max": 0.5482307319437713,
        "min": 0.5273873000484731,
        "all": [
            0.5327193407658749,
            0.538536112457586,
            0.5273873000484731,
            0.5341735336888027,
            0.5341735336888027,
            0.5380513814832768,
            0.5380513814832768,
            0.5288414929714008,
            0.5293262239457102,
            0.5482307319437713
        ]
    },
    "8": {
        "mean": 0.5389723703344643,
        "max": 0.5472612699951527,
        "min": 0.5278720310227824,
        "all": [
            0.5395055744062045,
            0.5336888027144935,
            0.5453223460979156,
            0.5370819195346582,
            0.5390208434318953,
            0.5419292292777509,
            0.5472612699951527,
            0.5380513814832768,
            0.5278720310227824,
            0.5399903053805138
        ]
    },
    "16": {
        "mean": 0.537857489093553,
        "max": 0.5462918080465342,
        "min": 0.5278720310227824,
        "all": [
            0.5375666505089676,
            0.536597188560349,
            0.5336888027144935,
            0.5370819195346582,
            0.5351429956374212,
            0.5404750363548231,
            0.5424139602520601,
            0.5278720310227824,
            0.5414444983034415,
            0.5462918080465342
        ]
    },
    "32": {
        "mean": 0.5285991274842463,
        "max": 0.5361124575860398,
        "min": 0.5220552593310712,
        "all": [
            0.5302956858943286,
            0.5322346097915657,
            0.5361124575860398,
            0.5293262239457102,
            0.5254483761512361,
            0.5317498788172564,
            0.5220552593310712,
            0.5259331071255453,
            0.5264178380998545,
            0.5264178380998545
        ]
    },
    "64": {
        "mean": 0.5235579253514299,
        "max": 0.5327193407658749,
        "min": 0.5128453708191953,
        "all": [
            0.5206010664081435,
            0.5225399903053806,
            0.5220552593310712,
            0.5128453708191953,
            0.523509452253999,
            0.5269025690741639,
            0.523509452253999,
            0.5327193407658749,
            0.5239941832283083,
            0.5269025690741639
        ]
    },
    "128": {
        "mean": 0.5147842947164324,
        "max": 0.5147842947164324,
        "min": 0.5147842947164324,
        "all": [
            0.5147842947164324,
            0.5147842947164324,
            0.5147842947164324,
            0.5147842947164324,
            0.5147842947164324,
            0.5147842947164324,
            0.5147842947164324,
            0.5147842947164324,
            0.5147842947164324,
            0.5147842947164324
        ]
    }
}