{
    "1": {
        "mean": 0.3786666666666667,
        "max": 0.4666666666666667,
        "min": 0.31333333333333335,
        "all": [
            0.34,
            0.4066666666666667,
            0.3333333333333333,
            0.41333333333333333,
            0.4666666666666667,
            0.31333333333333335,
            0.38,
            0.32666666666666666,
            0.41333333333333333,
            0.3933333333333333
        ]
    },
    "2": {
        "mean": 0.4646666666666667,
        "max": 0.5266666666666666,
        "min": 0.38666666666666666,
        "all": [
            0.47333333333333333,
            0.47333333333333333,
            0.38666666666666666,
            0.5266666666666666,
            0.4533333333333333,
            0.44666666666666666,
            0.49333333333333335,
            0.44666666666666666,
            0.5266666666666666,
            0.42
        ]
    },
    "4": {
        "mean": 0.5293333333333334,
        "max": 0.5733333333333334,
        "min": 0.5066666666666667,
        "all": [
            0.5266666666666666,
            0.52,
            0.5533333333333333,
            0.52,
            0.5733333333333334,
            0.5266666666666666,
            0.5333333333333333,
            0.52,
            0.5066666666666667,
            0.5133333333333333
        ]
    },
    "8": {
        "mean": 0.5599999999999999,
        "max": 0.6133333333333333,
        "min": 0.52,
        "all": [
            0.54,
            0.5333333333333333,
            0.5666666666666667,
            0.52,
            0.5733333333333334,
            0.6133333333333333,
            0.5533333333333333,
            0.54,
            0.58,
            0.58
        ]
    },
    "16": {
        "mean": 0.5806666666666668,
        "max": 0.5933333333333334,
        "min": 0.5666666666666667,
        "all": [
            0.5733333333333334,
            0.58,
            0.58,
            0.58,
            0.5866666666666667,
            0.5666666666666667,
            0.5866666666666667,
            0.5866666666666667,
            0.5933333333333334,
            0.5733333333333334
        ]
    },
    "32": {
        "mean": 0.5686666666666667,
        "max": 0.6133333333333333,
        "min": 0.5266666666666666,
        "all": [
            0.5666666666666667,
            0.5533333333333333,
            0.5866666666666667,
            0.5266666666666666,
            0.58,
            0.56,
            0.6133333333333333,
            0.5533333333333333,
            0.58,
            0.5666666666666667
        ]
    },
    "64": {
        "mean": 0.562,
        "max": 0.5866666666666667,
        "min": 0.5066666666666667,
        "all": [
            0.5533333333333333,
            0.5666666666666667,
            0.56,
            0.5733333333333334,
            0.5866666666666667,
            0.5066666666666667,
            0.56,
            0.5866666666666667,
            0.5533333333333333,
            0.5733333333333334
        ]
    },
    "128": {
        "mean": 0.5600000000000002,
        "max": 0.56,
        "min": 0.56,
        "all": [
            0.56,
            0.56,
            0.56,
            0.56,
            0.56,
            0.56,
            0.56,
            0.56,
            0.56,
            0.56
        ]
    }
}