{
    "1": {
        "mean": 0.31517241379310346,
        "max": 0.3448275862068966,
        "min": 0.2620689655172414,
        "all": [
            0.3448275862068966,
            0.2827586206896552,
            0.2689655172413793,
            0.33793103448275863,
            0.3310344827586207,
            0.2620689655172414,
            0.31724137931034485,
            0.3310344827586207,
            0.3310344827586207,
            0.3448275862068966
        ]
    },
    "2": {
        "mean": 0.3572413793103449,
        "max": 0.3931034482758621,
        "min": 0.31724137931034485,
        "all": [
            0.35172413793103446,
            0.3724137931034483,
            0.3586206896551724,
            0.32413793103448274,
            0.3793103448275862,
            0.3586206896551724,
            0.3724137931034483,
            0.31724137931034485,
            0.3931034482758621,
            0.3448275862068966
        ]
    },
    "4": {
        "mean": 0.3855172413793103,
        "max": 0.4206896551724138,
        "min": 0.33793103448275863,
        "all": [
            0.3931034482758621,
            0.38620689655172413,
            0.38620689655172413,
            0.4206896551724138,
            0.4,
            0.36551724137931035,
            0.33793103448275863,
            0.38620689655172413,
            0.36551724137931035,
            0.41379310344827586
        ]
    },
    "8": {
        "mean": 0.3882758620689655,
        "max": 0.43448275862068964,
        "min": 0.33793103448275863,
        "all": [
            0.33793103448275863,
            0.36551724137931035,
            0.38620689655172413,
            0.3793103448275862,
            0.4,
            0.42758620689655175,
            0.38620689655172413,
            0.43448275862068964,
            0.38620689655172413,
            0.3793103448275862
        ]
    },
    "16": {
        "mean": 0.39655172413793105,
        "max": 0.4206896551724138,
        "min": 0.3586206896551724,
        "all": [
            0.41379310344827586,
            0.4206896551724138,
            0.3931034482758621,
            0.3931034482758621,
            0.38620689655172413,
            0.3586206896551724,
            0.4206896551724138,
            0.3931034482758621,
            0.3793103448275862,
            0.4068965517241379
        ]
    },
    "32": {
        "mean": 0.3896551724137931,
        "max": 0.41379310344827586,
        "min": 0.35172413793103446,
        "all": [
            0.35172413793103446,
            0.41379310344827586,
            0.38620689655172413,
            0.4068965517241379,
            0.3793103448275862,
            0.4068965517241379,
            0.3724137931034483,
            0.38620689655172413,
            0.41379310344827586,
            0.3793103448275862
        ]
    },
    "64": {
        "mean": 0.3903448275862069,
        "max": 0.4206896551724138,
        "min": 0.36551724137931035,
        "all": [
            0.38620689655172413,
            0.41379310344827586,
            0.3793103448275862,
            0.38620689655172413,
            0.4206896551724138,
            0.3931034482758621,
            0.38620689655172413,
            0.3931034482758621,
            0.3793103448275862,
            0.36551724137931035
        ]
    },
    "128": {
        "mean": 0.38620689655172413,
        "max": 0.38620689655172413,
        "min": 0.38620689655172413,
        "all": [
            0.38620689655172413,
            0.38620689655172413,
            0.38620689655172413,
            0.38620689655172413,
            0.38620689655172413,
            0.38620689655172413,
            0.38620689655172413,
            0.38620689655172413,
            0.38620689655172413,
            0.38620689655172413
        ]
    }
}