{
    "1": {
        "mean": 0.4174496644295302,
        "max": 0.4563758389261745,
        "min": 0.3691275167785235,
        "all": [
            0.4228187919463087,
            0.4228187919463087,
            0.3825503355704698,
            0.436241610738255,
            0.44966442953020136,
            0.38926174496644295,
            0.42953020134228187,
            0.3691275167785235,
            0.4161073825503356,
            0.4563758389261745
        ]
    },
    "2": {
        "mean": 0.4281879194630872,
        "max": 0.44966442953020136,
        "min": 0.3825503355704698,
        "all": [
            0.42953020134228187,
            0.4429530201342282,
            0.4429530201342282,
            0.44966442953020136,
            0.436241610738255,
            0.40268456375838924,
            0.4228187919463087,
            0.3825503355704698,
            0.436241610738255,
            0.436241610738255
        ]
    },
    "4": {
        "mean": 0.4322147651006711,
        "max": 0.4697986577181208,
        "min": 0.38926174496644295,
        "all": [
            0.42953020134228187,
            0.38926174496644295,
            0.4228187919463087,
            0.436241610738255,
            0.4563758389261745,
            0.38926174496644295,
            0.4697986577181208,
            0.44966442953020136,
            0.436241610738255,
            0.4429530201342282
        ]
    },
    "8": {
        "mean": 0.45637583892617456,
        "max": 0.4966442953020134,
        "min": 0.4228187919463087,
        "all": [
            0.4899328859060403,
            0.4429530201342282,
            0.44966442953020136,
            0.4563758389261745,
            0.4228187919463087,
            0.48322147651006714,
            0.4966442953020134,
            0.44966442953020136,
            0.4429530201342282,
            0.42953020134228187
        ]
    },
    "16": {
        "mean": 0.45100671140939597,
        "max": 0.47651006711409394,
        "min": 0.42953020134228187,
        "all": [
            0.4563758389261745,
            0.4697986577181208,
            0.436241610738255,
            0.47651006711409394,
            0.4563758389261745,
            0.436241610738255,
            0.4563758389261745,
            0.42953020134228187,
            0.4429530201342282,
            0.44966442953020136
        ]
    },
    "32": {
        "mean": 0.4543624161073826,
        "max": 0.47651006711409394,
        "min": 0.4228187919463087,
        "all": [
            0.42953020134228187,
            0.4429530201342282,
            0.47651006711409394,
            0.4228187919463087,
            0.4697986577181208,
            0.47651006711409394,
            0.44966442953020136,
            0.4563758389261745,
            0.4563758389261745,
            0.46308724832214765
        ]
    },
    "64": {
        "mean": 0.4590604026845638,
        "max": 0.4697986577181208,
        "min": 0.4429530201342282,
        "all": [
            0.4563758389261745,
            0.4697986577181208,
            0.4429530201342282,
            0.4697986577181208,
            0.46308724832214765,
            0.46308724832214765,
            0.44966442953020136,
            0.46308724832214765,
            0.4697986577181208,
            0.4429530201342282
        ]
    },
    "128": {
        "mean": 0.46308724832214765,
        "max": 0.46308724832214765,
        "min": 0.46308724832214765,
        "all": [
            0.46308724832214765,
            0.46308724832214765,
            0.46308724832214765,
            0.46308724832214765,
            0.46308724832214765,
            0.46308724832214765,
            0.46308724832214765,
            0.46308724832214765,
            0.46308724832214765,
            0.46308724832214765
        ]
    }
}