{
    "1": {
        "mean": 0.2694,
        "max": 0.284,
        "min": 0.256,
        "all": [
            0.256,
            0.258,
            0.278,
            0.282,
            0.266,
            0.268,
            0.284,
            0.272,
            0.27,
            0.26
        ]
    },
    "2": {
        "mean": 0.3444,
        "max": 0.366,
        "min": 0.312,
        "all": [
            0.354,
            0.338,
            0.354,
            0.34,
            0.364,
            0.328,
            0.338,
            0.35,
            0.366,
            0.312
        ]
    },
    "4": {
        "mean": 0.41079999999999994,
        "max": 0.432,
        "min": 0.378,
        "all": [
            0.41,
            0.41,
            0.418,
            0.42,
            0.432,
            0.412,
            0.378,
            0.394,
            0.42,
            0.414
        ]
    },
    "8": {
        "mean": 0.43820000000000003,
        "max": 0.45,
        "min": 0.428,
        "all": [
            0.43,
            0.428,
            0.436,
            0.442,
            0.44,
            0.436,
            0.442,
            0.442,
            0.45,
            0.436
        ]
    },
    "16": {
        "mean": 0.4635999999999999,
        "max": 0.478,
        "min": 0.45,
        "all": [
            0.454,
            0.45,
            0.464,
            0.462,
            0.478,
            0.472,
            0.464,
            0.476,
            0.454,
            0.462
        ]
    },
    "32": {
        "mean": 0.4767999999999999,
        "max": 0.488,
        "min": 0.46,
        "all": [
            0.468,
            0.476,
            0.46,
            0.48,
            0.488,
            0.486,
            0.478,
            0.474,
            0.478,
            0.48
        ]
    },
    "64": {
        "mean": 0.48600000000000004,
        "max": 0.51,
        "min": 0.476,
        "all": [
            0.488,
            0.492,
            0.48,
            0.51,
            0.488,
            0.476,
            0.484,
            0.482,
            0.484,
            0.476
        ]
    },
    "128": {
        "mean": 0.4854,
        "max": 0.494,
        "min": 0.478,
        "all": [
            0.486,
            0.486,
            0.478,
            0.494,
            0.482,
            0.488,
            0.486,
            0.482,
            0.49,
            0.482
        ]
    },
    "256": {
        "mean": 0.4879999999999999,
        "max": 0.488,
        "min": 0.488,
        "all": [
            0.488,
            0.488,
            0.488,
            0.488,
            0.488,
            0.488,
            0.488,
            0.488,
            0.488,
            0.488
        ]
    }
}