{
    "1": {
        "mean": 0.2694,
        "max": 0.284,
        "min": 0.256,
        "all": [
            0.256,
            0.258,
            0.278,
            0.282,
            0.266,
            0.268,
            0.284,
            0.272,
            0.27,
            0.26
        ]
    },
    "2": {
        "mean": 0.3444,
        "max": 0.366,
        "min": 0.324,
        "all": [
            0.35,
            0.34,
            0.342,
            0.33,
            0.366,
            0.336,
            0.344,
            0.346,
            0.366,
            0.324
        ]
    },
    "4": {
        "mean": 0.41059999999999997,
        "max": 0.436,
        "min": 0.384,
        "all": [
            0.41,
            0.406,
            0.416,
            0.424,
            0.43,
            0.402,
            0.384,
            0.386,
            0.436,
            0.412
        ]
    },
    "8": {
        "mean": 0.43759999999999993,
        "max": 0.452,
        "min": 0.42,
        "all": [
            0.43,
            0.42,
            0.446,
            0.44,
            0.438,
            0.436,
            0.442,
            0.434,
            0.452,
            0.438
        ]
    },
    "16": {
        "mean": 0.46320000000000006,
        "max": 0.476,
        "min": 0.452,
        "all": [
            0.46,
            0.452,
            0.456,
            0.476,
            0.468,
            0.466,
            0.47,
            0.458,
            0.452,
            0.474
        ]
    },
    "32": {
        "mean": 0.47119999999999995,
        "max": 0.49,
        "min": 0.456,
        "all": [
            0.456,
            0.478,
            0.468,
            0.47,
            0.49,
            0.48,
            0.474,
            0.462,
            0.458,
            0.476
        ]
    },
    "64": {
        "mean": 0.4862,
        "max": 0.506,
        "min": 0.472,
        "all": [
            0.476,
            0.476,
            0.492,
            0.506,
            0.492,
            0.486,
            0.488,
            0.49,
            0.484,
            0.472
        ]
    },
    "128": {
        "mean": 0.4862,
        "max": 0.49,
        "min": 0.48,
        "all": [
            0.48,
            0.484,
            0.488,
            0.49,
            0.484,
            0.488,
            0.484,
            0.486,
            0.49,
            0.488
        ]
    },
    "256": {
        "mean": 0.49800000000000005,
        "max": 0.498,
        "min": 0.498,
        "all": [
            0.498,
            0.498,
            0.498,
            0.498,
            0.498,
            0.498,
            0.498,
            0.498,
            0.498,
            0.498
        ]
    }
}