{
    "1": {
        "mean": 0.4815317498788172,
        "max": 0.4968492486669898,
        "min": 0.4692195831313621,
        "all": [
            0.4968492486669898,
            0.47649054774600097,
            0.48618516723218613,
            0.4881240911294232,
            0.48327678138633057,
            0.48327678138633057,
            0.4774600096946195,
            0.4774600096946195,
            0.4769752787203102,
            0.4692195831313621
        ]
    },
    "2": {
        "mean": 0.5075618031992244,
        "max": 0.5201163354338342,
        "min": 0.49878817256422686,
        "all": [
            0.5041202132816287,
            0.5162384876393602,
            0.5007270964614638,
            0.49878817256422686,
            0.5060591371788657,
            0.5128453708191953,
            0.5031507513330101,
            0.5104217159476491,
            0.5201163354338342,
            0.5031507513330101
        ]
    },
    "4": {
        "mean": 0.541783809985458,
        "max": 0.5506543868153175,
        "min": 0.5312651478429472,
        "all": [
            0.5433834222006786,
            0.5424139602520601,
            0.5312651478429472,
            0.5419292292777509,
            0.5472612699951527,
            0.5443528841492972,
            0.5375666505089676,
            0.5419292292777509,
            0.5370819195346582,
            0.5506543868153175
        ]
    },
    "8": {
        "mean": 0.5611730489578284,
        "max": 0.5690741638390693,
        "min": 0.5477460009694619,
        "all": [
            0.5637421231216675,
            0.5588948133785749,
            0.5661657779932138,
            0.5564711585070286,
            0.5690741638390693,
            0.5627726611730489,
            0.56858943286476,
            0.5564711585070286,
            0.5477460009694619,
            0.5618031992244304
        ]
    },
    "16": {
        "mean": 0.5740184197770237,
        "max": 0.5826466311197286,
        "min": 0.5651963160445953,
        "all": [
            0.5724672806592341,
            0.5826466311197286,
            0.5651963160445953,
            0.5710130877363063,
            0.5681047018904508,
            0.575860397479399,
            0.5753756665050896,
            0.5700436257876879,
            0.5807077072224915,
            0.5787687833252545
        ]
    },
    "32": {
        "mean": 0.57905962190984,
        "max": 0.5845855550169656,
        "min": 0.5744062045564712,
        "all": [
            0.5773145904023267,
            0.5744062045564712,
            0.5792535142995637,
            0.5773145904023267,
            0.58167716917111,
            0.5821619001454192,
            0.5831313620940378,
            0.5744062045564712,
            0.5845855550169656,
            0.5763451284537082
        ]
    },
    "64": {
        "mean": 0.5842947164323801,
        "max": 0.5870092098885119,
        "min": 0.58167716917111,
        "all": [
            0.58167716917111,
            0.5845855550169656,
            0.5845855550169656,
            0.5870092098885119,
            0.58167716917111,
            0.5860397479398933,
            0.5826466311197286,
            0.5845855550169656,
            0.5860397479398933,
            0.5841008240426563
        ]
    },
    "128": {
        "mean": 0.5884634028114395,
        "max": 0.5884634028114396,
        "min": 0.5884634028114396,
        "all": [
            0.5884634028114396,
            0.5884634028114396,
            0.5884634028114396,
            0.5884634028114396,
            0.5884634028114396,
            0.5884634028114396,
            0.5884634028114396,
            0.5884634028114396,
            0.5884634028114396,
            0.5884634028114396
        ]
    }
}