{
    "1": {
        "mean": 0.31517241379310346,
        "max": 0.3448275862068966,
        "min": 0.2620689655172414,
        "all": [
            0.3448275862068966,
            0.2827586206896552,
            0.2689655172413793,
            0.33793103448275863,
            0.3310344827586207,
            0.2620689655172414,
            0.31724137931034485,
            0.3310344827586207,
            0.3310344827586207,
            0.3448275862068966
        ]
    },
    "2": {
        "mean": 0.34,
        "max": 0.3793103448275862,
        "min": 0.30344827586206896,
        "all": [
            0.3586206896551724,
            0.3448275862068966,
            0.32413793103448274,
            0.3724137931034483,
            0.3793103448275862,
            0.35172413793103446,
            0.31724137931034485,
            0.3103448275862069,
            0.33793103448275863,
            0.30344827586206896
        ]
    },
    "4": {
        "mean": 0.35931034482758617,
        "max": 0.4,
        "min": 0.32413793103448274,
        "all": [
            0.3793103448275862,
            0.38620689655172413,
            0.35172413793103446,
            0.4,
            0.3448275862068966,
            0.36551724137931035,
            0.36551724137931035,
            0.32413793103448274,
            0.33793103448275863,
            0.33793103448275863
        ]
    },
    "8": {
        "mean": 0.35310344827586204,
        "max": 0.38620689655172413,
        "min": 0.32413793103448274,
        "all": [
            0.3448275862068966,
            0.33793103448275863,
            0.38620689655172413,
            0.3448275862068966,
            0.38620689655172413,
            0.3586206896551724,
            0.3448275862068966,
            0.36551724137931035,
            0.32413793103448274,
            0.33793103448275863
        ]
    },
    "16": {
        "mean": 0.36758620689655175,
        "max": 0.38620689655172413,
        "min": 0.33793103448275863,
        "all": [
            0.38620689655172413,
            0.38620689655172413,
            0.3724137931034483,
            0.3793103448275862,
            0.3724137931034483,
            0.36551724137931035,
            0.3586206896551724,
            0.33793103448275863,
            0.33793103448275863,
            0.3793103448275862
        ]
    },
    "32": {
        "mean": 0.37517241379310345,
        "max": 0.3931034482758621,
        "min": 0.35172413793103446,
        "all": [
            0.36551724137931035,
            0.3724137931034483,
            0.35172413793103446,
            0.38620689655172413,
            0.3793103448275862,
            0.38620689655172413,
            0.3586206896551724,
            0.3724137931034483,
            0.38620689655172413,
            0.3931034482758621
        ]
    },
    "64": {
        "mean": 0.37517241379310345,
        "max": 0.3931034482758621,
        "min": 0.3586206896551724,
        "all": [
            0.3793103448275862,
            0.3793103448275862,
            0.38620689655172413,
            0.36551724137931035,
            0.3793103448275862,
            0.3586206896551724,
            0.36551724137931035,
            0.3793103448275862,
            0.36551724137931035,
            0.3931034482758621
        ]
    },
    "128": {
        "mean": 0.38620689655172413,
        "max": 0.38620689655172413,
        "min": 0.38620689655172413,
        "all": [
            0.38620689655172413,
            0.38620689655172413,
            0.38620689655172413,
            0.38620689655172413,
            0.38620689655172413,
            0.38620689655172413,
            0.38620689655172413,
            0.38620689655172413,
            0.38620689655172413,
            0.38620689655172413
        ]
    }
}