{
    "1": {
        "mean": 0.5248322147651007,
        "max": 0.5369127516778524,
        "min": 0.48322147651006714,
        "all": [
            0.5302013422818792,
            0.5369127516778524,
            0.5234899328859061,
            0.5302013422818792,
            0.5369127516778524,
            0.5369127516778524,
            0.5302013422818792,
            0.48322147651006714,
            0.5167785234899329,
            0.5234899328859061
        ]
    },
    "2": {
        "mean": 0.5523489932885907,
        "max": 0.6040268456375839,
        "min": 0.5234899328859061,
        "all": [
            0.5503355704697986,
            0.5369127516778524,
            0.5503355704697986,
            0.5369127516778524,
            0.5570469798657718,
            0.5234899328859061,
            0.5637583892617449,
            0.5436241610738255,
            0.5570469798657718,
            0.6040268456375839
        ]
    },
    "4": {
        "mean": 0.589261744966443,
        "max": 0.6308724832214765,
        "min": 0.5570469798657718,
        "all": [
            0.6174496644295302,
            0.5838926174496645,
            0.5704697986577181,
            0.5906040268456376,
            0.5973154362416108,
            0.5570469798657718,
            0.5973154362416108,
            0.5906040268456376,
            0.6308724832214765,
            0.5570469798657718
        ]
    },
    "8": {
        "mean": 0.5711409395973155,
        "max": 0.5973154362416108,
        "min": 0.5503355704697986,
        "all": [
            0.5838926174496645,
            0.5637583892617449,
            0.5906040268456376,
            0.5503355704697986,
            0.5570469798657718,
            0.5503355704697986,
            0.5973154362416108,
            0.5704697986577181,
            0.5906040268456376,
            0.5570469798657718
        ]
    },
    "16": {
        "mean": 0.580536912751678,
        "max": 0.610738255033557,
        "min": 0.5570469798657718,
        "all": [
            0.5570469798657718,
            0.5838926174496645,
            0.5570469798657718,
            0.5973154362416108,
            0.5771812080536913,
            0.5838926174496645,
            0.5771812080536913,
            0.5838926174496645,
            0.5771812080536913,
            0.610738255033557
        ]
    },
    "32": {
        "mean": 0.5651006711409396,
        "max": 0.5906040268456376,
        "min": 0.5302013422818792,
        "all": [
            0.5704697986577181,
            0.5503355704697986,
            0.5906040268456376,
            0.5906040268456376,
            0.5570469798657718,
            0.5704697986577181,
            0.5302013422818792,
            0.5570469798657718,
            0.5570469798657718,
            0.5771812080536913
        ]
    },
    "64": {
        "mean": 0.5375838926174497,
        "max": 0.5570469798657718,
        "min": 0.5234899328859061,
        "all": [
            0.5234899328859061,
            0.5369127516778524,
            0.5369127516778524,
            0.5503355704697986,
            0.5302013422818792,
            0.5436241610738255,
            0.5234899328859061,
            0.5436241610738255,
            0.5570469798657718,
            0.5302013422818792
        ]
    },
    "128": {
        "mean": 0.5449664429530202,
        "max": 0.5503355704697986,
        "min": 0.5369127516778524,
        "all": [
            0.5436241610738255,
            0.5436241610738255,
            0.5436241610738255,
            0.5436241610738255,
            0.5436241610738255,
            0.5503355704697986,
            0.5369127516778524,
            0.5503355704697986,
            0.5503355704697986,
            0.5436241610738255
        ]
    }
}