{
    "1": {
        "mean": 0.6838461538461539,
        "max": 0.7384615384615385,
        "min": 0.6384615384615384,
        "all": [
            0.6846153846153846,
            0.676923076923077,
            0.6538461538461539,
            0.7,
            0.6923076923076923,
            0.7384615384615385,
            0.6615384615384615,
            0.6384615384615384,
            0.6692307692307692,
            0.7230769230769231
        ]
    },
    "2": {
        "mean": 0.7446153846153847,
        "max": 0.7692307692307693,
        "min": 0.7307692307692307,
        "all": [
            0.7461538461538462,
            0.7615384615384615,
            0.7384615384615385,
            0.7384615384615385,
            0.7692307692307693,
            0.7384615384615385,
            0.7384615384615385,
            0.7384615384615385,
            0.7307692307692307,
            0.7461538461538462
        ]
    },
    "4": {
        "mean": 0.7853846153846152,
        "max": 0.823076923076923,
        "min": 0.7615384615384615,
        "all": [
            0.7923076923076923,
            0.823076923076923,
            0.7846153846153846,
            0.7615384615384615,
            0.7846153846153846,
            0.7692307692307693,
            0.7615384615384615,
            0.7846153846153846,
            0.7846153846153846,
            0.8076923076923077
        ]
    },
    "8": {
        "mean": 0.7984615384615384,
        "max": 0.8076923076923077,
        "min": 0.7846153846153846,
        "all": [
            0.7923076923076923,
            0.8076923076923077,
            0.7923076923076923,
            0.8,
            0.7923076923076923,
            0.8,
            0.8076923076923077,
            0.7846153846153846,
            0.8,
            0.8076923076923077
        ]
    },
    "16": {
        "mean": 0.8192307692307692,
        "max": 0.8307692307692308,
        "min": 0.8,
        "all": [
            0.8307692307692308,
            0.8153846153846154,
            0.823076923076923,
            0.823076923076923,
            0.823076923076923,
            0.8153846153846154,
            0.8153846153846154,
            0.8153846153846154,
            0.8,
            0.8307692307692308
        ]
    },
    "32": {
        "mean": 0.8176923076923076,
        "max": 0.8307692307692308,
        "min": 0.7846153846153846,
        "all": [
            0.8153846153846154,
            0.8307692307692308,
            0.823076923076923,
            0.8307692307692308,
            0.7846153846153846,
            0.823076923076923,
            0.8153846153846154,
            0.823076923076923,
            0.8,
            0.8307692307692308
        ]
    },
    "64": {
        "mean": 0.8323076923076922,
        "max": 0.8461538461538461,
        "min": 0.823076923076923,
        "all": [
            0.823076923076923,
            0.823076923076923,
            0.8461538461538461,
            0.8307692307692308,
            0.8307692307692308,
            0.8461538461538461,
            0.8307692307692308,
            0.8307692307692308,
            0.8307692307692308,
            0.8307692307692308
        ]
    },
    "128": {
        "mean": 0.8307692307692308,
        "max": 0.8307692307692308,
        "min": 0.8307692307692308,
        "all": [
            0.8307692307692308,
            0.8307692307692308,
            0.8307692307692308,
            0.8307692307692308,
            0.8307692307692308,
            0.8307692307692308,
            0.8307692307692308,
            0.8307692307692308,
            0.8307692307692308,
            0.8307692307692308
        ]
    }
}