{
    "1": {
        "mean": 0.48133333333333334,
        "max": 0.52,
        "min": 0.43333333333333335,
        "all": [
            0.5,
            0.46,
            0.5066666666666667,
            0.43333333333333335,
            0.5,
            0.49333333333333335,
            0.44666666666666666,
            0.52,
            0.4533333333333333,
            0.5
        ]
    },
    "2": {
        "mean": 0.4959999999999999,
        "max": 0.5466666666666666,
        "min": 0.46,
        "all": [
            0.5066666666666667,
            0.5466666666666666,
            0.52,
            0.49333333333333335,
            0.48,
            0.46,
            0.47333333333333333,
            0.4666666666666667,
            0.48,
            0.5333333333333333
        ]
    },
    "4": {
        "mean": 0.5286666666666667,
        "max": 0.5733333333333334,
        "min": 0.49333333333333335,
        "all": [
            0.5066666666666667,
            0.5466666666666666,
            0.52,
            0.54,
            0.5733333333333334,
            0.54,
            0.49333333333333335,
            0.52,
            0.5333333333333333,
            0.5133333333333333
        ]
    },
    "8": {
        "mean": 0.5239999999999999,
        "max": 0.5533333333333333,
        "min": 0.5,
        "all": [
            0.5533333333333333,
            0.52,
            0.5266666666666666,
            0.5066666666666667,
            0.5133333333333333,
            0.52,
            0.5333333333333333,
            0.5333333333333333,
            0.5,
            0.5333333333333333
        ]
    },
    "16": {
        "mean": 0.5266666666666667,
        "max": 0.5466666666666666,
        "min": 0.5066666666666667,
        "all": [
            0.5266666666666666,
            0.5333333333333333,
            0.52,
            0.5066666666666667,
            0.5466666666666666,
            0.5333333333333333,
            0.5266666666666666,
            0.5266666666666666,
            0.5133333333333333,
            0.5333333333333333
        ]
    },
    "32": {
        "mean": 0.53,
        "max": 0.56,
        "min": 0.5066666666666667,
        "all": [
            0.5333333333333333,
            0.52,
            0.52,
            0.5466666666666666,
            0.52,
            0.56,
            0.5266666666666666,
            0.5066666666666667,
            0.5333333333333333,
            0.5333333333333333
        ]
    },
    "64": {
        "mean": 0.5233333333333333,
        "max": 0.5466666666666666,
        "min": 0.5066666666666667,
        "all": [
            0.5466666666666666,
            0.52,
            0.5133333333333333,
            0.5266666666666666,
            0.52,
            0.52,
            0.5066666666666667,
            0.5333333333333333,
            0.5066666666666667,
            0.54
        ]
    },
    "128": {
        "mean": 0.5,
        "max": 0.5,
        "min": 0.5,
        "all": [
            0.5,
            0.5,
            0.5,
            0.5,
            0.5,
            0.5,
            0.5,
            0.5,
            0.5,
            0.5
        ]
    }
}