{
    "1": {
        "mean": 0.45533333333333337,
        "max": 0.4866666666666667,
        "min": 0.43333333333333335,
        "all": [
            0.44666666666666666,
            0.4533333333333333,
            0.46,
            0.4666666666666667,
            0.43333333333333335,
            0.44,
            0.4866666666666667,
            0.43333333333333335,
            0.46,
            0.47333333333333333
        ]
    },
    "2": {
        "mean": 0.48133333333333334,
        "max": 0.5133333333333333,
        "min": 0.43333333333333335,
        "all": [
            0.5133333333333333,
            0.5,
            0.43333333333333335,
            0.5,
            0.4666666666666667,
            0.47333333333333333,
            0.5133333333333333,
            0.46,
            0.46,
            0.49333333333333335
        ]
    },
    "4": {
        "mean": 0.48200000000000004,
        "max": 0.5133333333333333,
        "min": 0.4533333333333333,
        "all": [
            0.49333333333333335,
            0.48,
            0.4866666666666667,
            0.4533333333333333,
            0.49333333333333335,
            0.4866666666666667,
            0.5133333333333333,
            0.48,
            0.47333333333333333,
            0.46
        ]
    },
    "8": {
        "mean": 0.5053333333333334,
        "max": 0.5466666666666666,
        "min": 0.47333333333333333,
        "all": [
            0.5066666666666667,
            0.47333333333333333,
            0.5,
            0.5266666666666666,
            0.49333333333333335,
            0.5466666666666666,
            0.49333333333333335,
            0.5,
            0.5,
            0.5133333333333333
        ]
    },
    "16": {
        "mean": 0.5046666666666667,
        "max": 0.5266666666666666,
        "min": 0.48,
        "all": [
            0.49333333333333335,
            0.52,
            0.48,
            0.5133333333333333,
            0.4866666666666667,
            0.5266666666666666,
            0.5,
            0.52,
            0.5133333333333333,
            0.49333333333333335
        ]
    },
    "32": {
        "mean": 0.514,
        "max": 0.5333333333333333,
        "min": 0.4866666666666667,
        "all": [
            0.4866666666666667,
            0.5066666666666667,
            0.5,
            0.52,
            0.5133333333333333,
            0.5266666666666666,
            0.5333333333333333,
            0.52,
            0.5266666666666666,
            0.5066666666666667
        ]
    },
    "64": {
        "mean": 0.5093333333333334,
        "max": 0.5466666666666666,
        "min": 0.5,
        "all": [
            0.5066666666666667,
            0.5,
            0.52,
            0.5,
            0.5133333333333333,
            0.5,
            0.5,
            0.5066666666666667,
            0.5,
            0.5466666666666666
        ]
    },
    "128": {
        "mean": 0.5133333333333334,
        "max": 0.5133333333333333,
        "min": 0.5133333333333333,
        "all": [
            0.5133333333333333,
            0.5133333333333333,
            0.5133333333333333,
            0.5133333333333333,
            0.5133333333333333,
            0.5133333333333333,
            0.5133333333333333,
            0.5133333333333333,
            0.5133333333333333,
            0.5133333333333333
        ]
    }
}