{
    "1": {
        "mean": 0.4174496644295302,
        "max": 0.4563758389261745,
        "min": 0.3691275167785235,
        "all": [
            0.4228187919463087,
            0.4228187919463087,
            0.3825503355704698,
            0.436241610738255,
            0.44966442953020136,
            0.38926174496644295,
            0.42953020134228187,
            0.3691275167785235,
            0.4161073825503356,
            0.4563758389261745
        ]
    },
    "2": {
        "mean": 0.4201342281879195,
        "max": 0.4563758389261745,
        "min": 0.3422818791946309,
        "all": [
            0.4161073825503356,
            0.4161073825503356,
            0.42953020134228187,
            0.4563758389261745,
            0.4228187919463087,
            0.4429530201342282,
            0.4563758389261745,
            0.3422818791946309,
            0.40268456375838924,
            0.4161073825503356
        ]
    },
    "4": {
        "mean": 0.42617449664429524,
        "max": 0.48322147651006714,
        "min": 0.348993288590604,
        "all": [
            0.40268456375838924,
            0.48322147651006714,
            0.348993288590604,
            0.4563758389261745,
            0.4563758389261745,
            0.38926174496644295,
            0.4429530201342282,
            0.436241610738255,
            0.3959731543624161,
            0.44966442953020136
        ]
    },
    "8": {
        "mean": 0.43154362416107384,
        "max": 0.5033557046979866,
        "min": 0.3825503355704698,
        "all": [
            0.44966442953020136,
            0.42953020134228187,
            0.44966442953020136,
            0.4228187919463087,
            0.3825503355704698,
            0.4161073825503356,
            0.4228187919463087,
            0.4429530201342282,
            0.5033557046979866,
            0.3959731543624161
        ]
    },
    "16": {
        "mean": 0.4093959731543624,
        "max": 0.44966442953020136,
        "min": 0.38926174496644295,
        "all": [
            0.4161073825503356,
            0.3959731543624161,
            0.4228187919463087,
            0.38926174496644295,
            0.40939597315436244,
            0.40268456375838924,
            0.40268456375838924,
            0.40268456375838924,
            0.40268456375838924,
            0.44966442953020136
        ]
    },
    "32": {
        "mean": 0.40872483221476513,
        "max": 0.44966442953020136,
        "min": 0.3691275167785235,
        "all": [
            0.3959731543624161,
            0.4228187919463087,
            0.4161073825503356,
            0.40939597315436244,
            0.38926174496644295,
            0.44966442953020136,
            0.40939597315436244,
            0.3691275167785235,
            0.4228187919463087,
            0.40268456375838924
        ]
    },
    "64": {
        "mean": 0.4281879194630872,
        "max": 0.46308724832214765,
        "min": 0.40268456375838924,
        "all": [
            0.4228187919463087,
            0.46308724832214765,
            0.42953020134228187,
            0.42953020134228187,
            0.4161073825503356,
            0.4429530201342282,
            0.40268456375838924,
            0.40268456375838924,
            0.4228187919463087,
            0.44966442953020136
        ]
    },
    "128": {
        "mean": 0.43355704697986575,
        "max": 0.44966442953020136,
        "min": 0.40939597315436244,
        "all": [
            0.40939597315436244,
            0.42953020134228187,
            0.436241610738255,
            0.4429530201342282,
            0.4429530201342282,
            0.42953020134228187,
            0.44966442953020136,
            0.42953020134228187,
            0.42953020134228187,
            0.436241610738255
        ]
    }
}