{
    "1": {
        "mean": 0.4174496644295302,
        "max": 0.4563758389261745,
        "min": 0.3691275167785235,
        "all": [
            0.4228187919463087,
            0.4228187919463087,
            0.3825503355704698,
            0.436241610738255,
            0.44966442953020136,
            0.38926174496644295,
            0.42953020134228187,
            0.3691275167785235,
            0.4161073825503356,
            0.4563758389261745
        ]
    },
    "2": {
        "mean": 0.43020134228187923,
        "max": 0.44966442953020136,
        "min": 0.37583892617449666,
        "all": [
            0.4228187919463087,
            0.44966442953020136,
            0.44966442953020136,
            0.44966442953020136,
            0.4429530201342282,
            0.40939597315436244,
            0.4161073825503356,
            0.37583892617449666,
            0.436241610738255,
            0.44966442953020136
        ]
    },
    "4": {
        "mean": 0.42953020134228187,
        "max": 0.4966442953020134,
        "min": 0.3959731543624161,
        "all": [
            0.4228187919463087,
            0.40939597315436244,
            0.3959731543624161,
            0.3959731543624161,
            0.4429530201342282,
            0.40268456375838924,
            0.4966442953020134,
            0.44966442953020136,
            0.4429530201342282,
            0.436241610738255
        ]
    },
    "8": {
        "mean": 0.45302013422818793,
        "max": 0.4966442953020134,
        "min": 0.4161073825503356,
        "all": [
            0.44966442953020136,
            0.4161073825503356,
            0.42953020134228187,
            0.436241610738255,
            0.436241610738255,
            0.46308724832214765,
            0.4563758389261745,
            0.4899328859060403,
            0.4563758389261745,
            0.4966442953020134
        ]
    },
    "16": {
        "mean": 0.44899328859060395,
        "max": 0.48322147651006714,
        "min": 0.4228187919463087,
        "all": [
            0.42953020134228187,
            0.46308724832214765,
            0.436241610738255,
            0.4697986577181208,
            0.4228187919463087,
            0.436241610738255,
            0.4228187919463087,
            0.48322147651006714,
            0.44966442953020136,
            0.47651006711409394
        ]
    },
    "32": {
        "mean": 0.44899328859060395,
        "max": 0.4899328859060403,
        "min": 0.4228187919463087,
        "all": [
            0.42953020134228187,
            0.46308724832214765,
            0.44966442953020136,
            0.4228187919463087,
            0.4563758389261745,
            0.436241610738255,
            0.4899328859060403,
            0.436241610738255,
            0.44966442953020136,
            0.4563758389261745
        ]
    },
    "64": {
        "mean": 0.4422818791946309,
        "max": 0.4563758389261745,
        "min": 0.4228187919463087,
        "all": [
            0.44966442953020136,
            0.436241610738255,
            0.436241610738255,
            0.42953020134228187,
            0.4563758389261745,
            0.4563758389261745,
            0.44966442953020136,
            0.4228187919463087,
            0.44966442953020136,
            0.436241610738255
        ]
    },
    "128": {
        "mean": 0.4228187919463087,
        "max": 0.4228187919463087,
        "min": 0.4228187919463087,
        "all": [
            0.4228187919463087,
            0.4228187919463087,
            0.4228187919463087,
            0.4228187919463087,
            0.4228187919463087,
            0.4228187919463087,
            0.4228187919463087,
            0.4228187919463087,
            0.4228187919463087,
            0.4228187919463087
        ]
    }
}