{
    "1": {
        "mean": 0.31517241379310346,
        "max": 0.3448275862068966,
        "min": 0.2620689655172414,
        "all": [
            0.3448275862068966,
            0.2827586206896552,
            0.2689655172413793,
            0.33793103448275863,
            0.3310344827586207,
            0.2620689655172414,
            0.31724137931034485,
            0.3310344827586207,
            0.3310344827586207,
            0.3448275862068966
        ]
    },
    "2": {
        "mean": 0.3206896551724139,
        "max": 0.3586206896551724,
        "min": 0.2827586206896552,
        "all": [
            0.3586206896551724,
            0.3310344827586207,
            0.31724137931034485,
            0.2896551724137931,
            0.3448275862068966,
            0.3310344827586207,
            0.31724137931034485,
            0.2827586206896552,
            0.31724137931034485,
            0.31724137931034485
        ]
    },
    "4": {
        "mean": 0.32413793103448274,
        "max": 0.3793103448275862,
        "min": 0.27586206896551724,
        "all": [
            0.31724137931034485,
            0.32413793103448274,
            0.3793103448275862,
            0.3793103448275862,
            0.32413793103448274,
            0.27586206896551724,
            0.2896551724137931,
            0.30344827586206896,
            0.296551724137931,
            0.35172413793103446
        ]
    },
    "8": {
        "mean": 0.3075862068965517,
        "max": 0.36551724137931035,
        "min": 0.2482758620689655,
        "all": [
            0.2482758620689655,
            0.27586206896551724,
            0.36551724137931035,
            0.30344827586206896,
            0.31724137931034485,
            0.3310344827586207,
            0.32413793103448274,
            0.32413793103448274,
            0.27586206896551724,
            0.3103448275862069
        ]
    },
    "16": {
        "mean": 0.30137931034482757,
        "max": 0.33793103448275863,
        "min": 0.27586206896551724,
        "all": [
            0.2896551724137931,
            0.2896551724137931,
            0.31724137931034485,
            0.296551724137931,
            0.30344827586206896,
            0.30344827586206896,
            0.296551724137931,
            0.33793103448275863,
            0.30344827586206896,
            0.27586206896551724
        ]
    },
    "32": {
        "mean": 0.2972413793103448,
        "max": 0.3448275862068966,
        "min": 0.2620689655172414,
        "all": [
            0.3448275862068966,
            0.3103448275862069,
            0.296551724137931,
            0.30344827586206896,
            0.2620689655172414,
            0.296551724137931,
            0.296551724137931,
            0.296551724137931,
            0.2689655172413793,
            0.296551724137931
        ]
    },
    "64": {
        "mean": 0.3027586206896552,
        "max": 0.3310344827586207,
        "min": 0.25517241379310346,
        "all": [
            0.3103448275862069,
            0.2896551724137931,
            0.3310344827586207,
            0.3310344827586207,
            0.30344827586206896,
            0.32413793103448274,
            0.2827586206896552,
            0.31724137931034485,
            0.25517241379310346,
            0.2827586206896552
        ]
    },
    "128": {
        "mean": 0.296551724137931,
        "max": 0.296551724137931,
        "min": 0.296551724137931,
        "all": [
            0.296551724137931,
            0.296551724137931,
            0.296551724137931,
            0.296551724137931,
            0.296551724137931,
            0.296551724137931,
            0.296551724137931,
            0.296551724137931,
            0.296551724137931,
            0.296551724137931
        ]
    }
}