{
    "1": {
        "mean": 0.31517241379310346,
        "max": 0.3448275862068966,
        "min": 0.2620689655172414,
        "all": [
            0.3448275862068966,
            0.2827586206896552,
            0.2689655172413793,
            0.33793103448275863,
            0.3310344827586207,
            0.2620689655172414,
            0.31724137931034485,
            0.3310344827586207,
            0.3310344827586207,
            0.3448275862068966
        ]
    },
    "2": {
        "mean": 0.32206896551724135,
        "max": 0.3586206896551724,
        "min": 0.2689655172413793,
        "all": [
            0.3586206896551724,
            0.35172413793103446,
            0.31724137931034485,
            0.2689655172413793,
            0.3310344827586207,
            0.3448275862068966,
            0.30344827586206896,
            0.30344827586206896,
            0.3103448275862069,
            0.3310344827586207
        ]
    },
    "4": {
        "mean": 0.3186206896551724,
        "max": 0.36551724137931035,
        "min": 0.2689655172413793,
        "all": [
            0.3310344827586207,
            0.31724137931034485,
            0.3448275862068966,
            0.36551724137931035,
            0.31724137931034485,
            0.2689655172413793,
            0.2827586206896552,
            0.33793103448275863,
            0.3103448275862069,
            0.3103448275862069
        ]
    },
    "8": {
        "mean": 0.3117241379310345,
        "max": 0.3448275862068966,
        "min": 0.2689655172413793,
        "all": [
            0.2689655172413793,
            0.3103448275862069,
            0.3448275862068966,
            0.3310344827586207,
            0.31724137931034485,
            0.2896551724137931,
            0.3103448275862069,
            0.3310344827586207,
            0.31724137931034485,
            0.296551724137931
        ]
    },
    "16": {
        "mean": 0.3062068965517241,
        "max": 0.31724137931034485,
        "min": 0.296551724137931,
        "all": [
            0.31724137931034485,
            0.296551724137931,
            0.30344827586206896,
            0.296551724137931,
            0.31724137931034485,
            0.3103448275862069,
            0.30344827586206896,
            0.30344827586206896,
            0.3103448275862069,
            0.30344827586206896
        ]
    },
    "32": {
        "mean": 0.2924137931034483,
        "max": 0.31724137931034485,
        "min": 0.2482758620689655,
        "all": [
            0.3103448275862069,
            0.27586206896551724,
            0.2896551724137931,
            0.31724137931034485,
            0.30344827586206896,
            0.296551724137931,
            0.2896551724137931,
            0.296551724137931,
            0.2482758620689655,
            0.296551724137931
        ]
    },
    "64": {
        "mean": 0.3048275862068966,
        "max": 0.3310344827586207,
        "min": 0.2896551724137931,
        "all": [
            0.2896551724137931,
            0.2896551724137931,
            0.3310344827586207,
            0.296551724137931,
            0.296551724137931,
            0.32413793103448274,
            0.2896551724137931,
            0.3103448275862069,
            0.30344827586206896,
            0.31724137931034485
        ]
    },
    "128": {
        "mean": 0.2827586206896552,
        "max": 0.2827586206896552,
        "min": 0.2827586206896552,
        "all": [
            0.2827586206896552,
            0.2827586206896552,
            0.2827586206896552,
            0.2827586206896552,
            0.2827586206896552,
            0.2827586206896552,
            0.2827586206896552,
            0.2827586206896552,
            0.2827586206896552,
            0.2827586206896552
        ]
    }
}