{
    "1": {
        "mean": 0.4174496644295302,
        "max": 0.4563758389261745,
        "min": 0.3691275167785235,
        "all": [
            0.4228187919463087,
            0.4228187919463087,
            0.3825503355704698,
            0.436241610738255,
            0.44966442953020136,
            0.38926174496644295,
            0.42953020134228187,
            0.3691275167785235,
            0.4161073825503356,
            0.4563758389261745
        ]
    },
    "2": {
        "mean": 0.4228187919463087,
        "max": 0.4697986577181208,
        "min": 0.35570469798657717,
        "all": [
            0.4161073825503356,
            0.4228187919463087,
            0.4228187919463087,
            0.4697986577181208,
            0.4228187919463087,
            0.44966442953020136,
            0.4228187919463087,
            0.35570469798657717,
            0.4228187919463087,
            0.4228187919463087
        ]
    },
    "4": {
        "mean": 0.41073825503355704,
        "max": 0.436241610738255,
        "min": 0.38926174496644295,
        "all": [
            0.42953020134228187,
            0.40268456375838924,
            0.4161073825503356,
            0.4228187919463087,
            0.3959731543624161,
            0.38926174496644295,
            0.436241610738255,
            0.4161073825503356,
            0.38926174496644295,
            0.40939597315436244
        ]
    },
    "8": {
        "mean": 0.40604026845637586,
        "max": 0.42953020134228187,
        "min": 0.37583892617449666,
        "all": [
            0.40939597315436244,
            0.3825503355704698,
            0.37583892617449666,
            0.4228187919463087,
            0.40268456375838924,
            0.4161073825503356,
            0.40268456375838924,
            0.42953020134228187,
            0.40939597315436244,
            0.40939597315436244
        ]
    },
    "16": {
        "mean": 0.40335570469798654,
        "max": 0.42953020134228187,
        "min": 0.38926174496644295,
        "all": [
            0.42953020134228187,
            0.38926174496644295,
            0.40939597315436244,
            0.3959731543624161,
            0.3959731543624161,
            0.40939597315436244,
            0.38926174496644295,
            0.38926174496644295,
            0.4228187919463087,
            0.40268456375838924
        ]
    },
    "32": {
        "mean": 0.3832214765100671,
        "max": 0.4228187919463087,
        "min": 0.3624161073825503,
        "all": [
            0.3825503355704698,
            0.37583892617449666,
            0.37583892617449666,
            0.37583892617449666,
            0.3825503355704698,
            0.40939597315436244,
            0.3691275167785235,
            0.3624161073825503,
            0.4228187919463087,
            0.37583892617449666
        ]
    },
    "64": {
        "mean": 0.37651006711409396,
        "max": 0.3959731543624161,
        "min": 0.33557046979865773,
        "all": [
            0.38926174496644295,
            0.3624161073825503,
            0.3825503355704698,
            0.3959731543624161,
            0.37583892617449666,
            0.38926174496644295,
            0.3825503355704698,
            0.33557046979865773,
            0.3825503355704698,
            0.3691275167785235
        ]
    },
    "128": {
        "mean": 0.36241610738255037,
        "max": 0.3624161073825503,
        "min": 0.3624161073825503,
        "all": [
            0.3624161073825503,
            0.3624161073825503,
            0.3624161073825503,
            0.3624161073825503,
            0.3624161073825503,
            0.3624161073825503,
            0.3624161073825503,
            0.3624161073825503,
            0.3624161073825503,
            0.3624161073825503
        ]
    }
}