{
    "1": {
        "mean": 0.4174496644295302,
        "max": 0.4563758389261745,
        "min": 0.3691275167785235,
        "all": [
            0.4228187919463087,
            0.4228187919463087,
            0.3825503355704698,
            0.436241610738255,
            0.44966442953020136,
            0.38926174496644295,
            0.42953020134228187,
            0.3691275167785235,
            0.4161073825503356,
            0.4563758389261745
        ]
    },
    "2": {
        "mean": 0.43355704697986575,
        "max": 0.47651006711409394,
        "min": 0.35570469798657717,
        "all": [
            0.42953020134228187,
            0.42953020134228187,
            0.42953020134228187,
            0.47651006711409394,
            0.436241610738255,
            0.44966442953020136,
            0.44966442953020136,
            0.35570469798657717,
            0.436241610738255,
            0.4429530201342282
        ]
    },
    "4": {
        "mean": 0.4174496644295302,
        "max": 0.436241610738255,
        "min": 0.3825503355704698,
        "all": [
            0.436241610738255,
            0.3825503355704698,
            0.40939597315436244,
            0.4161073825503356,
            0.4228187919463087,
            0.436241610738255,
            0.42953020134228187,
            0.4161073825503356,
            0.40268456375838924,
            0.4228187919463087
        ]
    },
    "8": {
        "mean": 0.42348993288590603,
        "max": 0.4429530201342282,
        "min": 0.40268456375838924,
        "all": [
            0.436241610738255,
            0.40268456375838924,
            0.40268456375838924,
            0.4228187919463087,
            0.436241610738255,
            0.4429530201342282,
            0.4228187919463087,
            0.42953020134228187,
            0.40939597315436244,
            0.42953020134228187
        ]
    },
    "16": {
        "mean": 0.4161073825503355,
        "max": 0.436241610738255,
        "min": 0.40268456375838924,
        "all": [
            0.42953020134228187,
            0.4161073825503356,
            0.436241610738255,
            0.40939597315436244,
            0.4228187919463087,
            0.40268456375838924,
            0.4228187919463087,
            0.40939597315436244,
            0.40939597315436244,
            0.40268456375838924
        ]
    },
    "32": {
        "mean": 0.3966442953020134,
        "max": 0.40939597315436244,
        "min": 0.37583892617449666,
        "all": [
            0.3825503355704698,
            0.38926174496644295,
            0.38926174496644295,
            0.3959731543624161,
            0.37583892617449666,
            0.40939597315436244,
            0.40939597315436244,
            0.40268456375838924,
            0.40939597315436244,
            0.40268456375838924
        ]
    },
    "64": {
        "mean": 0.3885906040268457,
        "max": 0.40939597315436244,
        "min": 0.35570469798657717,
        "all": [
            0.37583892617449666,
            0.38926174496644295,
            0.40939597315436244,
            0.37583892617449666,
            0.3959731543624161,
            0.3959731543624161,
            0.40268456375838924,
            0.3959731543624161,
            0.35570469798657717,
            0.38926174496644295
        ]
    },
    "128": {
        "mean": 0.3825503355704698,
        "max": 0.3825503355704698,
        "min": 0.3825503355704698,
        "all": [
            0.3825503355704698,
            0.3825503355704698,
            0.3825503355704698,
            0.3825503355704698,
            0.3825503355704698,
            0.3825503355704698,
            0.3825503355704698,
            0.3825503355704698,
            0.3825503355704698,
            0.3825503355704698
        ]
    }
}