{
    "1": {
        "mean": 0.4326666666666667,
        "max": 0.4866666666666667,
        "min": 0.36666666666666664,
        "all": [
            0.43333333333333335,
            0.42,
            0.47333333333333333,
            0.36666666666666664,
            0.44,
            0.4866666666666667,
            0.38,
            0.41333333333333333,
            0.4666666666666667,
            0.44666666666666666
        ]
    },
    "2": {
        "mean": 0.5093333333333334,
        "max": 0.54,
        "min": 0.47333333333333333,
        "all": [
            0.5333333333333333,
            0.5133333333333333,
            0.5266666666666666,
            0.54,
            0.5,
            0.49333333333333335,
            0.5266666666666666,
            0.47333333333333333,
            0.5066666666666667,
            0.48
        ]
    },
    "4": {
        "mean": 0.5406666666666666,
        "max": 0.6,
        "min": 0.48,
        "all": [
            0.5066666666666667,
            0.52,
            0.5266666666666666,
            0.54,
            0.58,
            0.58,
            0.5466666666666666,
            0.5266666666666666,
            0.6,
            0.48
        ]
    },
    "8": {
        "mean": 0.5660000000000001,
        "max": 0.6133333333333333,
        "min": 0.5133333333333333,
        "all": [
            0.5666666666666667,
            0.5666666666666667,
            0.5133333333333333,
            0.5133333333333333,
            0.5933333333333334,
            0.56,
            0.6133333333333333,
            0.5866666666666667,
            0.58,
            0.5666666666666667
        ]
    },
    "16": {
        "mean": 0.5606666666666666,
        "max": 0.6,
        "min": 0.52,
        "all": [
            0.5466666666666666,
            0.52,
            0.5866666666666667,
            0.5466666666666666,
            0.5733333333333334,
            0.58,
            0.54,
            0.5733333333333334,
            0.54,
            0.6
        ]
    },
    "32": {
        "mean": 0.5713333333333334,
        "max": 0.5933333333333334,
        "min": 0.5466666666666666,
        "all": [
            0.58,
            0.5933333333333334,
            0.58,
            0.5933333333333334,
            0.58,
            0.56,
            0.5666666666666667,
            0.5466666666666666,
            0.56,
            0.5533333333333333
        ]
    },
    "64": {
        "mean": 0.5539999999999999,
        "max": 0.56,
        "min": 0.54,
        "all": [
            0.5533333333333333,
            0.56,
            0.5466666666666666,
            0.56,
            0.56,
            0.56,
            0.56,
            0.54,
            0.54,
            0.56
        ]
    },
    "128": {
        "mean": 0.5333333333333333,
        "max": 0.5333333333333333,
        "min": 0.5333333333333333,
        "all": [
            0.5333333333333333,
            0.5333333333333333,
            0.5333333333333333,
            0.5333333333333333,
            0.5333333333333333,
            0.5333333333333333,
            0.5333333333333333,
            0.5333333333333333,
            0.5333333333333333,
            0.5333333333333333
        ]
    }
}