{
    "1": {
        "mean": 0.31517241379310346,
        "max": 0.3448275862068966,
        "min": 0.2620689655172414,
        "all": [
            0.3448275862068966,
            0.2827586206896552,
            0.2689655172413793,
            0.33793103448275863,
            0.3310344827586207,
            0.2620689655172414,
            0.31724137931034485,
            0.3310344827586207,
            0.3310344827586207,
            0.3448275862068966
        ]
    },
    "2": {
        "mean": 0.356551724137931,
        "max": 0.3931034482758621,
        "min": 0.2896551724137931,
        "all": [
            0.3586206896551724,
            0.3793103448275862,
            0.3586206896551724,
            0.3310344827586207,
            0.3931034482758621,
            0.3448275862068966,
            0.3586206896551724,
            0.2896551724137931,
            0.3931034482758621,
            0.3586206896551724
        ]
    },
    "4": {
        "mean": 0.3544827586206897,
        "max": 0.38620689655172413,
        "min": 0.33793103448275863,
        "all": [
            0.35172413793103446,
            0.3793103448275862,
            0.3586206896551724,
            0.38620689655172413,
            0.33793103448275863,
            0.3448275862068966,
            0.35172413793103446,
            0.33793103448275863,
            0.33793103448275863,
            0.3586206896551724
        ]
    },
    "8": {
        "mean": 0.3524137931034483,
        "max": 0.3931034482758621,
        "min": 0.31724137931034485,
        "all": [
            0.3310344827586207,
            0.33793103448275863,
            0.3931034482758621,
            0.31724137931034485,
            0.38620689655172413,
            0.3586206896551724,
            0.33793103448275863,
            0.3793103448275862,
            0.36551724137931035,
            0.31724137931034485
        ]
    },
    "16": {
        "mean": 0.36137931034482756,
        "max": 0.3931034482758621,
        "min": 0.3103448275862069,
        "all": [
            0.36551724137931035,
            0.3931034482758621,
            0.38620689655172413,
            0.3724137931034483,
            0.3586206896551724,
            0.36551724137931035,
            0.35172413793103446,
            0.33793103448275863,
            0.3103448275862069,
            0.3724137931034483
        ]
    },
    "32": {
        "mean": 0.3703448275862069,
        "max": 0.38620689655172413,
        "min": 0.3448275862068966,
        "all": [
            0.3793103448275862,
            0.3724137931034483,
            0.3448275862068966,
            0.3586206896551724,
            0.38620689655172413,
            0.3724137931034483,
            0.36551724137931035,
            0.36551724137931035,
            0.3793103448275862,
            0.3793103448275862
        ]
    },
    "64": {
        "mean": 0.37655172413793103,
        "max": 0.38620689655172413,
        "min": 0.3724137931034483,
        "all": [
            0.3724137931034483,
            0.3793103448275862,
            0.3724137931034483,
            0.3724137931034483,
            0.3793103448275862,
            0.3724137931034483,
            0.3793103448275862,
            0.3724137931034483,
            0.3793103448275862,
            0.38620689655172413
        ]
    },
    "128": {
        "mean": 0.37241379310344824,
        "max": 0.3724137931034483,
        "min": 0.3724137931034483,
        "all": [
            0.3724137931034483,
            0.3724137931034483,
            0.3724137931034483,
            0.3724137931034483,
            0.3724137931034483,
            0.3724137931034483,
            0.3724137931034483,
            0.3724137931034483,
            0.3724137931034483,
            0.3724137931034483
        ]
    }
}