{
    "1": {
        "mean": 0.4174496644295302,
        "max": 0.4563758389261745,
        "min": 0.3691275167785235,
        "all": [
            0.4228187919463087,
            0.4228187919463087,
            0.3825503355704698,
            0.436241610738255,
            0.44966442953020136,
            0.38926174496644295,
            0.42953020134228187,
            0.3691275167785235,
            0.4161073825503356,
            0.4563758389261745
        ]
    },
    "2": {
        "mean": 0.41543624161073833,
        "max": 0.4697986577181208,
        "min": 0.33557046979865773,
        "all": [
            0.40268456375838924,
            0.4161073825503356,
            0.3959731543624161,
            0.4697986577181208,
            0.4161073825503356,
            0.42953020134228187,
            0.44966442953020136,
            0.33557046979865773,
            0.4228187919463087,
            0.4161073825503356
        ]
    },
    "4": {
        "mean": 0.42953020134228187,
        "max": 0.46308724832214765,
        "min": 0.3959731543624161,
        "all": [
            0.436241610738255,
            0.4429530201342282,
            0.3959731543624161,
            0.4429530201342282,
            0.40268456375838924,
            0.4161073825503356,
            0.46308724832214765,
            0.44966442953020136,
            0.40939597315436244,
            0.436241610738255
        ]
    },
    "8": {
        "mean": 0.4308724832214764,
        "max": 0.47651006711409394,
        "min": 0.40939597315436244,
        "all": [
            0.40939597315436244,
            0.42953020134228187,
            0.4228187919463087,
            0.47651006711409394,
            0.40939597315436244,
            0.42953020134228187,
            0.42953020134228187,
            0.4563758389261745,
            0.42953020134228187,
            0.4161073825503356
        ]
    },
    "16": {
        "mean": 0.42348993288590603,
        "max": 0.4563758389261745,
        "min": 0.3959731543624161,
        "all": [
            0.4228187919463087,
            0.436241610738255,
            0.436241610738255,
            0.3959731543624161,
            0.4228187919463087,
            0.4563758389261745,
            0.40939597315436244,
            0.4161073825503356,
            0.4429530201342282,
            0.3959731543624161
        ]
    },
    "32": {
        "mean": 0.4208053691275168,
        "max": 0.44966442953020136,
        "min": 0.3691275167785235,
        "all": [
            0.40939597315436244,
            0.4161073825503356,
            0.44966442953020136,
            0.4429530201342282,
            0.3691275167785235,
            0.436241610738255,
            0.3959731543624161,
            0.38926174496644295,
            0.44966442953020136,
            0.44966442953020136
        ]
    },
    "64": {
        "mean": 0.40805369127516783,
        "max": 0.436241610738255,
        "min": 0.3624161073825503,
        "all": [
            0.4228187919463087,
            0.40268456375838924,
            0.436241610738255,
            0.38926174496644295,
            0.4161073825503356,
            0.42953020134228187,
            0.40939597315436244,
            0.3624161073825503,
            0.4161073825503356,
            0.3959731543624161
        ]
    },
    "128": {
        "mean": 0.38926174496644295,
        "max": 0.38926174496644295,
        "min": 0.38926174496644295,
        "all": [
            0.38926174496644295,
            0.38926174496644295,
            0.38926174496644295,
            0.38926174496644295,
            0.38926174496644295,
            0.38926174496644295,
            0.38926174496644295,
            0.38926174496644295,
            0.38926174496644295,
            0.38926174496644295
        ]
    }
}