{
    "1": {
        "mean": 0.31517241379310346,
        "max": 0.3448275862068966,
        "min": 0.2620689655172414,
        "all": [
            0.3448275862068966,
            0.2827586206896552,
            0.2689655172413793,
            0.33793103448275863,
            0.3310344827586207,
            0.2620689655172414,
            0.31724137931034485,
            0.3310344827586207,
            0.3310344827586207,
            0.3448275862068966
        ]
    },
    "2": {
        "mean": 0.3641379310344828,
        "max": 0.4,
        "min": 0.32413793103448274,
        "all": [
            0.36551724137931035,
            0.3448275862068966,
            0.4,
            0.33793103448275863,
            0.33793103448275863,
            0.38620689655172413,
            0.4,
            0.32413793103448274,
            0.4,
            0.3448275862068966
        ]
    },
    "4": {
        "mean": 0.4,
        "max": 0.42758620689655175,
        "min": 0.3793103448275862,
        "all": [
            0.38620689655172413,
            0.4068965517241379,
            0.41379310344827586,
            0.42758620689655175,
            0.4,
            0.3793103448275862,
            0.3793103448275862,
            0.3931034482758621,
            0.3931034482758621,
            0.4206896551724138
        ]
    },
    "8": {
        "mean": 0.42827586206896545,
        "max": 0.4413793103448276,
        "min": 0.38620689655172413,
        "all": [
            0.38620689655172413,
            0.4413793103448276,
            0.4413793103448276,
            0.42758620689655175,
            0.42758620689655175,
            0.4413793103448276,
            0.42758620689655175,
            0.4413793103448276,
            0.41379310344827586,
            0.43448275862068964
        ]
    },
    "16": {
        "mean": 0.43724137931034485,
        "max": 0.4689655172413793,
        "min": 0.3931034482758621,
        "all": [
            0.4413793103448276,
            0.4482758620689655,
            0.42758620689655175,
            0.4689655172413793,
            0.3931034482758621,
            0.4206896551724138,
            0.4413793103448276,
            0.4413793103448276,
            0.4689655172413793,
            0.4206896551724138
        ]
    },
    "32": {
        "mean": 0.4613793103448276,
        "max": 0.503448275862069,
        "min": 0.4413793103448276,
        "all": [
            0.4482758620689655,
            0.45517241379310347,
            0.4413793103448276,
            0.4896551724137931,
            0.4413793103448276,
            0.4482758620689655,
            0.4689655172413793,
            0.503448275862069,
            0.4482758620689655,
            0.4689655172413793
        ]
    },
    "64": {
        "mean": 0.4544827586206897,
        "max": 0.4689655172413793,
        "min": 0.43448275862068964,
        "all": [
            0.45517241379310347,
            0.4689655172413793,
            0.46206896551724136,
            0.43448275862068964,
            0.4689655172413793,
            0.45517241379310347,
            0.4413793103448276,
            0.4482758620689655,
            0.46206896551724136,
            0.4482758620689655
        ]
    },
    "128": {
        "mean": 0.48965517241379314,
        "max": 0.4896551724137931,
        "min": 0.4896551724137931,
        "all": [
            0.4896551724137931,
            0.4896551724137931,
            0.4896551724137931,
            0.4896551724137931,
            0.4896551724137931,
            0.4896551724137931,
            0.4896551724137931,
            0.4896551724137931,
            0.4896551724137931,
            0.4896551724137931
        ]
    }
}