{
    "1": {
        "mean": 0.31517241379310346,
        "max": 0.3448275862068966,
        "min": 0.2620689655172414,
        "all": [
            0.3448275862068966,
            0.2827586206896552,
            0.2689655172413793,
            0.33793103448275863,
            0.3310344827586207,
            0.2620689655172414,
            0.31724137931034485,
            0.3310344827586207,
            0.3310344827586207,
            0.3448275862068966
        ]
    },
    "2": {
        "mean": 0.3689655172413793,
        "max": 0.4068965517241379,
        "min": 0.32413793103448274,
        "all": [
            0.35172413793103446,
            0.3724137931034483,
            0.3931034482758621,
            0.3586206896551724,
            0.36551724137931035,
            0.3793103448275862,
            0.3724137931034483,
            0.32413793103448274,
            0.4068965517241379,
            0.36551724137931035
        ]
    },
    "4": {
        "mean": 0.40965517241379307,
        "max": 0.46206896551724136,
        "min": 0.3724137931034483,
        "all": [
            0.4,
            0.38620689655172413,
            0.41379310344827586,
            0.4482758620689655,
            0.41379310344827586,
            0.38620689655172413,
            0.3724137931034483,
            0.41379310344827586,
            0.4,
            0.46206896551724136
        ]
    },
    "8": {
        "mean": 0.4241379310344827,
        "max": 0.4482758620689655,
        "min": 0.3931034482758621,
        "all": [
            0.3931034482758621,
            0.4206896551724138,
            0.4413793103448276,
            0.4206896551724138,
            0.43448275862068964,
            0.4068965517241379,
            0.4206896551724138,
            0.4482758620689655,
            0.4482758620689655,
            0.4068965517241379
        ]
    },
    "16": {
        "mean": 0.4344827586206897,
        "max": 0.46206896551724136,
        "min": 0.4,
        "all": [
            0.42758620689655175,
            0.46206896551724136,
            0.43448275862068964,
            0.45517241379310347,
            0.4,
            0.4,
            0.41379310344827586,
            0.4482758620689655,
            0.45517241379310347,
            0.4482758620689655
        ]
    },
    "32": {
        "mean": 0.43517241379310345,
        "max": 0.46206896551724136,
        "min": 0.4068965517241379,
        "all": [
            0.4413793103448276,
            0.43448275862068964,
            0.4206896551724138,
            0.4482758620689655,
            0.4413793103448276,
            0.4068965517241379,
            0.4413793103448276,
            0.43448275862068964,
            0.4206896551724138,
            0.46206896551724136
        ]
    },
    "64": {
        "mean": 0.4296551724137931,
        "max": 0.46206896551724136,
        "min": 0.3793103448275862,
        "all": [
            0.42758620689655175,
            0.4413793103448276,
            0.4413793103448276,
            0.46206896551724136,
            0.45517241379310347,
            0.42758620689655175,
            0.4482758620689655,
            0.3793103448275862,
            0.38620689655172413,
            0.42758620689655175
        ]
    },
    "128": {
        "mean": 0.46206896551724136,
        "max": 0.46206896551724136,
        "min": 0.46206896551724136,
        "all": [
            0.46206896551724136,
            0.46206896551724136,
            0.46206896551724136,
            0.46206896551724136,
            0.46206896551724136,
            0.46206896551724136,
            0.46206896551724136,
            0.46206896551724136,
            0.46206896551724136,
            0.46206896551724136
        ]
    }
}