{
    "1": {
        "mean": 0.31517241379310346,
        "max": 0.3448275862068966,
        "min": 0.2620689655172414,
        "all": [
            0.3448275862068966,
            0.2827586206896552,
            0.2689655172413793,
            0.33793103448275863,
            0.3310344827586207,
            0.2620689655172414,
            0.31724137931034485,
            0.3310344827586207,
            0.3310344827586207,
            0.3448275862068966
        ]
    },
    "2": {
        "mean": 0.376551724137931,
        "max": 0.4068965517241379,
        "min": 0.33793103448275863,
        "all": [
            0.36551724137931035,
            0.38620689655172413,
            0.3931034482758621,
            0.36551724137931035,
            0.3724137931034483,
            0.3793103448275862,
            0.38620689655172413,
            0.33793103448275863,
            0.4068965517241379,
            0.3724137931034483
        ]
    },
    "4": {
        "mean": 0.4048275862068966,
        "max": 0.43448275862068964,
        "min": 0.36551724137931035,
        "all": [
            0.3793103448275862,
            0.41379310344827586,
            0.4206896551724138,
            0.42758620689655175,
            0.3931034482758621,
            0.4,
            0.36551724137931035,
            0.4206896551724138,
            0.3931034482758621,
            0.43448275862068964
        ]
    },
    "8": {
        "mean": 0.4358620689655172,
        "max": 0.46206896551724136,
        "min": 0.4068965517241379,
        "all": [
            0.42758620689655175,
            0.41379310344827586,
            0.4413793103448276,
            0.45517241379310347,
            0.4413793103448276,
            0.4482758620689655,
            0.4068965517241379,
            0.46206896551724136,
            0.4482758620689655,
            0.41379310344827586
        ]
    },
    "16": {
        "mean": 0.45586206896551723,
        "max": 0.47586206896551725,
        "min": 0.43448275862068964,
        "all": [
            0.45517241379310347,
            0.46206896551724136,
            0.4689655172413793,
            0.43448275862068964,
            0.43448275862068964,
            0.4413793103448276,
            0.46206896551724136,
            0.45517241379310347,
            0.4689655172413793,
            0.47586206896551725
        ]
    },
    "32": {
        "mean": 0.4572413793103448,
        "max": 0.4827586206896552,
        "min": 0.4206896551724138,
        "all": [
            0.46206896551724136,
            0.4206896551724138,
            0.46206896551724136,
            0.4482758620689655,
            0.4482758620689655,
            0.4482758620689655,
            0.4689655172413793,
            0.4827586206896552,
            0.4482758620689655,
            0.4827586206896552
        ]
    },
    "64": {
        "mean": 0.4551724137931036,
        "max": 0.4689655172413793,
        "min": 0.4413793103448276,
        "all": [
            0.46206896551724136,
            0.4482758620689655,
            0.45517241379310347,
            0.4482758620689655,
            0.4689655172413793,
            0.46206896551724136,
            0.4413793103448276,
            0.4482758620689655,
            0.45517241379310347,
            0.46206896551724136
        ]
    },
    "128": {
        "mean": 0.47586206896551725,
        "max": 0.47586206896551725,
        "min": 0.47586206896551725,
        "all": [
            0.47586206896551725,
            0.47586206896551725,
            0.47586206896551725,
            0.47586206896551725,
            0.47586206896551725,
            0.47586206896551725,
            0.47586206896551725,
            0.47586206896551725,
            0.47586206896551725,
            0.47586206896551725
        ]
    }
}