{
    "1": {
        "mean": 0.5864285714285713,
        "max": 0.6071428571428571,
        "min": 0.5642857142857143,
        "all": [
            0.5714285714285714,
            0.5785714285714286,
            0.6,
            0.5928571428571429,
            0.5928571428571429,
            0.6,
            0.6071428571428571,
            0.5642857142857143,
            0.5928571428571429,
            0.5642857142857143
        ]
    },
    "2": {
        "mean": 0.575,
        "max": 0.6285714285714286,
        "min": 0.5357142857142857,
        "all": [
            0.6285714285714286,
            0.5428571428571428,
            0.6142857142857143,
            0.55,
            0.5857142857142857,
            0.5928571428571429,
            0.5714285714285714,
            0.5357142857142857,
            0.5642857142857143,
            0.5642857142857143
        ]
    },
    "4": {
        "mean": 0.5907142857142855,
        "max": 0.6214285714285714,
        "min": 0.5571428571428572,
        "all": [
            0.5857142857142857,
            0.5928571428571429,
            0.5785714285714286,
            0.6,
            0.5571428571428572,
            0.6214285714285714,
            0.6071428571428571,
            0.5714285714285714,
            0.5857142857142857,
            0.6071428571428571
        ]
    },
    "8": {
        "mean": 0.5878571428571429,
        "max": 0.6357142857142857,
        "min": 0.5714285714285714,
        "all": [
            0.5928571428571429,
            0.5857142857142857,
            0.5714285714285714,
            0.5928571428571429,
            0.5928571428571429,
            0.6357142857142857,
            0.5714285714285714,
            0.5785714285714286,
            0.5714285714285714,
            0.5857142857142857
        ]
    },
    "16": {
        "mean": 0.5799999999999998,
        "max": 0.6071428571428571,
        "min": 0.5571428571428572,
        "all": [
            0.5714285714285714,
            0.6071428571428571,
            0.5714285714285714,
            0.5928571428571429,
            0.5714285714285714,
            0.5928571428571429,
            0.5857142857142857,
            0.5714285714285714,
            0.5571428571428572,
            0.5785714285714286
        ]
    },
    "32": {
        "mean": 0.5757142857142856,
        "max": 0.6,
        "min": 0.5357142857142857,
        "all": [
            0.5785714285714286,
            0.5714285714285714,
            0.5357142857142857,
            0.6,
            0.5857142857142857,
            0.6,
            0.55,
            0.5785714285714286,
            0.5857142857142857,
            0.5714285714285714
        ]
    },
    "64": {
        "mean": 0.5735714285714285,
        "max": 0.6,
        "min": 0.5357142857142857,
        "all": [
            0.6,
            0.5785714285714286,
            0.5642857142857143,
            0.5785714285714286,
            0.5642857142857143,
            0.5857142857142857,
            0.5714285714285714,
            0.5714285714285714,
            0.5357142857142857,
            0.5857142857142857
        ]
    },
    "128": {
        "mean": 0.5785714285714285,
        "max": 0.5785714285714286,
        "min": 0.5785714285714286,
        "all": [
            0.5785714285714286,
            0.5785714285714286,
            0.5785714285714286,
            0.5785714285714286,
            0.5785714285714286,
            0.5785714285714286,
            0.5785714285714286,
            0.5785714285714286,
            0.5785714285714286,
            0.5785714285714286
        ]
    }
}