{
    "1": {
        "mean": 0.5864285714285713,
        "max": 0.6071428571428571,
        "min": 0.5642857142857143,
        "all": [
            0.5714285714285714,
            0.5785714285714286,
            0.6,
            0.5928571428571429,
            0.5928571428571429,
            0.6,
            0.6071428571428571,
            0.5642857142857143,
            0.5928571428571429,
            0.5642857142857143
        ]
    },
    "2": {
        "mean": 0.5778571428571427,
        "max": 0.6428571428571429,
        "min": 0.5357142857142857,
        "all": [
            0.6428571428571429,
            0.5357142857142857,
            0.5714285714285714,
            0.5571428571428572,
            0.6,
            0.6071428571428571,
            0.5785714285714286,
            0.5571428571428572,
            0.5642857142857143,
            0.5642857142857143
        ]
    },
    "4": {
        "mean": 0.5885714285714285,
        "max": 0.6142857142857143,
        "min": 0.5642857142857143,
        "all": [
            0.5785714285714286,
            0.5785714285714286,
            0.5857142857142857,
            0.5785714285714286,
            0.5928571428571429,
            0.5928571428571429,
            0.6142857142857143,
            0.5642857142857143,
            0.6,
            0.6
        ]
    },
    "8": {
        "mean": 0.5957142857142856,
        "max": 0.6142857142857143,
        "min": 0.5642857142857143,
        "all": [
            0.5642857142857143,
            0.6,
            0.5928571428571429,
            0.6,
            0.6,
            0.6142857142857143,
            0.6,
            0.5857142857142857,
            0.6071428571428571,
            0.5928571428571429
        ]
    },
    "16": {
        "mean": 0.592142857142857,
        "max": 0.6142857142857143,
        "min": 0.5357142857142857,
        "all": [
            0.6,
            0.6142857142857143,
            0.5357142857142857,
            0.6071428571428571,
            0.5642857142857143,
            0.6071428571428571,
            0.6071428571428571,
            0.6071428571428571,
            0.5857142857142857,
            0.5928571428571429
        ]
    },
    "32": {
        "mean": 0.575,
        "max": 0.6,
        "min": 0.5571428571428572,
        "all": [
            0.5714285714285714,
            0.5642857142857143,
            0.5857142857142857,
            0.6,
            0.5571428571428572,
            0.5642857142857143,
            0.5785714285714286,
            0.5714285714285714,
            0.5785714285714286,
            0.5785714285714286
        ]
    },
    "64": {
        "mean": 0.5857142857142856,
        "max": 0.6,
        "min": 0.5571428571428572,
        "all": [
            0.5857142857142857,
            0.5785714285714286,
            0.6,
            0.5785714285714286,
            0.5857142857142857,
            0.5785714285714286,
            0.6,
            0.6,
            0.5571428571428572,
            0.5928571428571429
        ]
    },
    "128": {
        "mean": 0.5785714285714285,
        "max": 0.5785714285714286,
        "min": 0.5785714285714286,
        "all": [
            0.5785714285714286,
            0.5785714285714286,
            0.5785714285714286,
            0.5785714285714286,
            0.5785714285714286,
            0.5785714285714286,
            0.5785714285714286,
            0.5785714285714286,
            0.5785714285714286,
            0.5785714285714286
        ]
    }
}