{
    "1": {
        "mean": 0.5864285714285713,
        "max": 0.6071428571428571,
        "min": 0.5642857142857143,
        "all": [
            0.5714285714285714,
            0.5785714285714286,
            0.6,
            0.5928571428571429,
            0.5928571428571429,
            0.6,
            0.6071428571428571,
            0.5642857142857143,
            0.5928571428571429,
            0.5642857142857143
        ]
    },
    "2": {
        "mean": 0.5764285714285713,
        "max": 0.6357142857142857,
        "min": 0.5071428571428571,
        "all": [
            0.6357142857142857,
            0.5071428571428571,
            0.5928571428571429,
            0.5642857142857143,
            0.6357142857142857,
            0.6,
            0.5642857142857143,
            0.5571428571428572,
            0.5642857142857143,
            0.5428571428571428
        ]
    },
    "4": {
        "mean": 0.5814285714285713,
        "max": 0.6,
        "min": 0.5642857142857143,
        "all": [
            0.5785714285714286,
            0.5857142857142857,
            0.5714285714285714,
            0.5642857142857143,
            0.5714285714285714,
            0.5857142857142857,
            0.5928571428571429,
            0.5857142857142857,
            0.6,
            0.5785714285714286
        ]
    },
    "8": {
        "mean": 0.5835714285714284,
        "max": 0.6214285714285714,
        "min": 0.5571428571428572,
        "all": [
            0.5857142857142857,
            0.5785714285714286,
            0.5571428571428572,
            0.5571428571428572,
            0.5642857142857143,
            0.6214285714285714,
            0.5714285714285714,
            0.5928571428571429,
            0.6,
            0.6071428571428571
        ]
    },
    "16": {
        "mean": 0.5849999999999999,
        "max": 0.6142857142857143,
        "min": 0.5642857142857143,
        "all": [
            0.5714285714285714,
            0.6071428571428571,
            0.5642857142857143,
            0.6142857142857143,
            0.5785714285714286,
            0.5785714285714286,
            0.5714285714285714,
            0.5928571428571429,
            0.5714285714285714,
            0.6
        ]
    },
    "32": {
        "mean": 0.5885714285714285,
        "max": 0.6142857142857143,
        "min": 0.5714285714285714,
        "all": [
            0.5785714285714286,
            0.5714285714285714,
            0.6,
            0.5714285714285714,
            0.5857142857142857,
            0.5928571428571429,
            0.6,
            0.5928571428571429,
            0.6142857142857143,
            0.5785714285714286
        ]
    },
    "64": {
        "mean": 0.5799999999999998,
        "max": 0.5928571428571429,
        "min": 0.5571428571428572,
        "all": [
            0.5785714285714286,
            0.5928571428571429,
            0.5714285714285714,
            0.5714285714285714,
            0.5928571428571429,
            0.5642857142857143,
            0.5857142857142857,
            0.5928571428571429,
            0.5571428571428572,
            0.5928571428571429
        ]
    },
    "128": {
        "mean": 0.5714285714285714,
        "max": 0.5714285714285714,
        "min": 0.5714285714285714,
        "all": [
            0.5714285714285714,
            0.5714285714285714,
            0.5714285714285714,
            0.5714285714285714,
            0.5714285714285714,
            0.5714285714285714,
            0.5714285714285714,
            0.5714285714285714,
            0.5714285714285714,
            0.5714285714285714
        ]
    }
}