{
    "1": {
        "mean": 0.5780000000000001,
        "max": 0.6066666666666667,
        "min": 0.54,
        "all": [
            0.56,
            0.5866666666666667,
            0.5733333333333334,
            0.58,
            0.54,
            0.56,
            0.5933333333333334,
            0.5933333333333334,
            0.5866666666666667,
            0.6066666666666667
        ]
    },
    "2": {
        "mean": 0.6266666666666666,
        "max": 0.6533333333333333,
        "min": 0.5933333333333334,
        "all": [
            0.6333333333333333,
            0.5933333333333334,
            0.6066666666666667,
            0.6533333333333333,
            0.6466666666666666,
            0.6266666666666667,
            0.62,
            0.6266666666666667,
            0.6333333333333333,
            0.6266666666666667
        ]
    },
    "4": {
        "mean": 0.6246666666666667,
        "max": 0.66,
        "min": 0.5866666666666667,
        "all": [
            0.6333333333333333,
            0.6066666666666667,
            0.6466666666666666,
            0.62,
            0.64,
            0.6066666666666667,
            0.6266666666666667,
            0.62,
            0.66,
            0.5866666666666667
        ]
    },
    "8": {
        "mean": 0.6559999999999999,
        "max": 0.7066666666666667,
        "min": 0.6266666666666667,
        "all": [
            0.6666666666666666,
            0.6533333333333333,
            0.6533333333333333,
            0.66,
            0.64,
            0.64,
            0.7066666666666667,
            0.66,
            0.6533333333333333,
            0.6266666666666667
        ]
    },
    "16": {
        "mean": 0.664,
        "max": 0.6866666666666666,
        "min": 0.6266666666666667,
        "all": [
            0.6666666666666666,
            0.6866666666666666,
            0.6666666666666666,
            0.6266666666666667,
            0.68,
            0.6533333333333333,
            0.6666666666666666,
            0.66,
            0.6733333333333333,
            0.66
        ]
    },
    "32": {
        "mean": 0.6759999999999999,
        "max": 0.6933333333333334,
        "min": 0.6533333333333333,
        "all": [
            0.6866666666666666,
            0.6933333333333334,
            0.6866666666666666,
            0.6933333333333334,
            0.6733333333333333,
            0.6533333333333333,
            0.6533333333333333,
            0.6666666666666666,
            0.68,
            0.6733333333333333
        ]
    },
    "64": {
        "mean": 0.6873333333333334,
        "max": 0.7133333333333334,
        "min": 0.66,
        "all": [
            0.6866666666666666,
            0.7133333333333334,
            0.7066666666666667,
            0.6666666666666666,
            0.6733333333333333,
            0.6866666666666666,
            0.68,
            0.7133333333333334,
            0.6866666666666666,
            0.66
        ]
    },
    "128": {
        "mean": 0.6666666666666667,
        "max": 0.6666666666666666,
        "min": 0.6666666666666666,
        "all": [
            0.6666666666666666,
            0.6666666666666666,
            0.6666666666666666,
            0.6666666666666666,
            0.6666666666666666,
            0.6666666666666666,
            0.6666666666666666,
            0.6666666666666666,
            0.6666666666666666,
            0.6666666666666666
        ]
    }
}