{
    "1": {
        "mean": 0.5780000000000001,
        "max": 0.6066666666666667,
        "min": 0.54,
        "all": [
            0.56,
            0.5866666666666667,
            0.5733333333333334,
            0.58,
            0.54,
            0.56,
            0.5933333333333334,
            0.5933333333333334,
            0.5866666666666667,
            0.6066666666666667
        ]
    },
    "2": {
        "mean": 0.6226666666666667,
        "max": 0.6466666666666666,
        "min": 0.6,
        "all": [
            0.6266666666666667,
            0.6,
            0.6,
            0.6333333333333333,
            0.6466666666666666,
            0.62,
            0.62,
            0.6266666666666667,
            0.62,
            0.6333333333333333
        ]
    },
    "4": {
        "mean": 0.626,
        "max": 0.6466666666666666,
        "min": 0.6,
        "all": [
            0.6333333333333333,
            0.6,
            0.6333333333333333,
            0.6333333333333333,
            0.62,
            0.6133333333333333,
            0.6466666666666666,
            0.6333333333333333,
            0.6466666666666666,
            0.6
        ]
    },
    "8": {
        "mean": 0.642,
        "max": 0.66,
        "min": 0.6266666666666667,
        "all": [
            0.6466666666666666,
            0.6466666666666666,
            0.6333333333333333,
            0.6333333333333333,
            0.6333333333333333,
            0.6466666666666666,
            0.66,
            0.66,
            0.6333333333333333,
            0.6266666666666667
        ]
    },
    "16": {
        "mean": 0.6659999999999999,
        "max": 0.6933333333333334,
        "min": 0.6466666666666666,
        "all": [
            0.6533333333333333,
            0.6666666666666666,
            0.6466666666666666,
            0.6666666666666666,
            0.68,
            0.6466666666666666,
            0.66,
            0.6933333333333334,
            0.6666666666666666,
            0.68
        ]
    },
    "32": {
        "mean": 0.6753333333333332,
        "max": 0.6933333333333334,
        "min": 0.66,
        "all": [
            0.68,
            0.6733333333333333,
            0.66,
            0.68,
            0.6666666666666666,
            0.6733333333333333,
            0.6933333333333334,
            0.6666666666666666,
            0.68,
            0.68
        ]
    },
    "64": {
        "mean": 0.6719999999999999,
        "max": 0.6933333333333334,
        "min": 0.6533333333333333,
        "all": [
            0.6933333333333334,
            0.68,
            0.6666666666666666,
            0.66,
            0.6866666666666666,
            0.6733333333333333,
            0.66,
            0.6733333333333333,
            0.6733333333333333,
            0.6533333333333333
        ]
    },
    "128": {
        "mean": 0.6666666666666667,
        "max": 0.6666666666666666,
        "min": 0.6666666666666666,
        "all": [
            0.6666666666666666,
            0.6666666666666666,
            0.6666666666666666,
            0.6666666666666666,
            0.6666666666666666,
            0.6666666666666666,
            0.6666666666666666,
            0.6666666666666666,
            0.6666666666666666,
            0.6666666666666666
        ]
    }
}