{
    "1": {
        "mean": 0.4815317498788172,
        "max": 0.4968492486669898,
        "min": 0.4692195831313621,
        "all": [
            0.4968492486669898,
            0.47649054774600097,
            0.48618516723218613,
            0.4881240911294232,
            0.48327678138633057,
            0.48327678138633057,
            0.4774600096946195,
            0.4774600096946195,
            0.4769752787203102,
            0.4692195831313621
        ]
    },
    "2": {
        "mean": 0.5218613669413475,
        "max": 0.5302956858943286,
        "min": 0.5133301017935046,
        "all": [
            0.5172079495879787,
            0.5302956858943286,
            0.5152690256907416,
            0.5162384876393602,
            0.5264178380998545,
            0.5273873000484731,
            0.5162384876393602,
            0.5283567619970916,
            0.5278720310227824,
            0.5133301017935046
        ]
    },
    "4": {
        "mean": 0.5518177411536597,
        "max": 0.5632573921473583,
        "min": 0.5380513814832768,
        "all": [
            0.551623848763936,
            0.5559864275327193,
            0.5380513814832768,
            0.5574406204556471,
            0.5579253514299564,
            0.5579253514299564,
            0.5487154629180805,
            0.5467765390208434,
            0.5404750363548231,
            0.5632573921473583
        ]
    },
    "8": {
        "mean": 0.5615123606398449,
        "max": 0.5719825496849249,
        "min": 0.5467765390208434,
        "all": [
            0.5613184682501212,
            0.5608337372758119,
            0.5564711585070286,
            0.5564711585070286,
            0.5695588948133786,
            0.5695588948133786,
            0.5637421231216675,
            0.5719825496849249,
            0.5584100824042656,
            0.5467765390208434
        ]
    },
    "16": {
        "mean": 0.5658264663111973,
        "max": 0.5753756665050896,
        "min": 0.5584100824042656,
        "all": [
            0.5753756665050896,
            0.5724672806592341,
            0.5642268540959767,
            0.5651963160445953,
            0.5642268540959767,
            0.5584100824042656,
            0.5676199709161416,
            0.5603490063015026,
            0.5642268540959767,
            0.5661657779932138
        ]
    },
    "32": {
        "mean": 0.5620455647115851,
        "max": 0.5710130877363063,
        "min": 0.5501696558410082,
        "all": [
            0.5618031992244304,
            0.553562772661173,
            0.5588948133785749,
            0.5710130877363063,
            0.5618031992244304,
            0.5501696558410082,
            0.5700436257876879,
            0.5613184682501212,
            0.5622879301987397,
            0.5695588948133786
        ]
    },
    "64": {
        "mean": 0.5607367910809502,
        "max": 0.5690741638390693,
        "min": 0.5545322346097916,
        "all": [
            0.5618031992244304,
            0.5574406204556471,
            0.5545322346097916,
            0.5690741638390693,
            0.5642268540959767,
            0.5588948133785749,
            0.5559864275327193,
            0.56858943286476,
            0.5584100824042656,
            0.5584100824042656
        ]
    },
    "128": {
        "mean": 0.5540475036354823,
        "max": 0.5540475036354823,
        "min": 0.5540475036354823,
        "all": [
            0.5540475036354823,
            0.5540475036354823,
            0.5540475036354823,
            0.5540475036354823,
            0.5540475036354823,
            0.5540475036354823,
            0.5540475036354823,
            0.5540475036354823,
            0.5540475036354823,
            0.5540475036354823
        ]
    }
}