{
    "1": {
        "mean": 0.4174496644295302,
        "max": 0.4563758389261745,
        "min": 0.3691275167785235,
        "all": [
            0.4228187919463087,
            0.4228187919463087,
            0.3825503355704698,
            0.436241610738255,
            0.44966442953020136,
            0.38926174496644295,
            0.42953020134228187,
            0.3691275167785235,
            0.4161073825503356,
            0.4563758389261745
        ]
    },
    "2": {
        "mean": 0.4201342281879194,
        "max": 0.44966442953020136,
        "min": 0.3959731543624161,
        "all": [
            0.4161073825503356,
            0.40939597315436244,
            0.3959731543624161,
            0.44966442953020136,
            0.42953020134228187,
            0.40268456375838924,
            0.4429530201342282,
            0.3959731543624161,
            0.436241610738255,
            0.4228187919463087
        ]
    },
    "4": {
        "mean": 0.4382550335570469,
        "max": 0.47651006711409394,
        "min": 0.40268456375838924,
        "all": [
            0.436241610738255,
            0.436241610738255,
            0.42953020134228187,
            0.44966442953020136,
            0.436241610738255,
            0.40268456375838924,
            0.44966442953020136,
            0.47651006711409394,
            0.40939597315436244,
            0.4563758389261745
        ]
    },
    "8": {
        "mean": 0.4395973154362417,
        "max": 0.46308724832214765,
        "min": 0.4161073825503356,
        "all": [
            0.46308724832214765,
            0.4429530201342282,
            0.4161073825503356,
            0.44966442953020136,
            0.4161073825503356,
            0.4563758389261745,
            0.436241610738255,
            0.436241610738255,
            0.4228187919463087,
            0.4563758389261745
        ]
    },
    "16": {
        "mean": 0.4375838926174497,
        "max": 0.48322147651006714,
        "min": 0.40939597315436244,
        "all": [
            0.48322147651006714,
            0.46308724832214765,
            0.40939597315436244,
            0.44966442953020136,
            0.4429530201342282,
            0.4161073825503356,
            0.4161073825503356,
            0.4429530201342282,
            0.436241610738255,
            0.4161073825503356
        ]
    },
    "32": {
        "mean": 0.44966442953020136,
        "max": 0.46308724832214765,
        "min": 0.436241610738255,
        "all": [
            0.4563758389261745,
            0.4563758389261745,
            0.4563758389261745,
            0.4429530201342282,
            0.4563758389261745,
            0.4429530201342282,
            0.4429530201342282,
            0.4429530201342282,
            0.436241610738255,
            0.46308724832214765
        ]
    },
    "64": {
        "mean": 0.4389261744966443,
        "max": 0.44966442953020136,
        "min": 0.4228187919463087,
        "all": [
            0.436241610738255,
            0.44966442953020136,
            0.4429530201342282,
            0.44966442953020136,
            0.436241610738255,
            0.436241610738255,
            0.4429530201342282,
            0.436241610738255,
            0.436241610738255,
            0.4228187919463087
        ]
    },
    "128": {
        "mean": 0.43624161073825507,
        "max": 0.436241610738255,
        "min": 0.436241610738255,
        "all": [
            0.436241610738255,
            0.436241610738255,
            0.436241610738255,
            0.436241610738255,
            0.436241610738255,
            0.436241610738255,
            0.436241610738255,
            0.436241610738255,
            0.436241610738255,
            0.436241610738255
        ]
    }
}