{
    "1": {
        "mean": 0.45533333333333337,
        "max": 0.4866666666666667,
        "min": 0.43333333333333335,
        "all": [
            0.44666666666666666,
            0.4533333333333333,
            0.46,
            0.4666666666666667,
            0.43333333333333335,
            0.44,
            0.4866666666666667,
            0.43333333333333335,
            0.46,
            0.47333333333333333
        ]
    },
    "2": {
        "mean": 0.4646666666666667,
        "max": 0.52,
        "min": 0.4266666666666667,
        "all": [
            0.4866666666666667,
            0.49333333333333335,
            0.4266666666666667,
            0.48,
            0.46,
            0.4533333333333333,
            0.52,
            0.43333333333333335,
            0.43333333333333335,
            0.46
        ]
    },
    "4": {
        "mean": 0.45,
        "max": 0.47333333333333333,
        "min": 0.4266666666666667,
        "all": [
            0.47333333333333333,
            0.46,
            0.44666666666666666,
            0.43333333333333335,
            0.44666666666666666,
            0.4533333333333333,
            0.44666666666666666,
            0.4266666666666667,
            0.4666666666666667,
            0.44666666666666666
        ]
    },
    "8": {
        "mean": 0.4533333333333333,
        "max": 0.46,
        "min": 0.44,
        "all": [
            0.46,
            0.44666666666666666,
            0.46,
            0.44,
            0.46,
            0.46,
            0.4533333333333333,
            0.4533333333333333,
            0.4533333333333333,
            0.44666666666666666
        ]
    },
    "16": {
        "mean": 0.442,
        "max": 0.46,
        "min": 0.4266666666666667,
        "all": [
            0.44666666666666666,
            0.4533333333333333,
            0.44,
            0.44,
            0.4266666666666667,
            0.46,
            0.44666666666666666,
            0.43333333333333335,
            0.44666666666666666,
            0.4266666666666667
        ]
    },
    "32": {
        "mean": 0.43133333333333324,
        "max": 0.4533333333333333,
        "min": 0.41333333333333333,
        "all": [
            0.4266666666666667,
            0.4533333333333333,
            0.43333333333333335,
            0.41333333333333333,
            0.42,
            0.42,
            0.43333333333333335,
            0.44666666666666666,
            0.44,
            0.4266666666666667
        ]
    },
    "64": {
        "mean": 0.4173333333333334,
        "max": 0.44666666666666666,
        "min": 0.3933333333333333,
        "all": [
            0.41333333333333333,
            0.43333333333333335,
            0.3933333333333333,
            0.42,
            0.44666666666666666,
            0.4066666666666667,
            0.42,
            0.41333333333333333,
            0.4066666666666667,
            0.42
        ]
    },
    "128": {
        "mean": 0.4133333333333333,
        "max": 0.41333333333333333,
        "min": 0.41333333333333333,
        "all": [
            0.41333333333333333,
            0.41333333333333333,
            0.41333333333333333,
            0.41333333333333333,
            0.41333333333333333,
            0.41333333333333333,
            0.41333333333333333,
            0.41333333333333333,
            0.41333333333333333,
            0.41333333333333333
        ]
    }
}