{
    "1": {
        "mean": 0.5753333333333335,
        "max": 0.62,
        "min": 0.5333333333333333,
        "all": [
            0.5333333333333333,
            0.5466666666666666,
            0.5933333333333334,
            0.6,
            0.56,
            0.58,
            0.54,
            0.62,
            0.5866666666666667,
            0.5933333333333334
        ]
    },
    "2": {
        "mean": 0.588,
        "max": 0.6266666666666667,
        "min": 0.5466666666666666,
        "all": [
            0.6,
            0.5666666666666667,
            0.5866666666666667,
            0.58,
            0.6266666666666667,
            0.5466666666666666,
            0.6133333333333333,
            0.6066666666666667,
            0.5533333333333333,
            0.6
        ]
    },
    "4": {
        "mean": 0.5940000000000001,
        "max": 0.62,
        "min": 0.5666666666666667,
        "all": [
            0.6066666666666667,
            0.62,
            0.58,
            0.6066666666666667,
            0.5933333333333334,
            0.62,
            0.58,
            0.5666666666666667,
            0.5933333333333334,
            0.5733333333333334
        ]
    },
    "8": {
        "mean": 0.6040000000000001,
        "max": 0.6533333333333333,
        "min": 0.56,
        "all": [
            0.6133333333333333,
            0.62,
            0.5666666666666667,
            0.6266666666666667,
            0.6066666666666667,
            0.6,
            0.6533333333333333,
            0.6133333333333333,
            0.58,
            0.56
        ]
    },
    "16": {
        "mean": 0.6079999999999999,
        "max": 0.64,
        "min": 0.5866666666666667,
        "all": [
            0.6066666666666667,
            0.6266666666666667,
            0.5866666666666667,
            0.6,
            0.6133333333333333,
            0.6,
            0.64,
            0.6,
            0.6066666666666667,
            0.6
        ]
    },
    "32": {
        "mean": 0.6013333333333334,
        "max": 0.66,
        "min": 0.56,
        "all": [
            0.5933333333333334,
            0.5733333333333334,
            0.56,
            0.5866666666666667,
            0.6266666666666667,
            0.6133333333333333,
            0.6,
            0.66,
            0.5866666666666667,
            0.6133333333333333
        ]
    },
    "64": {
        "mean": 0.5933333333333334,
        "max": 0.62,
        "min": 0.5666666666666667,
        "all": [
            0.6,
            0.62,
            0.6066666666666667,
            0.5666666666666667,
            0.6133333333333333,
            0.5866666666666667,
            0.5933333333333334,
            0.5733333333333334,
            0.5933333333333334,
            0.58
        ]
    },
    "128": {
        "mean": 0.5933333333333335,
        "max": 0.5933333333333334,
        "min": 0.5933333333333334,
        "all": [
            0.5933333333333334,
            0.5933333333333334,
            0.5933333333333334,
            0.5933333333333334,
            0.5933333333333334,
            0.5933333333333334,
            0.5933333333333334,
            0.5933333333333334,
            0.5933333333333334,
            0.5933333333333334
        ]
    }
}