{
    "1": {
        "mean": 0.4326666666666667,
        "max": 0.4866666666666667,
        "min": 0.36666666666666664,
        "all": [
            0.43333333333333335,
            0.42,
            0.47333333333333333,
            0.36666666666666664,
            0.44,
            0.4866666666666667,
            0.38,
            0.41333333333333333,
            0.4666666666666667,
            0.44666666666666666
        ]
    },
    "2": {
        "mean": 0.5173333333333333,
        "max": 0.5466666666666666,
        "min": 0.48,
        "all": [
            0.49333333333333335,
            0.5266666666666666,
            0.5266666666666666,
            0.5466666666666666,
            0.5133333333333333,
            0.49333333333333335,
            0.5266666666666666,
            0.48,
            0.5266666666666666,
            0.54
        ]
    },
    "4": {
        "mean": 0.5606666666666666,
        "max": 0.6,
        "min": 0.5333333333333333,
        "all": [
            0.5533333333333333,
            0.5866666666666667,
            0.5533333333333333,
            0.54,
            0.56,
            0.5666666666666667,
            0.5466666666666666,
            0.5666666666666667,
            0.6,
            0.5333333333333333
        ]
    },
    "8": {
        "mean": 0.6073333333333334,
        "max": 0.64,
        "min": 0.5733333333333334,
        "all": [
            0.6066666666666667,
            0.6133333333333333,
            0.6066666666666667,
            0.5733333333333334,
            0.6,
            0.6266666666666667,
            0.5933333333333334,
            0.6266666666666667,
            0.5866666666666667,
            0.64
        ]
    },
    "16": {
        "mean": 0.6186666666666667,
        "max": 0.6466666666666666,
        "min": 0.6066666666666667,
        "all": [
            0.6066666666666667,
            0.6266666666666667,
            0.6466666666666666,
            0.6133333333333333,
            0.6333333333333333,
            0.6066666666666667,
            0.6133333333333333,
            0.62,
            0.6133333333333333,
            0.6066666666666667
        ]
    },
    "32": {
        "mean": 0.6473333333333333,
        "max": 0.6866666666666666,
        "min": 0.62,
        "all": [
            0.6266666666666667,
            0.66,
            0.64,
            0.6666666666666666,
            0.6866666666666666,
            0.6466666666666666,
            0.62,
            0.62,
            0.6666666666666666,
            0.64
        ]
    },
    "64": {
        "mean": 0.648,
        "max": 0.6733333333333333,
        "min": 0.6133333333333333,
        "all": [
            0.6733333333333333,
            0.6333333333333333,
            0.6333333333333333,
            0.6533333333333333,
            0.6533333333333333,
            0.6733333333333333,
            0.6333333333333333,
            0.6533333333333333,
            0.66,
            0.6133333333333333
        ]
    },
    "128": {
        "mean": 0.6466666666666666,
        "max": 0.6466666666666666,
        "min": 0.6466666666666666,
        "all": [
            0.6466666666666666,
            0.6466666666666666,
            0.6466666666666666,
            0.6466666666666666,
            0.6466666666666666,
            0.6466666666666666,
            0.6466666666666666,
            0.6466666666666666,
            0.6466666666666666,
            0.6466666666666666
        ]
    }
}