{
    "1": {
        "mean": 0.4326666666666667,
        "max": 0.4866666666666667,
        "min": 0.36666666666666664,
        "all": [
            0.43333333333333335,
            0.42,
            0.47333333333333333,
            0.36666666666666664,
            0.44,
            0.4866666666666667,
            0.38,
            0.41333333333333333,
            0.4666666666666667,
            0.44666666666666666
        ]
    },
    "2": {
        "mean": 0.512,
        "max": 0.5466666666666666,
        "min": 0.4666666666666667,
        "all": [
            0.5133333333333333,
            0.54,
            0.5,
            0.5466666666666666,
            0.52,
            0.5133333333333333,
            0.5133333333333333,
            0.4666666666666667,
            0.49333333333333335,
            0.5133333333333333
        ]
    },
    "4": {
        "mean": 0.5599999999999999,
        "max": 0.6,
        "min": 0.5,
        "all": [
            0.54,
            0.5933333333333334,
            0.5666666666666667,
            0.5666666666666667,
            0.5733333333333334,
            0.5666666666666667,
            0.5266666666666666,
            0.5666666666666667,
            0.6,
            0.5
        ]
    },
    "8": {
        "mean": 0.6093333333333334,
        "max": 0.66,
        "min": 0.5466666666666666,
        "all": [
            0.6266666666666667,
            0.66,
            0.6,
            0.5466666666666666,
            0.6466666666666666,
            0.6066666666666667,
            0.5933333333333334,
            0.62,
            0.5666666666666667,
            0.6266666666666667
        ]
    },
    "16": {
        "mean": 0.6346666666666666,
        "max": 0.66,
        "min": 0.6,
        "all": [
            0.6266666666666667,
            0.6466666666666666,
            0.6266666666666667,
            0.6,
            0.6533333333333333,
            0.66,
            0.64,
            0.6466666666666666,
            0.64,
            0.6066666666666667
        ]
    },
    "32": {
        "mean": 0.6666666666666666,
        "max": 0.6866666666666666,
        "min": 0.6333333333333333,
        "all": [
            0.66,
            0.6866666666666666,
            0.6733333333333333,
            0.6666666666666666,
            0.6866666666666666,
            0.6866666666666666,
            0.64,
            0.6333333333333333,
            0.68,
            0.6533333333333333
        ]
    },
    "64": {
        "mean": 0.6706666666666667,
        "max": 0.6866666666666666,
        "min": 0.6533333333333333,
        "all": [
            0.68,
            0.68,
            0.6533333333333333,
            0.66,
            0.6733333333333333,
            0.6866666666666666,
            0.66,
            0.6733333333333333,
            0.68,
            0.66
        ]
    },
    "128": {
        "mean": 0.6866666666666666,
        "max": 0.6866666666666666,
        "min": 0.6866666666666666,
        "all": [
            0.6866666666666666,
            0.6866666666666666,
            0.6866666666666666,
            0.6866666666666666,
            0.6866666666666666,
            0.6866666666666666,
            0.6866666666666666,
            0.6866666666666666,
            0.6866666666666666,
            0.6866666666666666
        ]
    }
}