{
    "1": {
        "mean": 0.31517241379310346,
        "max": 0.3448275862068966,
        "min": 0.2620689655172414,
        "all": [
            0.3448275862068966,
            0.2827586206896552,
            0.2689655172413793,
            0.33793103448275863,
            0.3310344827586207,
            0.2620689655172414,
            0.31724137931034485,
            0.3310344827586207,
            0.3310344827586207,
            0.3448275862068966
        ]
    },
    "2": {
        "mean": 0.3137931034482759,
        "max": 0.3586206896551724,
        "min": 0.27586206896551724,
        "all": [
            0.3310344827586207,
            0.31724137931034485,
            0.296551724137931,
            0.27586206896551724,
            0.3586206896551724,
            0.35172413793103446,
            0.30344827586206896,
            0.2827586206896552,
            0.30344827586206896,
            0.31724137931034485
        ]
    },
    "4": {
        "mean": 0.3393103448275862,
        "max": 0.3793103448275862,
        "min": 0.2896551724137931,
        "all": [
            0.33793103448275863,
            0.36551724137931035,
            0.3448275862068966,
            0.3793103448275862,
            0.33793103448275863,
            0.32413793103448274,
            0.3310344827586207,
            0.3103448275862069,
            0.2896551724137931,
            0.3724137931034483
        ]
    },
    "8": {
        "mean": 0.34896551724137936,
        "max": 0.3793103448275862,
        "min": 0.3103448275862069,
        "all": [
            0.32413793103448274,
            0.3310344827586207,
            0.3793103448275862,
            0.3103448275862069,
            0.3448275862068966,
            0.3586206896551724,
            0.36551724137931035,
            0.3793103448275862,
            0.35172413793103446,
            0.3448275862068966
        ]
    },
    "16": {
        "mean": 0.35517241379310344,
        "max": 0.3724137931034483,
        "min": 0.33793103448275863,
        "all": [
            0.3724137931034483,
            0.3724137931034483,
            0.3724137931034483,
            0.3586206896551724,
            0.33793103448275863,
            0.3448275862068966,
            0.3586206896551724,
            0.33793103448275863,
            0.33793103448275863,
            0.3586206896551724
        ]
    },
    "32": {
        "mean": 0.3613793103448276,
        "max": 0.3724137931034483,
        "min": 0.3448275862068966,
        "all": [
            0.3724137931034483,
            0.36551724137931035,
            0.3448275862068966,
            0.36551724137931035,
            0.36551724137931035,
            0.3448275862068966,
            0.3448275862068966,
            0.3724137931034483,
            0.36551724137931035,
            0.3724137931034483
        ]
    },
    "64": {
        "mean": 0.36,
        "max": 0.3793103448275862,
        "min": 0.3448275862068966,
        "all": [
            0.36551724137931035,
            0.3793103448275862,
            0.3586206896551724,
            0.35172413793103446,
            0.3586206896551724,
            0.3586206896551724,
            0.3586206896551724,
            0.3586206896551724,
            0.3448275862068966,
            0.36551724137931035
        ]
    },
    "128": {
        "mean": 0.36551724137931035,
        "max": 0.36551724137931035,
        "min": 0.36551724137931035,
        "all": [
            0.36551724137931035,
            0.36551724137931035,
            0.36551724137931035,
            0.36551724137931035,
            0.36551724137931035,
            0.36551724137931035,
            0.36551724137931035,
            0.36551724137931035,
            0.36551724137931035,
            0.36551724137931035
        ]
    }
}