{
    "1": {
        "mean": 0.5864285714285713,
        "max": 0.6071428571428571,
        "min": 0.5642857142857143,
        "all": [
            0.5714285714285714,
            0.5785714285714286,
            0.6,
            0.5928571428571429,
            0.5928571428571429,
            0.6,
            0.6071428571428571,
            0.5642857142857143,
            0.5928571428571429,
            0.5642857142857143
        ]
    },
    "2": {
        "mean": 0.5907142857142856,
        "max": 0.6714285714285714,
        "min": 0.55,
        "all": [
            0.6714285714285714,
            0.55,
            0.6071428571428571,
            0.5857142857142857,
            0.6142857142857143,
            0.5714285714285714,
            0.5571428571428572,
            0.5714285714285714,
            0.6,
            0.5785714285714286
        ]
    },
    "4": {
        "mean": 0.5971428571428572,
        "max": 0.65,
        "min": 0.55,
        "all": [
            0.6142857142857143,
            0.6,
            0.5928571428571429,
            0.55,
            0.55,
            0.6214285714285714,
            0.5642857142857143,
            0.6142857142857143,
            0.6142857142857143,
            0.65
        ]
    },
    "8": {
        "mean": 0.5942857142857143,
        "max": 0.6428571428571429,
        "min": 0.5571428571428572,
        "all": [
            0.5642857142857143,
            0.5571428571428572,
            0.5785714285714286,
            0.5785714285714286,
            0.5928571428571429,
            0.6214285714285714,
            0.6142857142857143,
            0.6142857142857143,
            0.5785714285714286,
            0.6428571428571429
        ]
    },
    "16": {
        "mean": 0.6,
        "max": 0.6428571428571429,
        "min": 0.5642857142857143,
        "all": [
            0.6071428571428571,
            0.6142857142857143,
            0.5714285714285714,
            0.6142857142857143,
            0.6428571428571429,
            0.5785714285714286,
            0.6142857142857143,
            0.5642857142857143,
            0.5928571428571429,
            0.6
        ]
    },
    "32": {
        "mean": 0.5849999999999999,
        "max": 0.6214285714285714,
        "min": 0.5642857142857143,
        "all": [
            0.5928571428571429,
            0.5714285714285714,
            0.6214285714285714,
            0.5785714285714286,
            0.5928571428571429,
            0.5642857142857143,
            0.5928571428571429,
            0.5714285714285714,
            0.6,
            0.5642857142857143
        ]
    },
    "64": {
        "mean": 0.5764285714285713,
        "max": 0.6214285714285714,
        "min": 0.55,
        "all": [
            0.5571428571428572,
            0.5928571428571429,
            0.5928571428571429,
            0.55,
            0.5571428571428572,
            0.5642857142857143,
            0.5714285714285714,
            0.6214285714285714,
            0.5642857142857143,
            0.5928571428571429
        ]
    },
    "128": {
        "mean": 0.5628571428571428,
        "max": 0.5714285714285714,
        "min": 0.55,
        "all": [
            0.5642857142857143,
            0.5571428571428572,
            0.5642857142857143,
            0.55,
            0.5642857142857143,
            0.5642857142857143,
            0.5642857142857143,
            0.5642857142857143,
            0.5642857142857143,
            0.5714285714285714
        ]
    }
}