{
    "1": {
        "mean": 0.4815317498788172,
        "max": 0.4968492486669898,
        "min": 0.4692195831313621,
        "all": [
            0.4968492486669898,
            0.47649054774600097,
            0.48618516723218613,
            0.4881240911294232,
            0.48327678138633057,
            0.48327678138633057,
            0.4774600096946195,
            0.4774600096946195,
            0.4769752787203102,
            0.4692195831313621
        ]
    },
    "2": {
        "mean": 0.5248182258846341,
        "max": 0.5375666505089676,
        "min": 0.5123606398448861,
        "all": [
            0.5201163354338342,
            0.5375666505089676,
            0.5230247212796898,
            0.5220552593310712,
            0.5269025690741639,
            0.5225399903053806,
            0.5123606398448861,
            0.5269025690741639,
            0.5317498788172564,
            0.5249636451769268
        ]
    },
    "4": {
        "mean": 0.5573921473582162,
        "max": 0.5661657779932138,
        "min": 0.551623848763936,
        "all": [
            0.5545322346097916,
            0.5569558894813379,
            0.5540475036354823,
            0.5588948133785749,
            0.5627726611730489,
            0.551623848763936,
            0.553562772661173,
            0.5622879301987397,
            0.5530780416868638,
            0.5661657779932138
        ]
    },
    "8": {
        "mean": 0.571885603490063,
        "max": 0.5811924381968008,
        "min": 0.5656810470189045,
        "all": [
            0.5768298594280175,
            0.5811924381968008,
            0.5782840523509453,
            0.5656810470189045,
            0.5705283567619971,
            0.5661657779932138,
            0.5744062045564712,
            0.5656810470189045,
            0.56858943286476,
            0.5714978187106156
        ]
    },
    "16": {
        "mean": 0.5824527387300049,
        "max": 0.5899175957343674,
        "min": 0.5744062045564712,
        "all": [
            0.5802229762481823,
            0.5782840523509453,
            0.5744062045564712,
            0.5811924381968008,
            0.5763451284537082,
            0.5855550169655841,
            0.5870092098885119,
            0.5841008240426563,
            0.5874939408628211,
            0.5899175957343674
        ]
    },
    "32": {
        "mean": 0.5857489093553079,
        "max": 0.5879786718371304,
        "min": 0.5826466311197286,
        "all": [
            0.5874939408628211,
            0.5865244789142026,
            0.5831313620940378,
            0.5879786718371304,
            0.5826466311197286,
            0.5850702859912749,
            0.5870092098885119,
            0.5826466311197286,
            0.5879786718371304,
            0.5870092098885119
        ]
    },
    "64": {
        "mean": 0.591420261754726,
        "max": 0.5971885603490062,
        "min": 0.5855550169655841,
        "all": [
            0.5928259815802229,
            0.5971885603490062,
            0.5942801745031507,
            0.5855550169655841,
            0.5884634028114396,
            0.5937954435288415,
            0.5942801745031507,
            0.5865244789142026,
            0.5884634028114396,
            0.5928259815802229
        ]
    },
    "128": {
        "mean": 0.5933107125545323,
        "max": 0.5933107125545323,
        "min": 0.5933107125545323,
        "all": [
            0.5933107125545323,
            0.5933107125545323,
            0.5933107125545323,
            0.5933107125545323,
            0.5933107125545323,
            0.5933107125545323,
            0.5933107125545323,
            0.5933107125545323,
            0.5933107125545323,
            0.5933107125545323
        ]
    }
}