{
    "1": {
        "mean": 0.4815317498788172,
        "max": 0.4968492486669898,
        "min": 0.4692195831313621,
        "all": [
            0.4968492486669898,
            0.47649054774600097,
            0.48618516723218613,
            0.4881240911294232,
            0.48327678138633057,
            0.48327678138633057,
            0.4774600096946195,
            0.4774600096946195,
            0.4769752787203102,
            0.4692195831313621
        ]
    },
    "2": {
        "mean": 0.5262724188075618,
        "max": 0.5370819195346582,
        "min": 0.5104217159476491,
        "all": [
            0.5181774115365972,
            0.5370819195346582,
            0.5273873000484731,
            0.5239941832283083,
            0.5273873000484731,
            0.5264178380998545,
            0.5104217159476491,
            0.5302956858943286,
            0.5356277266117305,
            0.5259331071255453
        ]
    },
    "4": {
        "mean": 0.5597673291323315,
        "max": 0.56858943286476,
        "min": 0.5530780416868638,
        "all": [
            0.5574406204556471,
            0.5555016965584101,
            0.5618031992244304,
            0.5622879301987397,
            0.56858943286476,
            0.5555016965584101,
            0.5564711585070286,
            0.5603490063015026,
            0.5530780416868638,
            0.566650508967523
        ]
    },
    "8": {
        "mean": 0.571934076587494,
        "max": 0.5807077072224915,
        "min": 0.5632573921473583,
        "all": [
            0.5719825496849249,
            0.5710130877363063,
            0.5777993213766359,
            0.566650508967523,
            0.575860397479399,
            0.5748909355307804,
            0.5807077072224915,
            0.5671352399418322,
            0.5700436257876879,
            0.5632573921473583
        ]
    },
    "16": {
        "mean": 0.5847794474066893,
        "max": 0.5937954435288415,
        "min": 0.5744062045564712,
        "all": [
            0.5826466311197286,
            0.5860397479398933,
            0.5802229762481823,
            0.5802229762481823,
            0.5744062045564712,
            0.5928259815802229,
            0.5860397479398933,
            0.5874939408628211,
            0.5937954435288415,
            0.5841008240426563
        ]
    },
    "32": {
        "mean": 0.5831313620940378,
        "max": 0.5937954435288415,
        "min": 0.5782840523509453,
        "all": [
            0.5782840523509453,
            0.5841008240426563,
            0.58167716917111,
            0.5937954435288415,
            0.58167716917111,
            0.579738245273873,
            0.5841008240426563,
            0.5802229762481823,
            0.58167716917111,
            0.5860397479398933
        ]
    },
    "64": {
        "mean": 0.5826951042171596,
        "max": 0.5894328647600582,
        "min": 0.575860397479399,
        "all": [
            0.588948133785749,
            0.5787687833252545,
            0.5802229762481823,
            0.5773145904023267,
            0.5879786718371304,
            0.5894328647600582,
            0.5841008240426563,
            0.575860397479399,
            0.5802229762481823,
            0.5841008240426563
        ]
    },
    "128": {
        "mean": 0.5821619001454191,
        "max": 0.5821619001454192,
        "min": 0.5821619001454192,
        "all": [
            0.5821619001454192,
            0.5821619001454192,
            0.5821619001454192,
            0.5821619001454192,
            0.5821619001454192,
            0.5821619001454192,
            0.5821619001454192,
            0.5821619001454192,
            0.5821619001454192,
            0.5821619001454192
        ]
    }
}