{
    "1": {
        "mean": 0.4815317498788172,
        "max": 0.4968492486669898,
        "min": 0.4692195831313621,
        "all": [
            0.4968492486669898,
            0.47649054774600097,
            0.48618516723218613,
            0.4881240911294232,
            0.48327678138633057,
            0.48327678138633057,
            0.4774600096946195,
            0.4774600096946195,
            0.4769752787203102,
            0.4692195831313621
        ]
    },
    "2": {
        "mean": 0.5273873000484731,
        "max": 0.538536112457586,
        "min": 0.5167232186136694,
        "all": [
            0.5254483761512361,
            0.538536112457586,
            0.5206010664081435,
            0.5220552593310712,
            0.5332040717401842,
            0.5278720310227824,
            0.5167232186136694,
            0.5356277266117305,
            0.5327193407658749,
            0.5210857973824528
        ]
    },
    "4": {
        "mean": 0.5584100824042657,
        "max": 0.5705283567619971,
        "min": 0.549684924866699,
        "all": [
            0.5603490063015026,
            0.5593795443528842,
            0.5501696558410082,
            0.5637421231216675,
            0.5651963160445953,
            0.5559864275327193,
            0.549684924866699,
            0.5540475036354823,
            0.5550169655841009,
            0.5705283567619971
        ]
    },
    "8": {
        "mean": 0.5682501211827435,
        "max": 0.5777993213766359,
        "min": 0.5559864275327193,
        "all": [
            0.56858943286476,
            0.5671352399418322,
            0.575860397479399,
            0.5627726611730489,
            0.5690741638390693,
            0.5777993213766359,
            0.573921473582162,
            0.5681047018904508,
            0.5632573921473583,
            0.5559864275327193
        ]
    },
    "16": {
        "mean": 0.5735336888027145,
        "max": 0.58167716917111,
        "min": 0.5584100824042656,
        "all": [
            0.5782840523509453,
            0.58167716917111,
            0.566650508967523,
            0.5681047018904508,
            0.5584100824042656,
            0.5748909355307804,
            0.579738245273873,
            0.5763451284537082,
            0.5777993213766359,
            0.5734367426078526
        ]
    },
    "32": {
        "mean": 0.5768783325254484,
        "max": 0.5845855550169656,
        "min": 0.5724672806592341,
        "all": [
            0.579738245273873,
            0.5729520116335434,
            0.5845855550169656,
            0.5773145904023267,
            0.5744062045564712,
            0.573921473582162,
            0.5826466311197286,
            0.5724672806592341,
            0.5729520116335434,
            0.5777993213766359
        ]
    },
    "64": {
        "mean": 0.5761512360639846,
        "max": 0.579738245273873,
        "min": 0.5695588948133786,
        "all": [
            0.5763451284537082,
            0.5734367426078526,
            0.5787687833252545,
            0.5748909355307804,
            0.5773145904023267,
            0.5695588948133786,
            0.5753756665050896,
            0.5773145904023267,
            0.579738245273873,
            0.5787687833252545
        ]
    },
    "128": {
        "mean": 0.5705283567619971,
        "max": 0.5705283567619971,
        "min": 0.5705283567619971,
        "all": [
            0.5705283567619971,
            0.5705283567619971,
            0.5705283567619971,
            0.5705283567619971,
            0.5705283567619971,
            0.5705283567619971,
            0.5705283567619971,
            0.5705283567619971,
            0.5705283567619971,
            0.5705283567619971
        ]
    }
}