{
    "1": {
        "mean": 0.31517241379310346,
        "max": 0.3448275862068966,
        "min": 0.2620689655172414,
        "all": [
            0.3448275862068966,
            0.2827586206896552,
            0.2689655172413793,
            0.33793103448275863,
            0.3310344827586207,
            0.2620689655172414,
            0.31724137931034485,
            0.3310344827586207,
            0.3310344827586207,
            0.3448275862068966
        ]
    },
    "2": {
        "mean": 0.33379310344827584,
        "max": 0.3793103448275862,
        "min": 0.30344827586206896,
        "all": [
            0.35172413793103446,
            0.3793103448275862,
            0.3310344827586207,
            0.30344827586206896,
            0.33793103448275863,
            0.3448275862068966,
            0.31724137931034485,
            0.32413793103448274,
            0.31724137931034485,
            0.3310344827586207
        ]
    },
    "4": {
        "mean": 0.343448275862069,
        "max": 0.38620689655172413,
        "min": 0.30344827586206896,
        "all": [
            0.33793103448275863,
            0.36551724137931035,
            0.33793103448275863,
            0.38620689655172413,
            0.3448275862068966,
            0.31724137931034485,
            0.3724137931034483,
            0.30344827586206896,
            0.31724137931034485,
            0.35172413793103446
        ]
    },
    "8": {
        "mean": 0.35862068965517235,
        "max": 0.3931034482758621,
        "min": 0.32413793103448274,
        "all": [
            0.3310344827586207,
            0.3793103448275862,
            0.3931034482758621,
            0.33793103448275863,
            0.3793103448275862,
            0.3586206896551724,
            0.33793103448275863,
            0.38620689655172413,
            0.3586206896551724,
            0.32413793103448274
        ]
    },
    "16": {
        "mean": 0.36,
        "max": 0.3931034482758621,
        "min": 0.32413793103448274,
        "all": [
            0.3724137931034483,
            0.3931034482758621,
            0.3724137931034483,
            0.3586206896551724,
            0.36551724137931035,
            0.3586206896551724,
            0.35172413793103446,
            0.32413793103448274,
            0.3310344827586207,
            0.3724137931034483
        ]
    },
    "32": {
        "mean": 0.36689655172413793,
        "max": 0.3931034482758621,
        "min": 0.3448275862068966,
        "all": [
            0.36551724137931035,
            0.36551724137931035,
            0.3448275862068966,
            0.3793103448275862,
            0.3586206896551724,
            0.3586206896551724,
            0.35172413793103446,
            0.36551724137931035,
            0.38620689655172413,
            0.3931034482758621
        ]
    },
    "64": {
        "mean": 0.3641379310344827,
        "max": 0.3793103448275862,
        "min": 0.35172413793103446,
        "all": [
            0.3724137931034483,
            0.36551724137931035,
            0.36551724137931035,
            0.3586206896551724,
            0.3586206896551724,
            0.3586206896551724,
            0.3586206896551724,
            0.3793103448275862,
            0.35172413793103446,
            0.3724137931034483
        ]
    },
    "128": {
        "mean": 0.35862068965517235,
        "max": 0.3586206896551724,
        "min": 0.3586206896551724,
        "all": [
            0.3586206896551724,
            0.3586206896551724,
            0.3586206896551724,
            0.3586206896551724,
            0.3586206896551724,
            0.3586206896551724,
            0.3586206896551724,
            0.3586206896551724,
            0.3586206896551724,
            0.3586206896551724
        ]
    }
}