{
    "1": {
        "mean": 0.4815317498788172,
        "max": 0.4968492486669898,
        "min": 0.4692195831313621,
        "all": [
            0.4968492486669898,
            0.47649054774600097,
            0.48618516723218613,
            0.4881240911294232,
            0.48327678138633057,
            0.48327678138633057,
            0.4774600096946195,
            0.4774600096946195,
            0.4769752787203102,
            0.4692195831313621
        ]
    },
    "2": {
        "mean": 0.48012603005332044,
        "max": 0.4886088221037324,
        "min": 0.4740668928744547,
        "all": [
            0.48715462918080465,
            0.4886088221037324,
            0.47891420261754725,
            0.478429471643238,
            0.47600581677169174,
            0.47600581677169174,
            0.47649054774600097,
            0.48715462918080465,
            0.4740668928744547,
            0.478429471643238
        ]
    },
    "4": {
        "mean": 0.5279689772176441,
        "max": 0.5404750363548231,
        "min": 0.5196316044595249,
        "all": [
            0.5230247212796898,
            0.5307804168686379,
            0.5283567619970916,
            0.5254483761512361,
            0.5312651478429472,
            0.5283567619970916,
            0.5196316044595249,
            0.5327193407658749,
            0.5196316044595249,
            0.5404750363548231
        ]
    },
    "8": {
        "mean": 0.5543868153174987,
        "max": 0.5661657779932138,
        "min": 0.5433834222006786,
        "all": [
            0.5555016965584101,
            0.5492001938923897,
            0.5525933107125546,
            0.5530780416868638,
            0.5608337372758119,
            0.5545322346097916,
            0.5661657779932138,
            0.5559864275327193,
            0.5433834222006786,
            0.5525933107125546
        ]
    },
    "16": {
        "mean": 0.5714978187106157,
        "max": 0.5802229762481823,
        "min": 0.5613184682501212,
        "all": [
            0.5705283567619971,
            0.5802229762481823,
            0.5613184682501212,
            0.5719825496849249,
            0.564711585070286,
            0.5753756665050896,
            0.5748909355307804,
            0.5690741638390693,
            0.573921473582162,
            0.5729520116335434
        ]
    },
    "32": {
        "mean": 0.5798836645661658,
        "max": 0.5831313620940378,
        "min": 0.575860397479399,
        "all": [
            0.5807077072224915,
            0.5777993213766359,
            0.5802229762481823,
            0.5777993213766359,
            0.5821619001454192,
            0.5821619001454192,
            0.58167716917111,
            0.575860397479399,
            0.5831313620940378,
            0.5773145904023267
        ]
    },
    "64": {
        "mean": 0.5837615123606399,
        "max": 0.5870092098885119,
        "min": 0.5802229762481823,
        "all": [
            0.5802229762481823,
            0.5850702859912749,
            0.5865244789142026,
            0.5860397479398933,
            0.5811924381968008,
            0.5855550169655841,
            0.5845855550169656,
            0.5807077072224915,
            0.5870092098885119,
            0.5807077072224915
        ]
    },
    "128": {
        "mean": 0.5886088221037326,
        "max": 0.588948133785749,
        "min": 0.5879786718371304,
        "all": [
            0.5884634028114396,
            0.588948133785749,
            0.588948133785749,
            0.5884634028114396,
            0.588948133785749,
            0.5884634028114396,
            0.5879786718371304,
            0.588948133785749,
            0.588948133785749,
            0.5879786718371304
        ]
    }
}