{
    "1": {
        "mean": 0.33333333333333337,
        "max": 0.38666666666666666,
        "min": 0.29333333333333333,
        "all": [
            0.31333333333333335,
            0.36666666666666664,
            0.32666666666666666,
            0.38666666666666666,
            0.35333333333333333,
            0.34,
            0.30666666666666664,
            0.32,
            0.32666666666666666,
            0.29333333333333333
        ]
    },
    "2": {
        "mean": 0.43,
        "max": 0.48,
        "min": 0.37333333333333335,
        "all": [
            0.43333333333333335,
            0.44,
            0.43333333333333335,
            0.43333333333333335,
            0.37333333333333335,
            0.37333333333333335,
            0.48,
            0.4,
            0.46,
            0.47333333333333333
        ]
    },
    "4": {
        "mean": 0.48133333333333334,
        "max": 0.52,
        "min": 0.42,
        "all": [
            0.48,
            0.48,
            0.5133333333333333,
            0.4866666666666667,
            0.49333333333333335,
            0.49333333333333335,
            0.4666666666666667,
            0.52,
            0.42,
            0.46
        ]
    },
    "8": {
        "mean": 0.5233333333333332,
        "max": 0.5466666666666666,
        "min": 0.49333333333333335,
        "all": [
            0.5133333333333333,
            0.5133333333333333,
            0.5,
            0.5333333333333333,
            0.5466666666666666,
            0.49333333333333335,
            0.5333333333333333,
            0.5466666666666666,
            0.5266666666666666,
            0.5266666666666666
        ]
    },
    "16": {
        "mean": 0.546,
        "max": 0.5866666666666667,
        "min": 0.52,
        "all": [
            0.52,
            0.52,
            0.56,
            0.54,
            0.5333333333333333,
            0.5333333333333333,
            0.5666666666666667,
            0.52,
            0.5866666666666667,
            0.58
        ]
    },
    "32": {
        "mean": 0.5686666666666667,
        "max": 0.6133333333333333,
        "min": 0.5466666666666666,
        "all": [
            0.5666666666666667,
            0.5466666666666666,
            0.56,
            0.5533333333333333,
            0.5733333333333334,
            0.5733333333333334,
            0.56,
            0.56,
            0.6133333333333333,
            0.58
        ]
    },
    "64": {
        "mean": 0.5680000000000001,
        "max": 0.58,
        "min": 0.5466666666666666,
        "all": [
            0.56,
            0.56,
            0.58,
            0.5733333333333334,
            0.5466666666666666,
            0.5733333333333334,
            0.56,
            0.5733333333333334,
            0.58,
            0.5733333333333334
        ]
    },
    "128": {
        "mean": 0.5600000000000002,
        "max": 0.56,
        "min": 0.56,
        "all": [
            0.56,
            0.56,
            0.56,
            0.56,
            0.56,
            0.56,
            0.56,
            0.56,
            0.56,
            0.56
        ]
    }
}