{
    "1": {
        "mean": 0.3786666666666667,
        "max": 0.4666666666666667,
        "min": 0.31333333333333335,
        "all": [
            0.34,
            0.4066666666666667,
            0.3333333333333333,
            0.41333333333333333,
            0.4666666666666667,
            0.31333333333333335,
            0.38,
            0.32666666666666666,
            0.41333333333333333,
            0.3933333333333333
        ]
    },
    "2": {
        "mean": 0.466,
        "max": 0.5466666666666666,
        "min": 0.38666666666666666,
        "all": [
            0.4666666666666667,
            0.4666666666666667,
            0.38666666666666666,
            0.5333333333333333,
            0.4666666666666667,
            0.46,
            0.48,
            0.44,
            0.5466666666666666,
            0.41333333333333333
        ]
    },
    "4": {
        "mean": 0.5206666666666667,
        "max": 0.5466666666666666,
        "min": 0.4866666666666667,
        "all": [
            0.52,
            0.5333333333333333,
            0.5466666666666666,
            0.5133333333333333,
            0.5466666666666666,
            0.52,
            0.4866666666666667,
            0.5333333333333333,
            0.5133333333333333,
            0.49333333333333335
        ]
    },
    "8": {
        "mean": 0.5373333333333333,
        "max": 0.5533333333333333,
        "min": 0.5,
        "all": [
            0.5533333333333333,
            0.5333333333333333,
            0.5533333333333333,
            0.5,
            0.52,
            0.5533333333333333,
            0.5266666666666666,
            0.5533333333333333,
            0.5466666666666666,
            0.5333333333333333
        ]
    },
    "16": {
        "mean": 0.534,
        "max": 0.5666666666666667,
        "min": 0.49333333333333335,
        "all": [
            0.5133333333333333,
            0.56,
            0.5266666666666666,
            0.5266666666666666,
            0.5266666666666666,
            0.5466666666666666,
            0.49333333333333335,
            0.5666666666666667,
            0.5666666666666667,
            0.5133333333333333
        ]
    },
    "32": {
        "mean": 0.5173333333333333,
        "max": 0.5666666666666667,
        "min": 0.47333333333333333,
        "all": [
            0.5266666666666666,
            0.5133333333333333,
            0.5133333333333333,
            0.5466666666666666,
            0.47333333333333333,
            0.52,
            0.5666666666666667,
            0.52,
            0.52,
            0.47333333333333333
        ]
    },
    "64": {
        "mean": 0.51,
        "max": 0.56,
        "min": 0.47333333333333333,
        "all": [
            0.5,
            0.5066666666666667,
            0.5133333333333333,
            0.5266666666666666,
            0.48,
            0.5,
            0.5333333333333333,
            0.5066666666666667,
            0.47333333333333333,
            0.56
        ]
    },
    "128": {
        "mean": 0.5133333333333334,
        "max": 0.5133333333333333,
        "min": 0.5133333333333333,
        "all": [
            0.5133333333333333,
            0.5133333333333333,
            0.5133333333333333,
            0.5133333333333333,
            0.5133333333333333,
            0.5133333333333333,
            0.5133333333333333,
            0.5133333333333333,
            0.5133333333333333,
            0.5133333333333333
        ]
    }
}