{
    "1": {
        "mean": 0.4815317498788172,
        "max": 0.4968492486669898,
        "min": 0.4692195831313621,
        "all": [
            0.4968492486669898,
            0.47649054774600097,
            0.48618516723218613,
            0.4881240911294232,
            0.48327678138633057,
            0.48327678138633057,
            0.4774600096946195,
            0.4774600096946195,
            0.4769752787203102,
            0.4692195831313621
        ]
    },
    "2": {
        "mean": 0.5139117789626757,
        "max": 0.523509452253999,
        "min": 0.5012118274357732,
        "all": [
            0.5142995637421232,
            0.5225399903053806,
            0.5109064469219583,
            0.5070285991274842,
            0.5157537566650509,
            0.5113911778962675,
            0.5012118274357732,
            0.523509452253999,
            0.5206010664081435,
            0.5118759088705769
        ]
    },
    "4": {
        "mean": 0.5445952496364518,
        "max": 0.5564711585070286,
        "min": 0.5361124575860398,
        "all": [
            0.549684924866699,
            0.5433834222006786,
            0.5380513814832768,
            0.5395055744062045,
            0.5540475036354823,
            0.5428986912263694,
            0.5419292292777509,
            0.5438681531749879,
            0.5361124575860398,
            0.5564711585070286
        ]
    },
    "8": {
        "mean": 0.5630150266602036,
        "max": 0.5729520116335434,
        "min": 0.551623848763936,
        "all": [
            0.5622879301987397,
            0.5584100824042656,
            0.5681047018904508,
            0.5598642753271934,
            0.5719825496849249,
            0.5618031992244304,
            0.5729520116335434,
            0.5637421231216675,
            0.551623848763936,
            0.5593795443528842
        ]
    },
    "16": {
        "mean": 0.5748909355307804,
        "max": 0.5845855550169656,
        "min": 0.566650508967523,
        "all": [
            0.5724672806592341,
            0.5845855550169656,
            0.566650508967523,
            0.5719825496849249,
            0.5690741638390693,
            0.575860397479399,
            0.5763451284537082,
            0.5714978187106156,
            0.58167716917111,
            0.5787687833252545
        ]
    },
    "32": {
        "mean": 0.5805622879301987,
        "max": 0.5860397479398933,
        "min": 0.5768298594280175,
        "all": [
            0.579738245273873,
            0.5773145904023267,
            0.5787687833252545,
            0.5787687833252545,
            0.5821619001454192,
            0.583616093068347,
            0.5860397479398933,
            0.5768298594280175,
            0.5850702859912749,
            0.5773145904023267
        ]
    },
    "64": {
        "mean": 0.5841008240426563,
        "max": 0.5874939408628211,
        "min": 0.579738245273873,
        "all": [
            0.579738245273873,
            0.5855550169655841,
            0.5860397479398933,
            0.5874939408628211,
            0.5811924381968008,
            0.5855550169655841,
            0.583616093068347,
            0.5826466311197286,
            0.5865244789142026,
            0.5826466311197286
        ]
    },
    "128": {
        "mean": 0.588948133785749,
        "max": 0.588948133785749,
        "min": 0.588948133785749,
        "all": [
            0.588948133785749,
            0.588948133785749,
            0.588948133785749,
            0.588948133785749,
            0.588948133785749,
            0.588948133785749,
            0.588948133785749,
            0.588948133785749,
            0.588948133785749,
            0.588948133785749
        ]
    }
}