{
    "1": {
        "mean": 0.4815317498788172,
        "max": 0.4968492486669898,
        "min": 0.4692195831313621,
        "all": [
            0.4968492486669898,
            0.47649054774600097,
            0.48618516723218613,
            0.4881240911294232,
            0.48327678138633057,
            0.48327678138633057,
            0.4774600096946195,
            0.4774600096946195,
            0.4769752787203102,
            0.4692195831313621
        ]
    },
    "2": {
        "mean": 0.509743092583616,
        "max": 0.5176926805622879,
        "min": 0.5016965584100824,
        "all": [
            0.5079980610761028,
            0.5176926805622879,
            0.5109064469219583,
            0.5118759088705769,
            0.5041202132816287,
            0.5016965584100824,
            0.5070285991274842,
            0.5128453708191953,
            0.5109064469219583,
            0.5123606398448861
        ]
    },
    "4": {
        "mean": 0.5424139602520601,
        "max": 0.5511391177896268,
        "min": 0.5302956858943286,
        "all": [
            0.5428986912263694,
            0.5395055744062045,
            0.5399903053805138,
            0.5302956858943286,
            0.5487154629180805,
            0.5453223460979156,
            0.538536112457586,
            0.5511391177896268,
            0.5375666505089676,
            0.5501696558410082
        ]
    },
    "8": {
        "mean": 0.5600581677169172,
        "max": 0.5681047018904508,
        "min": 0.5511391177896268,
        "all": [
            0.5656810470189045,
            0.5530780416868638,
            0.564711585070286,
            0.5564711585070286,
            0.5681047018904508,
            0.5608337372758119,
            0.5627726611730489,
            0.5584100824042656,
            0.5511391177896268,
            0.5593795443528842
        ]
    },
    "16": {
        "mean": 0.573194377120698,
        "max": 0.5807077072224915,
        "min": 0.564711585070286,
        "all": [
            0.5714978187106156,
            0.5807077072224915,
            0.564711585070286,
            0.5705283567619971,
            0.5700436257876879,
            0.5734367426078526,
            0.5744062045564712,
            0.5719825496849249,
            0.5753756665050896,
            0.5792535142995637
        ]
    },
    "32": {
        "mean": 0.580368395540475,
        "max": 0.5841008240426563,
        "min": 0.5763451284537082,
        "all": [
            0.5807077072224915,
            0.5782840523509453,
            0.5802229762481823,
            0.5763451284537082,
            0.5841008240426563,
            0.5831313620940378,
            0.5831313620940378,
            0.5773145904023267,
            0.5841008240426563,
            0.5763451284537082
        ]
    },
    "64": {
        "mean": 0.5842947164323801,
        "max": 0.5879786718371304,
        "min": 0.5807077072224915,
        "all": [
            0.5807077072224915,
            0.5870092098885119,
            0.5850702859912749,
            0.5860397479398933,
            0.5821619001454192,
            0.5841008240426563,
            0.5855550169655841,
            0.583616093068347,
            0.5879786718371304,
            0.5807077072224915
        ]
    },
    "128": {
        "mean": 0.5879786718371304,
        "max": 0.5879786718371304,
        "min": 0.5879786718371304,
        "all": [
            0.5879786718371304,
            0.5879786718371304,
            0.5879786718371304,
            0.5879786718371304,
            0.5879786718371304,
            0.5879786718371304,
            0.5879786718371304,
            0.5879786718371304,
            0.5879786718371304,
            0.5879786718371304
        ]
    }
}