{
    "1": {
        "mean": 0.45533333333333337,
        "max": 0.4866666666666667,
        "min": 0.43333333333333335,
        "all": [
            0.44666666666666666,
            0.4533333333333333,
            0.46,
            0.4666666666666667,
            0.43333333333333335,
            0.44,
            0.4866666666666667,
            0.43333333333333335,
            0.46,
            0.47333333333333333
        ]
    },
    "2": {
        "mean": 0.4746666666666667,
        "max": 0.52,
        "min": 0.44,
        "all": [
            0.4866666666666667,
            0.5066666666666667,
            0.44,
            0.5,
            0.4666666666666667,
            0.4533333333333333,
            0.52,
            0.4533333333333333,
            0.4533333333333333,
            0.4666666666666667
        ]
    },
    "4": {
        "mean": 0.4640000000000001,
        "max": 0.4866666666666667,
        "min": 0.43333333333333335,
        "all": [
            0.47333333333333333,
            0.44666666666666666,
            0.47333333333333333,
            0.43333333333333335,
            0.47333333333333333,
            0.4866666666666667,
            0.48,
            0.47333333333333333,
            0.46,
            0.44
        ]
    },
    "8": {
        "mean": 0.47400000000000003,
        "max": 0.5066666666666667,
        "min": 0.44,
        "all": [
            0.4533333333333333,
            0.46,
            0.47333333333333333,
            0.4866666666666667,
            0.47333333333333333,
            0.48,
            0.44,
            0.48,
            0.4866666666666667,
            0.5066666666666667
        ]
    },
    "16": {
        "mean": 0.4726666666666667,
        "max": 0.5266666666666666,
        "min": 0.4266666666666667,
        "all": [
            0.48,
            0.47333333333333333,
            0.4266666666666667,
            0.4533333333333333,
            0.47333333333333333,
            0.5,
            0.5266666666666666,
            0.4666666666666667,
            0.48,
            0.44666666666666666
        ]
    },
    "32": {
        "mean": 0.46933333333333327,
        "max": 0.49333333333333335,
        "min": 0.44666666666666666,
        "all": [
            0.4666666666666667,
            0.47333333333333333,
            0.46,
            0.49333333333333335,
            0.46,
            0.44666666666666666,
            0.49333333333333335,
            0.4666666666666667,
            0.4866666666666667,
            0.44666666666666666
        ]
    },
    "64": {
        "mean": 0.476,
        "max": 0.5,
        "min": 0.44666666666666666,
        "all": [
            0.4866666666666667,
            0.48,
            0.4533333333333333,
            0.49333333333333335,
            0.47333333333333333,
            0.5,
            0.4666666666666667,
            0.5,
            0.44666666666666666,
            0.46
        ]
    },
    "128": {
        "mean": 0.49466666666666664,
        "max": 0.5,
        "min": 0.4866666666666667,
        "all": [
            0.5,
            0.49333333333333335,
            0.4866666666666667,
            0.5,
            0.49333333333333335,
            0.49333333333333335,
            0.49333333333333335,
            0.49333333333333335,
            0.49333333333333335,
            0.5
        ]
    }
}