{
    "1": {
        "mean": 0.4815317498788172,
        "max": 0.4968492486669898,
        "min": 0.4692195831313621,
        "all": [
            0.4968492486669898,
            0.47649054774600097,
            0.48618516723218613,
            0.4881240911294232,
            0.48327678138633057,
            0.48327678138633057,
            0.4774600096946195,
            0.4774600096946195,
            0.4769752787203102,
            0.4692195831313621
        ]
    },
    "2": {
        "mean": 0.516965584100824,
        "max": 0.5288414929714008,
        "min": 0.5041202132816287,
        "all": [
            0.5118759088705769,
            0.5288414929714008,
            0.5133301017935046,
            0.506543868153175,
            0.5230247212796898,
            0.523509452253999,
            0.5041202132816287,
            0.5244789142026175,
            0.5196316044595249,
            0.5142995637421232
        ]
    },
    "4": {
        "mean": 0.5315559864275328,
        "max": 0.5443528841492972,
        "min": 0.5191468734852157,
        "all": [
            0.5302956858943286,
            0.5312651478429472,
            0.5206010664081435,
            0.5443528841492972,
            0.5341735336888027,
            0.534658264663112,
            0.534658264663112,
            0.5191468734852157,
            0.5298109549200194,
            0.536597188560349
        ]
    },
    "8": {
        "mean": 0.5261269995152691,
        "max": 0.5341735336888027,
        "min": 0.5128453708191953,
        "all": [
            0.5288414929714008,
            0.5191468734852157,
            0.5341735336888027,
            0.523509452253999,
            0.5201163354338342,
            0.5293262239457102,
            0.5298109549200194,
            0.5317498788172564,
            0.5317498788172564,
            0.5128453708191953
        ]
    },
    "16": {
        "mean": 0.5183713039263209,
        "max": 0.5302956858943286,
        "min": 0.5070285991274842,
        "all": [
            0.5302956858943286,
            0.523509452253999,
            0.5176926805622879,
            0.5152690256907416,
            0.5186621425109065,
            0.5099369849733398,
            0.523509452253999,
            0.5070285991274842,
            0.5230247212796898,
            0.5147842947164324
        ]
    },
    "32": {
        "mean": 0.5089190499272903,
        "max": 0.5138148327678138,
        "min": 0.5021812893843917,
        "all": [
            0.5104217159476491,
            0.5031507513330101,
            0.5138148327678138,
            0.5046049442559379,
            0.5104217159476491,
            0.5113911778962675,
            0.5123606398448861,
            0.5113911778962675,
            0.5021812893843917,
            0.5094522539990305
        ]
    },
    "64": {
        "mean": 0.49646146388754236,
        "max": 0.5021812893843917,
        "min": 0.48957828405235093,
        "all": [
            0.4983034415899176,
            0.48957828405235093,
            0.5007270964614638,
            0.4958797867183713,
            0.49297140087251573,
            0.5021812893843917,
            0.49103247697527874,
            0.49442559379544354,
            0.4992729035385361,
            0.5002423654871546
        ]
    },
    "128": {
        "mean": 0.48860882210373247,
        "max": 0.4886088221037324,
        "min": 0.4886088221037324,
        "all": [
            0.4886088221037324,
            0.4886088221037324,
            0.4886088221037324,
            0.4886088221037324,
            0.4886088221037324,
            0.4886088221037324,
            0.4886088221037324,
            0.4886088221037324,
            0.4886088221037324,
            0.4886088221037324
        ]
    }
}