{
    "1": {
        "mean": 0.4815317498788172,
        "max": 0.4968492486669898,
        "min": 0.4692195831313621,
        "all": [
            0.4968492486669898,
            0.47649054774600097,
            0.48618516723218613,
            0.4881240911294232,
            0.48327678138633057,
            0.48327678138633057,
            0.4774600096946195,
            0.4774600096946195,
            0.4769752787203102,
            0.4692195831313621
        ]
    },
    "2": {
        "mean": 0.5192922927775085,
        "max": 0.5307804168686379,
        "min": 0.5089675230247213,
        "all": [
            0.5104217159476491,
            0.5307804168686379,
            0.5230247212796898,
            0.5089675230247213,
            0.5239941832283083,
            0.523509452253999,
            0.5128453708191953,
            0.5254483761512361,
            0.5210857973824528,
            0.5128453708191953
        ]
    },
    "4": {
        "mean": 0.5382937469704314,
        "max": 0.5438681531749879,
        "min": 0.5317498788172564,
        "all": [
            0.5414444983034415,
            0.5341735336888027,
            0.5356277266117305,
            0.5438681531749879,
            0.5395055744062045,
            0.5414444983034415,
            0.5390208434318953,
            0.5356277266117305,
            0.5317498788172564,
            0.5404750363548231
        ]
    },
    "8": {
        "mean": 0.5412021328162869,
        "max": 0.5540475036354823,
        "min": 0.5332040717401842,
        "all": [
            0.5390208434318953,
            0.5409597673291323,
            0.5540475036354823,
            0.5487154629180805,
            0.5332040717401842,
            0.5433834222006786,
            0.5433834222006786,
            0.536597188560349,
            0.536597188560349,
            0.5361124575860398
        ]
    },
    "16": {
        "mean": 0.5393601551139118,
        "max": 0.5492001938923897,
        "min": 0.5278720310227824,
        "all": [
            0.5395055744062045,
            0.5482307319437713,
            0.5317498788172564,
            0.5428986912263694,
            0.5482307319437713,
            0.5302956858943286,
            0.5472612699951527,
            0.5278720310227824,
            0.5492001938923897,
            0.5283567619970916
        ]
    },
    "32": {
        "mean": 0.533349491032477,
        "max": 0.5399903053805138,
        "min": 0.523509452253999,
        "all": [
            0.5341735336888027,
            0.523509452253999,
            0.5399903053805138,
            0.5361124575860398,
            0.5327193407658749,
            0.5327193407658749,
            0.5356277266117305,
            0.5269025690741639,
            0.5327193407658749,
            0.5390208434318953
        ]
    },
    "64": {
        "mean": 0.530731943771207,
        "max": 0.5404750363548231,
        "min": 0.5230247212796898,
        "all": [
            0.5375666505089676,
            0.5298109549200194,
            0.5278720310227824,
            0.523509452253999,
            0.5288414929714008,
            0.5404750363548231,
            0.5230247212796898,
            0.5327193407658749,
            0.5283567619970916,
            0.5351429956374212
        ]
    },
    "128": {
        "mean": 0.5283567619970916,
        "max": 0.5283567619970916,
        "min": 0.5283567619970916,
        "all": [
            0.5283567619970916,
            0.5283567619970916,
            0.5283567619970916,
            0.5283567619970916,
            0.5283567619970916,
            0.5283567619970916,
            0.5283567619970916,
            0.5283567619970916,
            0.5283567619970916,
            0.5283567619970916
        ]
    }
}