{
    "1": {
        "mean": 0.4815317498788172,
        "max": 0.4968492486669898,
        "min": 0.4692195831313621,
        "all": [
            0.4968492486669898,
            0.47649054774600097,
            0.48618516723218613,
            0.4881240911294232,
            0.48327678138633057,
            0.48327678138633057,
            0.4774600096946195,
            0.4774600096946195,
            0.4769752787203102,
            0.4692195831313621
        ]
    },
    "2": {
        "mean": 0.5150266602035869,
        "max": 0.5259331071255453,
        "min": 0.5055744062045565,
        "all": [
            0.5142995637421232,
            0.5210857973824528,
            0.5162384876393602,
            0.5259331071255453,
            0.5128453708191953,
            0.5099369849733398,
            0.5055744062045565,
            0.5230247212796898,
            0.5118759088705769,
            0.5094522539990305
        ]
    },
    "4": {
        "mean": 0.5444013572467281,
        "max": 0.5584100824042656,
        "min": 0.5370819195346582,
        "all": [
            0.5380513814832768,
            0.551623848763936,
            0.5438681531749879,
            0.5433834222006786,
            0.5448376151236064,
            0.5428986912263694,
            0.5399903053805138,
            0.5438681531749879,
            0.5370819195346582,
            0.5584100824042656
        ]
    },
    "8": {
        "mean": 0.5624818225884635,
        "max": 0.5714978187106156,
        "min": 0.5492001938923897,
        "all": [
            0.566650508967523,
            0.5584100824042656,
            0.5676199709161416,
            0.5559864275327193,
            0.5705283567619971,
            0.5651963160445953,
            0.5714978187106156,
            0.5555016965584101,
            0.5492001938923897,
            0.5642268540959767
        ]
    },
    "16": {
        "mean": 0.5751333010179349,
        "max": 0.5821619001454192,
        "min": 0.5671352399418322,
        "all": [
            0.5744062045564712,
            0.579738245273873,
            0.5671352399418322,
            0.5734367426078526,
            0.5681047018904508,
            0.5753756665050896,
            0.579738245273873,
            0.573921473582162,
            0.5773145904023267,
            0.5821619001454192
        ]
    },
    "32": {
        "mean": 0.5815802229762482,
        "max": 0.5874939408628211,
        "min": 0.5763451284537082,
        "all": [
            0.58167716917111,
            0.5792535142995637,
            0.5811924381968008,
            0.5782840523509453,
            0.5850702859912749,
            0.5831313620940378,
            0.5855550169655841,
            0.5763451284537082,
            0.5874939408628211,
            0.5777993213766359
        ]
    },
    "64": {
        "mean": 0.5854580707707222,
        "max": 0.5894328647600582,
        "min": 0.58167716917111,
        "all": [
            0.583616093068347,
            0.5894328647600582,
            0.5841008240426563,
            0.5870092098885119,
            0.58167716917111,
            0.5860397479398933,
            0.5865244789142026,
            0.5850702859912749,
            0.5874939408628211,
            0.583616093068347
        ]
    },
    "128": {
        "mean": 0.5879786718371304,
        "max": 0.5879786718371304,
        "min": 0.5879786718371304,
        "all": [
            0.5879786718371304,
            0.5879786718371304,
            0.5879786718371304,
            0.5879786718371304,
            0.5879786718371304,
            0.5879786718371304,
            0.5879786718371304,
            0.5879786718371304,
            0.5879786718371304,
            0.5879786718371304
        ]
    }
}