{
    "1": {
        "mean": 0.4815317498788172,
        "max": 0.4968492486669898,
        "min": 0.4692195831313621,
        "all": [
            0.4968492486669898,
            0.47649054774600097,
            0.48618516723218613,
            0.4881240911294232,
            0.48327678138633057,
            0.48327678138633057,
            0.4774600096946195,
            0.4774600096946195,
            0.4769752787203102,
            0.4692195831313621
        ]
    },
    "2": {
        "mean": 0.5147358216190014,
        "max": 0.5225399903053806,
        "min": 0.5031507513330101,
        "all": [
            0.5157537566650509,
            0.5210857973824528,
            0.5060591371788657,
            0.5181774115365972,
            0.5191468734852157,
            0.5138148327678138,
            0.5031507513330101,
            0.5172079495879787,
            0.5225399903053806,
            0.5104217159476491
        ]
    },
    "4": {
        "mean": 0.5442074648570043,
        "max": 0.5588948133785749,
        "min": 0.5341735336888027,
        "all": [
            0.5453223460979156,
            0.5433834222006786,
            0.5472612699951527,
            0.5428986912263694,
            0.5492001938923897,
            0.5433834222006786,
            0.534658264663112,
            0.5428986912263694,
            0.5341735336888027,
            0.5588948133785749
        ]
    },
    "8": {
        "mean": 0.5629665535627726,
        "max": 0.5724672806592341,
        "min": 0.5530780416868638,
        "all": [
            0.5598642753271934,
            0.5579253514299564,
            0.5681047018904508,
            0.5618031992244304,
            0.5705283567619971,
            0.5661657779932138,
            0.5724672806592341,
            0.5608337372758119,
            0.5530780416868638,
            0.5588948133785749
        ]
    },
    "16": {
        "mean": 0.5759088705768299,
        "max": 0.5831313620940378,
        "min": 0.5656810470189045,
        "all": [
            0.5782840523509453,
            0.58167716917111,
            0.5656810470189045,
            0.575860397479399,
            0.5690741638390693,
            0.5753756665050896,
            0.579738245273873,
            0.5744062045564712,
            0.575860397479399,
            0.5831313620940378
        ]
    },
    "32": {
        "mean": 0.5828405235094521,
        "max": 0.5894328647600582,
        "min": 0.5787687833252545,
        "all": [
            0.5845855550169656,
            0.579738245273873,
            0.583616093068347,
            0.579738245273873,
            0.5850702859912749,
            0.58167716917111,
            0.5894328647600582,
            0.5787687833252545,
            0.5855550169655841,
            0.5802229762481823
        ]
    },
    "64": {
        "mean": 0.5870576829859427,
        "max": 0.5904023267086767,
        "min": 0.5826466311197286,
        "all": [
            0.5826466311197286,
            0.5899175957343674,
            0.5865244789142026,
            0.5904023267086767,
            0.5841008240426563,
            0.5879786718371304,
            0.5865244789142026,
            0.5884634028114396,
            0.5874939408628211,
            0.5865244789142026
        ]
    },
    "128": {
        "mean": 0.5913717886572953,
        "max": 0.5913717886572952,
        "min": 0.5913717886572952,
        "all": [
            0.5913717886572952,
            0.5913717886572952,
            0.5913717886572952,
            0.5913717886572952,
            0.5913717886572952,
            0.5913717886572952,
            0.5913717886572952,
            0.5913717886572952,
            0.5913717886572952,
            0.5913717886572952
        ]
    }
}