{
    "1": {
        "mean": 0.4815317498788172,
        "max": 0.4968492486669898,
        "min": 0.4692195831313621,
        "all": [
            0.4968492486669898,
            0.47649054774600097,
            0.48618516723218613,
            0.4881240911294232,
            0.48327678138633057,
            0.48327678138633057,
            0.4774600096946195,
            0.4774600096946195,
            0.4769752787203102,
            0.4692195831313621
        ]
    },
    "2": {
        "mean": 0.5177896267571497,
        "max": 0.5288414929714008,
        "min": 0.5070285991274842,
        "all": [
            0.5152690256907416,
            0.5206010664081435,
            0.5172079495879787,
            0.5186621425109065,
            0.521570528356762,
            0.5186621425109065,
            0.5070285991274842,
            0.5288414929714008,
            0.5206010664081435,
            0.5094522539990305
        ]
    },
    "4": {
        "mean": 0.5487639360155114,
        "max": 0.564711585070286,
        "min": 0.5395055744062045,
        "all": [
            0.5462918080465342,
            0.551623848763936,
            0.5438681531749879,
            0.5467765390208434,
            0.5511391177896268,
            0.5521085797382452,
            0.5433834222006786,
            0.5482307319437713,
            0.5395055744062045,
            0.564711585070286
        ]
    },
    "8": {
        "mean": 0.5640329617062529,
        "max": 0.5734367426078526,
        "min": 0.5525933107125546,
        "all": [
            0.5637421231216675,
            0.5588948133785749,
            0.5700436257876879,
            0.5622879301987397,
            0.5714978187106156,
            0.5671352399418322,
            0.5734367426078526,
            0.5588948133785749,
            0.5525933107125546,
            0.5618031992244304
        ]
    },
    "16": {
        "mean": 0.5763936015511392,
        "max": 0.5831313620940378,
        "min": 0.5705283567619971,
        "all": [
            0.575860397479399,
            0.5831313620940378,
            0.5705283567619971,
            0.5748909355307804,
            0.5734367426078526,
            0.5753756665050896,
            0.5802229762481823,
            0.5710130877363063,
            0.5821619001454192,
            0.5773145904023267
        ]
    },
    "32": {
        "mean": 0.5840038778477945,
        "max": 0.5904023267086767,
        "min": 0.5792535142995637,
        "all": [
            0.5831313620940378,
            0.5826466311197286,
            0.5841008240426563,
            0.5792535142995637,
            0.5904023267086767,
            0.5826466311197286,
            0.5879786718371304,
            0.5807077072224915,
            0.5879786718371304,
            0.5811924381968008
        ]
    },
    "64": {
        "mean": 0.5889481337857488,
        "max": 0.5933107125545323,
        "min": 0.583616093068347,
        "all": [
            0.5865244789142026,
            0.5899175957343674,
            0.5874939408628211,
            0.5933107125545323,
            0.583616093068347,
            0.5913717886572952,
            0.5865244789142026,
            0.590887057682986,
            0.5913717886572952,
            0.5884634028114396
        ]
    },
    "128": {
        "mean": 0.590887057682986,
        "max": 0.590887057682986,
        "min": 0.590887057682986,
        "all": [
            0.590887057682986,
            0.590887057682986,
            0.590887057682986,
            0.590887057682986,
            0.590887057682986,
            0.590887057682986,
            0.590887057682986,
            0.590887057682986,
            0.590887057682986,
            0.590887057682986
        ]
    }
}