{
    "1": {
        "mean": 0.5780000000000001,
        "max": 0.6066666666666667,
        "min": 0.54,
        "all": [
            0.56,
            0.5866666666666667,
            0.5733333333333334,
            0.58,
            0.54,
            0.56,
            0.5933333333333334,
            0.5933333333333334,
            0.5866666666666667,
            0.6066666666666667
        ]
    },
    "2": {
        "mean": 0.5993333333333333,
        "max": 0.62,
        "min": 0.5733333333333334,
        "all": [
            0.5733333333333334,
            0.5866666666666667,
            0.6,
            0.6066666666666667,
            0.6,
            0.5933333333333334,
            0.6,
            0.6066666666666667,
            0.62,
            0.6066666666666667
        ]
    },
    "4": {
        "mean": 0.5866666666666667,
        "max": 0.6066666666666667,
        "min": 0.5666666666666667,
        "all": [
            0.5866666666666667,
            0.5733333333333334,
            0.5933333333333334,
            0.58,
            0.5933333333333334,
            0.5733333333333334,
            0.6066666666666667,
            0.6,
            0.5933333333333334,
            0.5666666666666667
        ]
    },
    "8": {
        "mean": 0.5926666666666667,
        "max": 0.62,
        "min": 0.5733333333333334,
        "all": [
            0.5933333333333334,
            0.62,
            0.6066666666666667,
            0.5733333333333334,
            0.6,
            0.58,
            0.6133333333333333,
            0.5866666666666667,
            0.58,
            0.5733333333333334
        ]
    },
    "16": {
        "mean": 0.5646666666666667,
        "max": 0.5866666666666667,
        "min": 0.5333333333333333,
        "all": [
            0.5866666666666667,
            0.56,
            0.58,
            0.5466666666666666,
            0.58,
            0.5333333333333333,
            0.5866666666666667,
            0.56,
            0.5466666666666666,
            0.5666666666666667
        ]
    },
    "32": {
        "mean": 0.55,
        "max": 0.6,
        "min": 0.5266666666666666,
        "all": [
            0.5533333333333333,
            0.54,
            0.5266666666666666,
            0.54,
            0.54,
            0.5466666666666666,
            0.5466666666666666,
            0.6,
            0.5533333333333333,
            0.5533333333333333
        ]
    },
    "64": {
        "mean": 0.5513333333333333,
        "max": 0.5733333333333334,
        "min": 0.52,
        "all": [
            0.5466666666666666,
            0.5466666666666666,
            0.54,
            0.5733333333333334,
            0.5533333333333333,
            0.5666666666666667,
            0.52,
            0.56,
            0.5466666666666666,
            0.56
        ]
    },
    "128": {
        "mean": 0.5333333333333333,
        "max": 0.5333333333333333,
        "min": 0.5333333333333333,
        "all": [
            0.5333333333333333,
            0.5333333333333333,
            0.5333333333333333,
            0.5333333333333333,
            0.5333333333333333,
            0.5333333333333333,
            0.5333333333333333,
            0.5333333333333333,
            0.5333333333333333,
            0.5333333333333333
        ]
    }
}