{
    "1": {
        "mean": 0.5780000000000001,
        "max": 0.6066666666666667,
        "min": 0.54,
        "all": [
            0.56,
            0.5866666666666667,
            0.5733333333333334,
            0.58,
            0.54,
            0.56,
            0.5933333333333334,
            0.5933333333333334,
            0.5866666666666667,
            0.6066666666666667
        ]
    },
    "2": {
        "mean": 0.5920000000000001,
        "max": 0.62,
        "min": 0.5733333333333334,
        "all": [
            0.5733333333333334,
            0.58,
            0.5933333333333334,
            0.5933333333333334,
            0.5933333333333334,
            0.58,
            0.5866666666666667,
            0.6066666666666667,
            0.62,
            0.5933333333333334
        ]
    },
    "4": {
        "mean": 0.582,
        "max": 0.6133333333333333,
        "min": 0.56,
        "all": [
            0.5733333333333334,
            0.56,
            0.6,
            0.5733333333333334,
            0.58,
            0.5666666666666667,
            0.6,
            0.6133333333333333,
            0.5866666666666667,
            0.5666666666666667
        ]
    },
    "8": {
        "mean": 0.594,
        "max": 0.62,
        "min": 0.5733333333333334,
        "all": [
            0.6066666666666667,
            0.62,
            0.6,
            0.5866666666666667,
            0.5933333333333334,
            0.5866666666666667,
            0.5866666666666667,
            0.5866666666666667,
            0.5733333333333334,
            0.6
        ]
    },
    "16": {
        "mean": 0.5573333333333333,
        "max": 0.58,
        "min": 0.5333333333333333,
        "all": [
            0.5666666666666667,
            0.5333333333333333,
            0.5733333333333334,
            0.5466666666666666,
            0.5666666666666667,
            0.5533333333333333,
            0.5666666666666667,
            0.58,
            0.5333333333333333,
            0.5533333333333333
        ]
    },
    "32": {
        "mean": 0.5439999999999999,
        "max": 0.58,
        "min": 0.5133333333333333,
        "all": [
            0.5333333333333333,
            0.5466666666666666,
            0.5133333333333333,
            0.5333333333333333,
            0.5533333333333333,
            0.5533333333333333,
            0.5333333333333333,
            0.58,
            0.5333333333333333,
            0.56
        ]
    },
    "64": {
        "mean": 0.5333333333333333,
        "max": 0.5533333333333333,
        "min": 0.52,
        "all": [
            0.54,
            0.52,
            0.5266666666666666,
            0.5533333333333333,
            0.5333333333333333,
            0.5266666666666666,
            0.5333333333333333,
            0.5466666666666666,
            0.5266666666666666,
            0.5266666666666666
        ]
    },
    "128": {
        "mean": 0.5199999999999999,
        "max": 0.52,
        "min": 0.52,
        "all": [
            0.52,
            0.52,
            0.52,
            0.52,
            0.52,
            0.52,
            0.52,
            0.52,
            0.52,
            0.52
        ]
    }
}