{
    "1": {
        "mean": 0.4815317498788172,
        "max": 0.4968492486669898,
        "min": 0.4692195831313621,
        "all": [
            0.4968492486669898,
            0.47649054774600097,
            0.48618516723218613,
            0.4881240911294232,
            0.48327678138633057,
            0.48327678138633057,
            0.4774600096946195,
            0.4774600096946195,
            0.4769752787203102,
            0.4692195831313621
        ]
    },
    "2": {
        "mean": 0.5087736306349976,
        "max": 0.5186621425109065,
        "min": 0.5007270964614638,
        "all": [
            0.5060591371788657,
            0.5186621425109065,
            0.5142995637421232,
            0.5016965584100824,
            0.5070285991274842,
            0.5007270964614638,
            0.5026660203587009,
            0.5104217159476491,
            0.5128453708191953,
            0.5133301017935046
        ]
    },
    "4": {
        "mean": 0.5317983519146873,
        "max": 0.5419292292777509,
        "min": 0.5181774115365972,
        "all": [
            0.5327193407658749,
            0.5269025690741639,
            0.5288414929714008,
            0.5181774115365972,
            0.5302956858943286,
            0.536597188560349,
            0.5249636451769268,
            0.5419292292777509,
            0.538536112457586,
            0.5390208434318953
        ]
    },
    "8": {
        "mean": 0.5451769268056228,
        "max": 0.5584100824042656,
        "min": 0.5380513814832768,
        "all": [
            0.5404750363548231,
            0.5419292292777509,
            0.5559864275327193,
            0.5404750363548231,
            0.5380513814832768,
            0.5511391177896268,
            0.5584100824042656,
            0.5433834222006786,
            0.538536112457586,
            0.5433834222006786
        ]
    },
    "16": {
        "mean": 0.5453223460979156,
        "max": 0.5545322346097916,
        "min": 0.534658264663112,
        "all": [
            0.5492001938923897,
            0.5525933107125546,
            0.538536112457586,
            0.534658264663112,
            0.5433834222006786,
            0.549684924866699,
            0.551623848763936,
            0.5361124575860398,
            0.5428986912263694,
            0.5545322346097916
        ]
    },
    "32": {
        "mean": 0.5458555501696558,
        "max": 0.5540475036354823,
        "min": 0.5351429956374212,
        "all": [
            0.5424139602520601,
            0.5351429956374212,
            0.5458070770722249,
            0.5414444983034415,
            0.5540475036354823,
            0.5487154629180805,
            0.5399903053805138,
            0.5472612699951527,
            0.5540475036354823,
            0.549684924866699
        ]
    },
    "64": {
        "mean": 0.5501696558410083,
        "max": 0.5569558894813379,
        "min": 0.5448376151236064,
        "all": [
            0.5448376151236064,
            0.5472612699951527,
            0.5564711585070286,
            0.5472612699951527,
            0.5462918080465342,
            0.549684924866699,
            0.5525933107125546,
            0.5569558894813379,
            0.5467765390208434,
            0.553562772661173
        ]
    },
    "128": {
        "mean": 0.5458070770722249,
        "max": 0.5458070770722249,
        "min": 0.5458070770722249,
        "all": [
            0.5458070770722249,
            0.5458070770722249,
            0.5458070770722249,
            0.5458070770722249,
            0.5458070770722249,
            0.5458070770722249,
            0.5458070770722249,
            0.5458070770722249,
            0.5458070770722249,
            0.5458070770722249
        ]
    }
}