{
    "1": {
        "mean": 0.4815317498788172,
        "max": 0.4968492486669898,
        "min": 0.4692195831313621,
        "all": [
            0.4968492486669898,
            0.47649054774600097,
            0.48618516723218613,
            0.4881240911294232,
            0.48327678138633057,
            0.48327678138633057,
            0.4774600096946195,
            0.4774600096946195,
            0.4769752787203102,
            0.4692195831313621
        ]
    },
    "2": {
        "mean": 0.5089190499272903,
        "max": 0.521570528356762,
        "min": 0.4983034415899176,
        "all": [
            0.5055744062045565,
            0.521570528356762,
            0.5128453708191953,
            0.4983034415899176,
            0.5075133301017936,
            0.4983034415899176,
            0.5036354823073195,
            0.5162384876393602,
            0.5094522539990305,
            0.5157537566650509
        ]
    },
    "4": {
        "mean": 0.5343674260785265,
        "max": 0.5448376151236064,
        "min": 0.5259331071255453,
        "all": [
            0.5322346097915657,
            0.5264178380998545,
            0.5298109549200194,
            0.5259331071255453,
            0.5341735336888027,
            0.5351429956374212,
            0.5327193407658749,
            0.5448376151236064,
            0.5375666505089676,
            0.5448376151236064
        ]
    },
    "8": {
        "mean": 0.5460009694619486,
        "max": 0.5588948133785749,
        "min": 0.5370819195346582,
        "all": [
            0.5462918080465342,
            0.5370819195346582,
            0.5555016965584101,
            0.5458070770722249,
            0.5472612699951527,
            0.5438681531749879,
            0.5588948133785749,
            0.5409597673291323,
            0.5390208434318953,
            0.5453223460979156
        ]
    },
    "16": {
        "mean": 0.5455647115850704,
        "max": 0.5608337372758119,
        "min": 0.5269025690741639,
        "all": [
            0.5521085797382452,
            0.5598642753271934,
            0.5351429956374212,
            0.5414444983034415,
            0.5424139602520601,
            0.5419292292777509,
            0.5608337372758119,
            0.5269025690741639,
            0.5492001938923897,
            0.5458070770722249
        ]
    },
    "32": {
        "mean": 0.5480853126514784,
        "max": 0.5540475036354823,
        "min": 0.5428986912263694,
        "all": [
            0.5467765390208434,
            0.5428986912263694,
            0.5448376151236064,
            0.5487154629180805,
            0.5540475036354823,
            0.5511391177896268,
            0.5433834222006786,
            0.5492001938923897,
            0.5472612699951527,
            0.5525933107125546
        ]
    },
    "64": {
        "mean": 0.5544352884149297,
        "max": 0.5642268540959767,
        "min": 0.5492001938923897,
        "all": [
            0.5574406204556471,
            0.5501696558410082,
            0.5603490063015026,
            0.5501696558410082,
            0.5540475036354823,
            0.5559864275327193,
            0.551623848763936,
            0.5642268540959767,
            0.5492001938923897,
            0.5511391177896268
        ]
    },
    "128": {
        "mean": 0.5492001938923898,
        "max": 0.5492001938923897,
        "min": 0.5492001938923897,
        "all": [
            0.5492001938923897,
            0.5492001938923897,
            0.5492001938923897,
            0.5492001938923897,
            0.5492001938923897,
            0.5492001938923897,
            0.5492001938923897,
            0.5492001938923897,
            0.5492001938923897,
            0.5492001938923897
        ]
    }
}