{
    "1": {
        "mean": 0.33333333333333337,
        "max": 0.38666666666666666,
        "min": 0.29333333333333333,
        "all": [
            0.31333333333333335,
            0.36666666666666664,
            0.32666666666666666,
            0.38666666666666666,
            0.35333333333333333,
            0.34,
            0.30666666666666664,
            0.32,
            0.32666666666666666,
            0.29333333333333333
        ]
    },
    "2": {
        "mean": 0.4133333333333334,
        "max": 0.48,
        "min": 0.34,
        "all": [
            0.4266666666666667,
            0.42,
            0.4066666666666667,
            0.43333333333333335,
            0.36666666666666664,
            0.34,
            0.48,
            0.38666666666666666,
            0.43333333333333335,
            0.44
        ]
    },
    "4": {
        "mean": 0.45266666666666666,
        "max": 0.48,
        "min": 0.4066666666666667,
        "all": [
            0.46,
            0.48,
            0.46,
            0.46,
            0.47333333333333333,
            0.4266666666666667,
            0.4266666666666667,
            0.4666666666666667,
            0.4066666666666667,
            0.4666666666666667
        ]
    },
    "8": {
        "mean": 0.43666666666666665,
        "max": 0.46,
        "min": 0.41333333333333333,
        "all": [
            0.46,
            0.41333333333333333,
            0.43333333333333335,
            0.41333333333333333,
            0.43333333333333335,
            0.4533333333333333,
            0.44666666666666666,
            0.44,
            0.42,
            0.4533333333333333
        ]
    },
    "16": {
        "mean": 0.44666666666666666,
        "max": 0.4666666666666667,
        "min": 0.4066666666666667,
        "all": [
            0.44666666666666666,
            0.4266666666666667,
            0.4666666666666667,
            0.4666666666666667,
            0.43333333333333335,
            0.46,
            0.46,
            0.4066666666666667,
            0.43333333333333335,
            0.4666666666666667
        ]
    },
    "32": {
        "mean": 0.43866666666666665,
        "max": 0.4666666666666667,
        "min": 0.42,
        "all": [
            0.42,
            0.4533333333333333,
            0.4266666666666667,
            0.44,
            0.43333333333333335,
            0.4533333333333333,
            0.4666666666666667,
            0.4533333333333333,
            0.42,
            0.42
        ]
    },
    "64": {
        "mean": 0.442,
        "max": 0.47333333333333333,
        "min": 0.4066666666666667,
        "all": [
            0.41333333333333333,
            0.44666666666666666,
            0.44,
            0.47333333333333333,
            0.47333333333333333,
            0.43333333333333335,
            0.44,
            0.43333333333333335,
            0.46,
            0.4066666666666667
        ]
    },
    "128": {
        "mean": 0.44000000000000006,
        "max": 0.44,
        "min": 0.44,
        "all": [
            0.44,
            0.44,
            0.44,
            0.44,
            0.44,
            0.44,
            0.44,
            0.44,
            0.44,
            0.44
        ]
    }
}