{
    "1": {
        "mean": 0.45533333333333337,
        "max": 0.4866666666666667,
        "min": 0.43333333333333335,
        "all": [
            0.44666666666666666,
            0.4533333333333333,
            0.46,
            0.4666666666666667,
            0.43333333333333335,
            0.44,
            0.4866666666666667,
            0.43333333333333335,
            0.46,
            0.47333333333333333
        ]
    },
    "2": {
        "mean": 0.4646666666666667,
        "max": 0.5266666666666666,
        "min": 0.42,
        "all": [
            0.4866666666666667,
            0.49333333333333335,
            0.43333333333333335,
            0.46,
            0.4533333333333333,
            0.4533333333333333,
            0.5266666666666666,
            0.4533333333333333,
            0.42,
            0.4666666666666667
        ]
    },
    "4": {
        "mean": 0.4566666666666667,
        "max": 0.49333333333333335,
        "min": 0.4266666666666667,
        "all": [
            0.49333333333333335,
            0.4666666666666667,
            0.4533333333333333,
            0.4533333333333333,
            0.4266666666666667,
            0.4533333333333333,
            0.44666666666666666,
            0.4533333333333333,
            0.48,
            0.44
        ]
    },
    "8": {
        "mean": 0.46333333333333326,
        "max": 0.48,
        "min": 0.44,
        "all": [
            0.47333333333333333,
            0.46,
            0.4666666666666667,
            0.48,
            0.48,
            0.4533333333333333,
            0.44,
            0.4533333333333333,
            0.4666666666666667,
            0.46
        ]
    },
    "16": {
        "mean": 0.45933333333333326,
        "max": 0.48,
        "min": 0.44666666666666666,
        "all": [
            0.4533333333333333,
            0.4666666666666667,
            0.46,
            0.46,
            0.46,
            0.48,
            0.44666666666666666,
            0.4533333333333333,
            0.4533333333333333,
            0.46
        ]
    },
    "32": {
        "mean": 0.45866666666666667,
        "max": 0.48,
        "min": 0.43333333333333335,
        "all": [
            0.44,
            0.46,
            0.4666666666666667,
            0.4666666666666667,
            0.47333333333333333,
            0.4666666666666667,
            0.48,
            0.43333333333333335,
            0.46,
            0.44
        ]
    },
    "64": {
        "mean": 0.4666666666666667,
        "max": 0.47333333333333333,
        "min": 0.4533333333333333,
        "all": [
            0.46,
            0.47333333333333333,
            0.4533333333333333,
            0.4666666666666667,
            0.4666666666666667,
            0.47333333333333333,
            0.4666666666666667,
            0.47333333333333333,
            0.4666666666666667,
            0.4666666666666667
        ]
    },
    "128": {
        "mean": 0.47333333333333333,
        "max": 0.47333333333333333,
        "min": 0.47333333333333333,
        "all": [
            0.47333333333333333,
            0.47333333333333333,
            0.47333333333333333,
            0.47333333333333333,
            0.47333333333333333,
            0.47333333333333333,
            0.47333333333333333,
            0.47333333333333333,
            0.47333333333333333,
            0.47333333333333333
        ]
    }
}