{
    "1": {
        "mean": 0.45533333333333337,
        "max": 0.4866666666666667,
        "min": 0.43333333333333335,
        "all": [
            0.44666666666666666,
            0.4533333333333333,
            0.46,
            0.4666666666666667,
            0.43333333333333335,
            0.44,
            0.4866666666666667,
            0.43333333333333335,
            0.46,
            0.47333333333333333
        ]
    },
    "2": {
        "mean": 0.4766666666666667,
        "max": 0.52,
        "min": 0.4266666666666667,
        "all": [
            0.48,
            0.48,
            0.4666666666666667,
            0.52,
            0.4266666666666667,
            0.4866666666666667,
            0.49333333333333335,
            0.4866666666666667,
            0.4666666666666667,
            0.46
        ]
    },
    "4": {
        "mean": 0.4666666666666667,
        "max": 0.5,
        "min": 0.43333333333333335,
        "all": [
            0.5,
            0.4533333333333333,
            0.4866666666666667,
            0.47333333333333333,
            0.46,
            0.4666666666666667,
            0.49333333333333335,
            0.4533333333333333,
            0.43333333333333335,
            0.44666666666666666
        ]
    },
    "8": {
        "mean": 0.48266666666666663,
        "max": 0.5066666666666667,
        "min": 0.4533333333333333,
        "all": [
            0.4866666666666667,
            0.5066666666666667,
            0.47333333333333333,
            0.48,
            0.48,
            0.4666666666666667,
            0.5,
            0.47333333333333333,
            0.5066666666666667,
            0.4533333333333333
        ]
    },
    "16": {
        "mean": 0.47666666666666674,
        "max": 0.49333333333333335,
        "min": 0.44666666666666666,
        "all": [
            0.4666666666666667,
            0.46,
            0.48,
            0.48,
            0.49333333333333335,
            0.4866666666666667,
            0.48,
            0.44666666666666666,
            0.49333333333333335,
            0.48
        ]
    },
    "32": {
        "mean": 0.4666666666666667,
        "max": 0.5,
        "min": 0.4266666666666667,
        "all": [
            0.44,
            0.46,
            0.47333333333333333,
            0.47333333333333333,
            0.47333333333333333,
            0.48,
            0.5,
            0.4266666666666667,
            0.47333333333333333,
            0.4666666666666667
        ]
    },
    "64": {
        "mean": 0.45199999999999996,
        "max": 0.48,
        "min": 0.4266666666666667,
        "all": [
            0.48,
            0.44666666666666666,
            0.44,
            0.4266666666666667,
            0.4666666666666667,
            0.46,
            0.44666666666666666,
            0.4533333333333333,
            0.44666666666666666,
            0.4533333333333333
        ]
    },
    "128": {
        "mean": 0.4466666666666666,
        "max": 0.44666666666666666,
        "min": 0.44666666666666666,
        "all": [
            0.44666666666666666,
            0.44666666666666666,
            0.44666666666666666,
            0.44666666666666666,
            0.44666666666666666,
            0.44666666666666666,
            0.44666666666666666,
            0.44666666666666666,
            0.44666666666666666,
            0.44666666666666666
        ]
    }
}