{
    "1": {
        "mean": 0.45533333333333337,
        "max": 0.4866666666666667,
        "min": 0.43333333333333335,
        "all": [
            0.44666666666666666,
            0.4533333333333333,
            0.46,
            0.4666666666666667,
            0.43333333333333335,
            0.44,
            0.4866666666666667,
            0.43333333333333335,
            0.46,
            0.47333333333333333
        ]
    },
    "2": {
        "mean": 0.4779999999999999,
        "max": 0.5,
        "min": 0.44666666666666666,
        "all": [
            0.49333333333333335,
            0.49333333333333335,
            0.4533333333333333,
            0.49333333333333335,
            0.47333333333333333,
            0.4666666666666667,
            0.5,
            0.48,
            0.44666666666666666,
            0.48
        ]
    },
    "4": {
        "mean": 0.4666666666666667,
        "max": 0.5066666666666667,
        "min": 0.43333333333333335,
        "all": [
            0.46,
            0.43333333333333335,
            0.47333333333333333,
            0.44,
            0.4666666666666667,
            0.49333333333333335,
            0.5066666666666667,
            0.49333333333333335,
            0.4666666666666667,
            0.43333333333333335
        ]
    },
    "8": {
        "mean": 0.4706666666666666,
        "max": 0.49333333333333335,
        "min": 0.4533333333333333,
        "all": [
            0.48,
            0.4666666666666667,
            0.48,
            0.47333333333333333,
            0.48,
            0.46,
            0.4533333333333333,
            0.4666666666666667,
            0.4533333333333333,
            0.49333333333333335
        ]
    },
    "16": {
        "mean": 0.46333333333333326,
        "max": 0.48,
        "min": 0.43333333333333335,
        "all": [
            0.46,
            0.48,
            0.43333333333333335,
            0.46,
            0.4666666666666667,
            0.47333333333333333,
            0.48,
            0.46,
            0.4533333333333333,
            0.4666666666666667
        ]
    },
    "32": {
        "mean": 0.4666666666666667,
        "max": 0.49333333333333335,
        "min": 0.44,
        "all": [
            0.46,
            0.48,
            0.47333333333333333,
            0.4666666666666667,
            0.44,
            0.44666666666666666,
            0.46,
            0.49333333333333335,
            0.47333333333333333,
            0.47333333333333333
        ]
    },
    "64": {
        "mean": 0.46466666666666673,
        "max": 0.5066666666666667,
        "min": 0.44,
        "all": [
            0.44,
            0.5066666666666667,
            0.4666666666666667,
            0.4666666666666667,
            0.46,
            0.4666666666666667,
            0.49333333333333335,
            0.44,
            0.44,
            0.4666666666666667
        ]
    },
    "128": {
        "mean": 0.45933333333333337,
        "max": 0.47333333333333333,
        "min": 0.44666666666666666,
        "all": [
            0.4533333333333333,
            0.44666666666666666,
            0.47333333333333333,
            0.47333333333333333,
            0.4533333333333333,
            0.44666666666666666,
            0.4533333333333333,
            0.4666666666666667,
            0.46,
            0.4666666666666667
        ]
    }
}