{
    "1": {
        "mean": 0.4174496644295302,
        "max": 0.4563758389261745,
        "min": 0.3691275167785235,
        "all": [
            0.4228187919463087,
            0.4228187919463087,
            0.3825503355704698,
            0.436241610738255,
            0.44966442953020136,
            0.38926174496644295,
            0.42953020134228187,
            0.3691275167785235,
            0.4161073825503356,
            0.4563758389261745
        ]
    },
    "2": {
        "mean": 0.42080536912751676,
        "max": 0.46308724832214765,
        "min": 0.3624161073825503,
        "all": [
            0.436241610738255,
            0.40268456375838924,
            0.4228187919463087,
            0.46308724832214765,
            0.4228187919463087,
            0.3959731543624161,
            0.4429530201342282,
            0.3624161073825503,
            0.4429530201342282,
            0.4161073825503356
        ]
    },
    "4": {
        "mean": 0.41812080536912755,
        "max": 0.44966442953020136,
        "min": 0.37583892617449666,
        "all": [
            0.44966442953020136,
            0.40268456375838924,
            0.40268456375838924,
            0.42953020134228187,
            0.4228187919463087,
            0.37583892617449666,
            0.4228187919463087,
            0.4161073825503356,
            0.4228187919463087,
            0.436241610738255
        ]
    },
    "8": {
        "mean": 0.4167785234899329,
        "max": 0.4429530201342282,
        "min": 0.38926174496644295,
        "all": [
            0.4161073825503356,
            0.40939597315436244,
            0.40268456375838924,
            0.4429530201342282,
            0.38926174496644295,
            0.4161073825503356,
            0.4161073825503356,
            0.4161073825503356,
            0.436241610738255,
            0.4228187919463087
        ]
    },
    "16": {
        "mean": 0.3899328859060403,
        "max": 0.4161073825503356,
        "min": 0.3691275167785235,
        "all": [
            0.40939597315436244,
            0.3691275167785235,
            0.4161073825503356,
            0.3959731543624161,
            0.3825503355704698,
            0.3959731543624161,
            0.37583892617449666,
            0.38926174496644295,
            0.3691275167785235,
            0.3959731543624161
        ]
    },
    "32": {
        "mean": 0.3778523489932886,
        "max": 0.4161073825503356,
        "min": 0.348993288590604,
        "all": [
            0.3624161073825503,
            0.4161073825503356,
            0.3825503355704698,
            0.3959731543624161,
            0.348993288590604,
            0.38926174496644295,
            0.35570469798657717,
            0.3825503355704698,
            0.37583892617449666,
            0.3691275167785235
        ]
    },
    "64": {
        "mean": 0.3644295302013423,
        "max": 0.3825503355704698,
        "min": 0.3288590604026846,
        "all": [
            0.3825503355704698,
            0.35570469798657717,
            0.37583892617449666,
            0.3288590604026846,
            0.3691275167785235,
            0.3624161073825503,
            0.3825503355704698,
            0.348993288590604,
            0.3691275167785235,
            0.3691275167785235
        ]
    },
    "128": {
        "mean": 0.36241610738255037,
        "max": 0.3624161073825503,
        "min": 0.3624161073825503,
        "all": [
            0.3624161073825503,
            0.3624161073825503,
            0.3624161073825503,
            0.3624161073825503,
            0.3624161073825503,
            0.3624161073825503,
            0.3624161073825503,
            0.3624161073825503,
            0.3624161073825503,
            0.3624161073825503
        ]
    }
}