{
    "1": {
        "mean": 0.4815317498788172,
        "max": 0.4968492486669898,
        "min": 0.4692195831313621,
        "all": [
            0.4968492486669898,
            0.47649054774600097,
            0.48618516723218613,
            0.4881240911294232,
            0.48327678138633057,
            0.48327678138633057,
            0.4774600096946195,
            0.4774600096946195,
            0.4769752787203102,
            0.4692195831313621
        ]
    },
    "2": {
        "mean": 0.5174018419777024,
        "max": 0.5278720310227824,
        "min": 0.5060591371788657,
        "all": [
            0.5152690256907416,
            0.5278720310227824,
            0.5104217159476491,
            0.5128453708191953,
            0.5225399903053806,
            0.523509452253999,
            0.5060591371788657,
            0.5244789142026175,
            0.5186621425109065,
            0.5123606398448861
        ]
    },
    "4": {
        "mean": 0.5436742607852642,
        "max": 0.5521085797382452,
        "min": 0.5307804168686379,
        "all": [
            0.5414444983034415,
            0.5467765390208434,
            0.5307804168686379,
            0.5467765390208434,
            0.5492001938923897,
            0.5487154629180805,
            0.5453223460979156,
            0.536597188560349,
            0.5390208434318953,
            0.5521085797382452
        ]
    },
    "8": {
        "mean": 0.5607852641783809,
        "max": 0.5661657779932138,
        "min": 0.553562772661173,
        "all": [
            0.5661657779932138,
            0.5627726611730489,
            0.5656810470189045,
            0.5550169655841009,
            0.5627726611730489,
            0.5603490063015026,
            0.5622879301987397,
            0.5632573921473583,
            0.5559864275327193,
            0.553562772661173
        ]
    },
    "16": {
        "mean": 0.5704314105671352,
        "max": 0.5768298594280175,
        "min": 0.5622879301987397,
        "all": [
            0.5763451284537082,
            0.5768298594280175,
            0.564711585070286,
            0.5705283567619971,
            0.5651963160445953,
            0.5729520116335434,
            0.5734367426078526,
            0.5622879301987397,
            0.5710130877363063,
            0.5710130877363063
        ]
    },
    "32": {
        "mean": 0.5772661173048957,
        "max": 0.5826466311197286,
        "min": 0.5714978187106156,
        "all": [
            0.5753756665050896,
            0.5714978187106156,
            0.5777993213766359,
            0.5773145904023267,
            0.5748909355307804,
            0.5807077072224915,
            0.5826466311197286,
            0.5768298594280175,
            0.5753756665050896,
            0.5802229762481823
        ]
    },
    "64": {
        "mean": 0.5834706737760542,
        "max": 0.5879786718371304,
        "min": 0.5802229762481823,
        "all": [
            0.5826466311197286,
            0.5807077072224915,
            0.5879786718371304,
            0.5855550169655841,
            0.5855550169655841,
            0.5870092098885119,
            0.5811924381968008,
            0.5802229762481823,
            0.5811924381968008,
            0.5826466311197286
        ]
    },
    "128": {
        "mean": 0.5831313620940379,
        "max": 0.5831313620940378,
        "min": 0.5831313620940378,
        "all": [
            0.5831313620940378,
            0.5831313620940378,
            0.5831313620940378,
            0.5831313620940378,
            0.5831313620940378,
            0.5831313620940378,
            0.5831313620940378,
            0.5831313620940378,
            0.5831313620940378,
            0.5831313620940378
        ]
    }
}