{
    "1": {
        "mean": 0.4815317498788172,
        "max": 0.4968492486669898,
        "min": 0.4692195831313621,
        "all": [
            0.4968492486669898,
            0.47649054774600097,
            0.48618516723218613,
            0.4881240911294232,
            0.48327678138633057,
            0.48327678138633057,
            0.4774600096946195,
            0.4774600096946195,
            0.4769752787203102,
            0.4692195831313621
        ]
    },
    "2": {
        "mean": 0.5188560349006301,
        "max": 0.5327193407658749,
        "min": 0.5046049442559379,
        "all": [
            0.5230247212796898,
            0.5327193407658749,
            0.5123606398448861,
            0.5210857973824528,
            0.5167232186136694,
            0.5206010664081435,
            0.5046049442559379,
            0.523509452253999,
            0.5172079495879787,
            0.5167232186136694
        ]
    },
    "4": {
        "mean": 0.5457586039747939,
        "max": 0.5569558894813379,
        "min": 0.536597188560349,
        "all": [
            0.5458070770722249,
            0.5458070770722249,
            0.5399903053805138,
            0.536597188560349,
            0.549684924866699,
            0.549684924866699,
            0.5424139602520601,
            0.5521085797382452,
            0.538536112457586,
            0.5569558894813379
        ]
    },
    "8": {
        "mean": 0.5638875424139602,
        "max": 0.5719825496849249,
        "min": 0.553562772661173,
        "all": [
            0.5651963160445953,
            0.5622879301987397,
            0.56858943286476,
            0.5579253514299564,
            0.5719825496849249,
            0.5656810470189045,
            0.5695588948133786,
            0.5608337372758119,
            0.553562772661173,
            0.5632573921473583
        ]
    },
    "16": {
        "mean": 0.5751333010179351,
        "max": 0.58167716917111,
        "min": 0.5656810470189045,
        "all": [
            0.5744062045564712,
            0.579738245273873,
            0.5656810470189045,
            0.5744062045564712,
            0.5700436257876879,
            0.5773145904023267,
            0.575860397479399,
            0.5710130877363063,
            0.58167716917111,
            0.5811924381968008
        ]
    },
    "32": {
        "mean": 0.58167716917111,
        "max": 0.5865244789142026,
        "min": 0.5748909355307804,
        "all": [
            0.5811924381968008,
            0.5748909355307804,
            0.5802229762481823,
            0.5802229762481823,
            0.5860397479398933,
            0.5855550169655841,
            0.5865244789142026,
            0.579738245273873,
            0.5831313620940378,
            0.5792535142995637
        ]
    },
    "64": {
        "mean": 0.5857973824527387,
        "max": 0.5879786718371304,
        "min": 0.5811924381968008,
        "all": [
            0.5865244789142026,
            0.5879786718371304,
            0.5870092098885119,
            0.5870092098885119,
            0.5811924381968008,
            0.5870092098885119,
            0.5821619001454192,
            0.5874939408628211,
            0.5874939408628211,
            0.5841008240426563
        ]
    },
    "128": {
        "mean": 0.5899175957343674,
        "max": 0.5899175957343674,
        "min": 0.5899175957343674,
        "all": [
            0.5899175957343674,
            0.5899175957343674,
            0.5899175957343674,
            0.5899175957343674,
            0.5899175957343674,
            0.5899175957343674,
            0.5899175957343674,
            0.5899175957343674,
            0.5899175957343674,
            0.5899175957343674
        ]
    }
}