{
    "1": {
        "mean": 0.45533333333333337,
        "max": 0.4866666666666667,
        "min": 0.43333333333333335,
        "all": [
            0.44666666666666666,
            0.4533333333333333,
            0.46,
            0.4666666666666667,
            0.43333333333333335,
            0.44,
            0.4866666666666667,
            0.43333333333333335,
            0.46,
            0.47333333333333333
        ]
    },
    "2": {
        "mean": 0.49466666666666664,
        "max": 0.54,
        "min": 0.46,
        "all": [
            0.5066666666666667,
            0.5,
            0.4666666666666667,
            0.5333333333333333,
            0.49333333333333335,
            0.48,
            0.54,
            0.48,
            0.46,
            0.4866666666666667
        ]
    },
    "4": {
        "mean": 0.5013333333333334,
        "max": 0.5333333333333333,
        "min": 0.46,
        "all": [
            0.5133333333333333,
            0.46,
            0.5066666666666667,
            0.46,
            0.5,
            0.52,
            0.49333333333333335,
            0.5133333333333333,
            0.5133333333333333,
            0.5333333333333333
        ]
    },
    "8": {
        "mean": 0.5066666666666666,
        "max": 0.5466666666666666,
        "min": 0.4866666666666667,
        "all": [
            0.5266666666666666,
            0.5066666666666667,
            0.5066666666666667,
            0.5466666666666666,
            0.5066666666666667,
            0.4866666666666667,
            0.49333333333333335,
            0.49333333333333335,
            0.5,
            0.5
        ]
    },
    "16": {
        "mean": 0.5120000000000001,
        "max": 0.5333333333333333,
        "min": 0.4866666666666667,
        "all": [
            0.5066666666666667,
            0.52,
            0.5,
            0.5266666666666666,
            0.5266666666666666,
            0.4866666666666667,
            0.5066666666666667,
            0.5,
            0.5333333333333333,
            0.5133333333333333
        ]
    },
    "32": {
        "mean": 0.512,
        "max": 0.5333333333333333,
        "min": 0.48,
        "all": [
            0.5333333333333333,
            0.5066666666666667,
            0.5266666666666666,
            0.48,
            0.52,
            0.5066666666666667,
            0.52,
            0.5133333333333333,
            0.5266666666666666,
            0.4866666666666667
        ]
    },
    "64": {
        "mean": 0.5080000000000001,
        "max": 0.5266666666666666,
        "min": 0.49333333333333335,
        "all": [
            0.52,
            0.5,
            0.5266666666666666,
            0.5,
            0.49333333333333335,
            0.5133333333333333,
            0.5066666666666667,
            0.49333333333333335,
            0.52,
            0.5066666666666667
        ]
    },
    "128": {
        "mean": 0.5133333333333334,
        "max": 0.5133333333333333,
        "min": 0.5133333333333333,
        "all": [
            0.5133333333333333,
            0.5133333333333333,
            0.5133333333333333,
            0.5133333333333333,
            0.5133333333333333,
            0.5133333333333333,
            0.5133333333333333,
            0.5133333333333333,
            0.5133333333333333,
            0.5133333333333333
        ]
    }
}