{
    "1": {
        "mean": 0.4174496644295302,
        "max": 0.4563758389261745,
        "min": 0.3691275167785235,
        "all": [
            0.4228187919463087,
            0.4228187919463087,
            0.3825503355704698,
            0.436241610738255,
            0.44966442953020136,
            0.38926174496644295,
            0.42953020134228187,
            0.3691275167785235,
            0.4161073825503356,
            0.4563758389261745
        ]
    },
    "2": {
        "mean": 0.43892617449664434,
        "max": 0.48322147651006714,
        "min": 0.3691275167785235,
        "all": [
            0.4563758389261745,
            0.4429530201342282,
            0.4161073825503356,
            0.48322147651006714,
            0.46308724832214765,
            0.40939597315436244,
            0.44966442953020136,
            0.3691275167785235,
            0.436241610738255,
            0.46308724832214765
        ]
    },
    "4": {
        "mean": 0.4268456375838926,
        "max": 0.46308724832214765,
        "min": 0.40268456375838924,
        "all": [
            0.42953020134228187,
            0.40268456375838924,
            0.4228187919463087,
            0.40939597315436244,
            0.46308724832214765,
            0.40268456375838924,
            0.4228187919463087,
            0.4563758389261745,
            0.42953020134228187,
            0.42953020134228187
        ]
    },
    "8": {
        "mean": 0.4543624161073826,
        "max": 0.4899328859060403,
        "min": 0.42953020134228187,
        "all": [
            0.46308724832214765,
            0.4429530201342282,
            0.42953020134228187,
            0.4899328859060403,
            0.4429530201342282,
            0.4429530201342282,
            0.47651006711409394,
            0.436241610738255,
            0.4429530201342282,
            0.47651006711409394
        ]
    },
    "16": {
        "mean": 0.4577181208053691,
        "max": 0.4899328859060403,
        "min": 0.4228187919463087,
        "all": [
            0.4563758389261745,
            0.47651006711409394,
            0.42953020134228187,
            0.4899328859060403,
            0.44966442953020136,
            0.4228187919463087,
            0.436241610738255,
            0.4899328859060403,
            0.47651006711409394,
            0.44966442953020136
        ]
    },
    "32": {
        "mean": 0.4590604026845638,
        "max": 0.48322147651006714,
        "min": 0.40268456375838924,
        "all": [
            0.48322147651006714,
            0.46308724832214765,
            0.48322147651006714,
            0.48322147651006714,
            0.47651006711409394,
            0.40268456375838924,
            0.4563758389261745,
            0.46308724832214765,
            0.436241610738255,
            0.4429530201342282
        ]
    },
    "64": {
        "mean": 0.4624161073825503,
        "max": 0.47651006711409394,
        "min": 0.4429530201342282,
        "all": [
            0.4563758389261745,
            0.47651006711409394,
            0.44966442953020136,
            0.46308724832214765,
            0.44966442953020136,
            0.47651006711409394,
            0.47651006711409394,
            0.4429530201342282,
            0.47651006711409394,
            0.4563758389261745
        ]
    },
    "128": {
        "mean": 0.45637583892617445,
        "max": 0.4563758389261745,
        "min": 0.4563758389261745,
        "all": [
            0.4563758389261745,
            0.4563758389261745,
            0.4563758389261745,
            0.4563758389261745,
            0.4563758389261745,
            0.4563758389261745,
            0.4563758389261745,
            0.4563758389261745,
            0.4563758389261745,
            0.4563758389261745
        ]
    }
}