{
    "1": {
        "mean": 0.4174496644295302,
        "max": 0.4563758389261745,
        "min": 0.3691275167785235,
        "all": [
            0.4228187919463087,
            0.4228187919463087,
            0.3825503355704698,
            0.436241610738255,
            0.44966442953020136,
            0.38926174496644295,
            0.42953020134228187,
            0.3691275167785235,
            0.4161073825503356,
            0.4563758389261745
        ]
    },
    "2": {
        "mean": 0.4375838926174497,
        "max": 0.4899328859060403,
        "min": 0.3624161073825503,
        "all": [
            0.44966442953020136,
            0.4228187919463087,
            0.3825503355704698,
            0.4899328859060403,
            0.47651006711409394,
            0.4228187919463087,
            0.44966442953020136,
            0.3624161073825503,
            0.44966442953020136,
            0.4697986577181208
        ]
    },
    "4": {
        "mean": 0.42684563758389266,
        "max": 0.4697986577181208,
        "min": 0.40939597315436244,
        "all": [
            0.4228187919463087,
            0.40939597315436244,
            0.4429530201342282,
            0.4161073825503356,
            0.4697986577181208,
            0.40939597315436244,
            0.436241610738255,
            0.4161073825503356,
            0.436241610738255,
            0.40939597315436244
        ]
    },
    "8": {
        "mean": 0.4476510067114094,
        "max": 0.4697986577181208,
        "min": 0.4228187919463087,
        "all": [
            0.4429530201342282,
            0.4563758389261745,
            0.4228187919463087,
            0.4697986577181208,
            0.4228187919463087,
            0.46308724832214765,
            0.44966442953020136,
            0.4429530201342282,
            0.436241610738255,
            0.4697986577181208
        ]
    },
    "16": {
        "mean": 0.43355704697986575,
        "max": 0.46308724832214765,
        "min": 0.3959731543624161,
        "all": [
            0.4563758389261745,
            0.42953020134228187,
            0.42953020134228187,
            0.4228187919463087,
            0.42953020134228187,
            0.3959731543624161,
            0.42953020134228187,
            0.46308724832214765,
            0.4563758389261745,
            0.4228187919463087
        ]
    },
    "32": {
        "mean": 0.4570469798657718,
        "max": 0.47651006711409394,
        "min": 0.436241610738255,
        "all": [
            0.46308724832214765,
            0.44966442953020136,
            0.4697986577181208,
            0.47651006711409394,
            0.44966442953020136,
            0.436241610738255,
            0.46308724832214765,
            0.44966442953020136,
            0.4563758389261745,
            0.4563758389261745
        ]
    },
    "64": {
        "mean": 0.44966442953020136,
        "max": 0.47651006711409394,
        "min": 0.4228187919463087,
        "all": [
            0.436241610738255,
            0.436241610738255,
            0.47651006711409394,
            0.44966442953020136,
            0.4563758389261745,
            0.46308724832214765,
            0.4228187919463087,
            0.47651006711409394,
            0.4429530201342282,
            0.436241610738255
        ]
    },
    "128": {
        "mean": 0.45100671140939597,
        "max": 0.46308724832214765,
        "min": 0.4429530201342282,
        "all": [
            0.46308724832214765,
            0.4429530201342282,
            0.44966442953020136,
            0.4563758389261745,
            0.4429530201342282,
            0.44966442953020136,
            0.44966442953020136,
            0.4429530201342282,
            0.46308724832214765,
            0.44966442953020136
        ]
    }
}