{
    "1": {
        "mean": 0.45533333333333337,
        "max": 0.4866666666666667,
        "min": 0.43333333333333335,
        "all": [
            0.44666666666666666,
            0.4533333333333333,
            0.46,
            0.4666666666666667,
            0.43333333333333335,
            0.44,
            0.4866666666666667,
            0.43333333333333335,
            0.46,
            0.47333333333333333
        ]
    },
    "2": {
        "mean": 0.4926666666666666,
        "max": 0.54,
        "min": 0.44666666666666666,
        "all": [
            0.5133333333333333,
            0.49333333333333335,
            0.44666666666666666,
            0.5266666666666666,
            0.4866666666666667,
            0.48,
            0.54,
            0.47333333333333333,
            0.48,
            0.4866666666666667
        ]
    },
    "4": {
        "mean": 0.5106666666666666,
        "max": 0.5333333333333333,
        "min": 0.49333333333333335,
        "all": [
            0.5333333333333333,
            0.49333333333333335,
            0.5,
            0.5066666666666667,
            0.5066666666666667,
            0.52,
            0.5066666666666667,
            0.5,
            0.5066666666666667,
            0.5333333333333333
        ]
    },
    "8": {
        "mean": 0.5233333333333332,
        "max": 0.5533333333333333,
        "min": 0.5066666666666667,
        "all": [
            0.5266666666666666,
            0.5333333333333333,
            0.5333333333333333,
            0.5533333333333333,
            0.5133333333333333,
            0.52,
            0.5133333333333333,
            0.5133333333333333,
            0.5066666666666667,
            0.52
        ]
    },
    "16": {
        "mean": 0.5199999999999999,
        "max": 0.5333333333333333,
        "min": 0.49333333333333335,
        "all": [
            0.5266666666666666,
            0.5266666666666666,
            0.49333333333333335,
            0.5133333333333333,
            0.5333333333333333,
            0.5266666666666666,
            0.52,
            0.5066666666666667,
            0.5333333333333333,
            0.52
        ]
    },
    "32": {
        "mean": 0.5206666666666666,
        "max": 0.5333333333333333,
        "min": 0.49333333333333335,
        "all": [
            0.5266666666666666,
            0.5266666666666666,
            0.5266666666666666,
            0.5266666666666666,
            0.5066666666666667,
            0.5133333333333333,
            0.5333333333333333,
            0.52,
            0.5333333333333333,
            0.49333333333333335
        ]
    },
    "64": {
        "mean": 0.5233333333333334,
        "max": 0.5333333333333333,
        "min": 0.5066666666666667,
        "all": [
            0.5266666666666666,
            0.5333333333333333,
            0.5333333333333333,
            0.5266666666666666,
            0.52,
            0.5066666666666667,
            0.5266666666666666,
            0.5266666666666666,
            0.5133333333333333,
            0.52
        ]
    },
    "128": {
        "mean": 0.5266666666666666,
        "max": 0.5266666666666666,
        "min": 0.5266666666666666,
        "all": [
            0.5266666666666666,
            0.5266666666666666,
            0.5266666666666666,
            0.5266666666666666,
            0.5266666666666666,
            0.5266666666666666,
            0.5266666666666666,
            0.5266666666666666,
            0.5266666666666666,
            0.5266666666666666
        ]
    }
}