{
    "1": {
        "mean": 0.4326666666666667,
        "max": 0.4866666666666667,
        "min": 0.36666666666666664,
        "all": [
            0.43333333333333335,
            0.42,
            0.47333333333333333,
            0.36666666666666664,
            0.44,
            0.4866666666666667,
            0.38,
            0.41333333333333333,
            0.4666666666666667,
            0.44666666666666666
        ]
    },
    "2": {
        "mean": 0.4953333333333333,
        "max": 0.5466666666666666,
        "min": 0.46,
        "all": [
            0.5066666666666667,
            0.5,
            0.52,
            0.5466666666666666,
            0.48,
            0.4666666666666667,
            0.5133333333333333,
            0.46,
            0.47333333333333333,
            0.4866666666666667
        ]
    },
    "4": {
        "mean": 0.5506666666666666,
        "max": 0.5866666666666667,
        "min": 0.5266666666666666,
        "all": [
            0.5266666666666666,
            0.5733333333333334,
            0.5466666666666666,
            0.5333333333333333,
            0.5866666666666667,
            0.5466666666666666,
            0.5666666666666667,
            0.5466666666666666,
            0.5533333333333333,
            0.5266666666666666
        ]
    },
    "8": {
        "mean": 0.5966666666666667,
        "max": 0.62,
        "min": 0.5533333333333333,
        "all": [
            0.62,
            0.62,
            0.6133333333333333,
            0.5666666666666667,
            0.5533333333333333,
            0.62,
            0.58,
            0.6133333333333333,
            0.58,
            0.6
        ]
    },
    "16": {
        "mean": 0.6086666666666667,
        "max": 0.6466666666666666,
        "min": 0.5666666666666667,
        "all": [
            0.6,
            0.62,
            0.5933333333333334,
            0.5866666666666667,
            0.6133333333333333,
            0.64,
            0.6,
            0.6466666666666666,
            0.62,
            0.5666666666666667
        ]
    },
    "32": {
        "mean": 0.6326666666666667,
        "max": 0.6666666666666666,
        "min": 0.6,
        "all": [
            0.6266666666666667,
            0.6466666666666666,
            0.64,
            0.6666666666666666,
            0.6466666666666666,
            0.6466666666666666,
            0.6133333333333333,
            0.6,
            0.6133333333333333,
            0.6266666666666667
        ]
    },
    "64": {
        "mean": 0.6406666666666666,
        "max": 0.6666666666666666,
        "min": 0.62,
        "all": [
            0.6666666666666666,
            0.6266666666666667,
            0.6333333333333333,
            0.6466666666666666,
            0.66,
            0.6466666666666666,
            0.62,
            0.6266666666666667,
            0.64,
            0.64
        ]
    },
    "128": {
        "mean": 0.66,
        "max": 0.66,
        "min": 0.66,
        "all": [
            0.66,
            0.66,
            0.66,
            0.66,
            0.66,
            0.66,
            0.66,
            0.66,
            0.66,
            0.66
        ]
    }
}