{
    "1": {
        "mean": 0.4174496644295302,
        "max": 0.4563758389261745,
        "min": 0.3691275167785235,
        "all": [
            0.4228187919463087,
            0.4228187919463087,
            0.3825503355704698,
            0.436241610738255,
            0.44966442953020136,
            0.38926174496644295,
            0.42953020134228187,
            0.3691275167785235,
            0.4161073825503356,
            0.4563758389261745
        ]
    },
    "2": {
        "mean": 0.42348993288590603,
        "max": 0.46308724832214765,
        "min": 0.3624161073825503,
        "all": [
            0.4161073825503356,
            0.4228187919463087,
            0.436241610738255,
            0.4429530201342282,
            0.42953020134228187,
            0.40268456375838924,
            0.46308724832214765,
            0.3624161073825503,
            0.436241610738255,
            0.4228187919463087
        ]
    },
    "4": {
        "mean": 0.4268456375838926,
        "max": 0.4563758389261745,
        "min": 0.38926174496644295,
        "all": [
            0.40939597315436244,
            0.38926174496644295,
            0.4228187919463087,
            0.44966442953020136,
            0.4563758389261745,
            0.40268456375838924,
            0.42953020134228187,
            0.44966442953020136,
            0.4429530201342282,
            0.4161073825503356
        ]
    },
    "8": {
        "mean": 0.4395973154362416,
        "max": 0.4563758389261745,
        "min": 0.4228187919463087,
        "all": [
            0.4563758389261745,
            0.4429530201342282,
            0.42953020134228187,
            0.42953020134228187,
            0.436241610738255,
            0.4563758389261745,
            0.4429530201342282,
            0.436241610738255,
            0.4228187919463087,
            0.4429530201342282
        ]
    },
    "16": {
        "mean": 0.4442953020134229,
        "max": 0.47651006711409394,
        "min": 0.4161073825503356,
        "all": [
            0.46308724832214765,
            0.47651006711409394,
            0.42953020134228187,
            0.4563758389261745,
            0.4228187919463087,
            0.44966442953020136,
            0.44966442953020136,
            0.44966442953020136,
            0.4161073825503356,
            0.42953020134228187
        ]
    },
    "32": {
        "mean": 0.45100671140939597,
        "max": 0.4697986577181208,
        "min": 0.4228187919463087,
        "all": [
            0.44966442953020136,
            0.436241610738255,
            0.44966442953020136,
            0.4228187919463087,
            0.46308724832214765,
            0.46308724832214765,
            0.4697986577181208,
            0.436241610738255,
            0.4563758389261745,
            0.46308724832214765
        ]
    },
    "64": {
        "mean": 0.4422818791946309,
        "max": 0.4697986577181208,
        "min": 0.4228187919463087,
        "all": [
            0.4228187919463087,
            0.4563758389261745,
            0.436241610738255,
            0.4697986577181208,
            0.4429530201342282,
            0.436241610738255,
            0.4228187919463087,
            0.44966442953020136,
            0.4563758389261745,
            0.42953020134228187
        ]
    },
    "128": {
        "mean": 0.4429530201342282,
        "max": 0.4429530201342282,
        "min": 0.4429530201342282,
        "all": [
            0.4429530201342282,
            0.4429530201342282,
            0.4429530201342282,
            0.4429530201342282,
            0.4429530201342282,
            0.4429530201342282,
            0.4429530201342282,
            0.4429530201342282,
            0.4429530201342282,
            0.4429530201342282
        ]
    }
}