{
    "1": {
        "mean": 0.4174496644295302,
        "max": 0.4563758389261745,
        "min": 0.3691275167785235,
        "all": [
            0.4228187919463087,
            0.4228187919463087,
            0.3825503355704698,
            0.436241610738255,
            0.44966442953020136,
            0.38926174496644295,
            0.42953020134228187,
            0.3691275167785235,
            0.4161073825503356,
            0.4563758389261745
        ]
    },
    "2": {
        "mean": 0.41409395973154356,
        "max": 0.4563758389261745,
        "min": 0.3624161073825503,
        "all": [
            0.40268456375838924,
            0.40268456375838924,
            0.38926174496644295,
            0.4563758389261745,
            0.4228187919463087,
            0.40939597315436244,
            0.4429530201342282,
            0.3624161073825503,
            0.42953020134228187,
            0.4228187919463087
        ]
    },
    "4": {
        "mean": 0.43624161073825507,
        "max": 0.4697986577181208,
        "min": 0.3959731543624161,
        "all": [
            0.4563758389261745,
            0.3959731543624161,
            0.4429530201342282,
            0.4429530201342282,
            0.44966442953020136,
            0.3959731543624161,
            0.4697986577181208,
            0.436241610738255,
            0.42953020134228187,
            0.4429530201342282
        ]
    },
    "8": {
        "mean": 0.4315436241610738,
        "max": 0.44966442953020136,
        "min": 0.4161073825503356,
        "all": [
            0.436241610738255,
            0.4429530201342282,
            0.4161073825503356,
            0.44966442953020136,
            0.4161073825503356,
            0.42953020134228187,
            0.436241610738255,
            0.436241610738255,
            0.42953020134228187,
            0.4228187919463087
        ]
    },
    "16": {
        "mean": 0.42348993288590603,
        "max": 0.4563758389261745,
        "min": 0.3825503355704698,
        "all": [
            0.4563758389261745,
            0.4563758389261745,
            0.40268456375838924,
            0.4228187919463087,
            0.4228187919463087,
            0.42953020134228187,
            0.3825503355704698,
            0.4228187919463087,
            0.42953020134228187,
            0.40939597315436244
        ]
    },
    "32": {
        "mean": 0.43422818791946305,
        "max": 0.4563758389261745,
        "min": 0.40939597315436244,
        "all": [
            0.436241610738255,
            0.4429530201342282,
            0.436241610738255,
            0.40939597315436244,
            0.4563758389261745,
            0.4429530201342282,
            0.436241610738255,
            0.40939597315436244,
            0.42953020134228187,
            0.4429530201342282
        ]
    },
    "64": {
        "mean": 0.4241610738255033,
        "max": 0.4429530201342282,
        "min": 0.3959731543624161,
        "all": [
            0.436241610738255,
            0.42953020134228187,
            0.4429530201342282,
            0.436241610738255,
            0.42953020134228187,
            0.3959731543624161,
            0.4228187919463087,
            0.40268456375838924,
            0.42953020134228187,
            0.4161073825503356
        ]
    },
    "128": {
        "mean": 0.4228187919463087,
        "max": 0.4228187919463087,
        "min": 0.4228187919463087,
        "all": [
            0.4228187919463087,
            0.4228187919463087,
            0.4228187919463087,
            0.4228187919463087,
            0.4228187919463087,
            0.4228187919463087,
            0.4228187919463087,
            0.4228187919463087,
            0.4228187919463087,
            0.4228187919463087
        ]
    }
}