{
    "1": {
        "mean": 0.4815317498788172,
        "max": 0.4968492486669898,
        "min": 0.4692195831313621,
        "all": [
            0.4968492486669898,
            0.47649054774600097,
            0.48618516723218613,
            0.4881240911294232,
            0.48327678138633057,
            0.48327678138633057,
            0.4774600096946195,
            0.4774600096946195,
            0.4769752787203102,
            0.4692195831313621
        ]
    },
    "2": {
        "mean": 0.5083373727581193,
        "max": 0.5220552593310712,
        "min": 0.5007270964614638,
        "all": [
            0.5089675230247213,
            0.5220552593310712,
            0.5094522539990305,
            0.5036354823073195,
            0.5007270964614638,
            0.5050896752302472,
            0.5007270964614638,
            0.5172079495879787,
            0.5138148327678138,
            0.5016965584100824
        ]
    },
    "4": {
        "mean": 0.5288414929714008,
        "max": 0.5356277266117305,
        "min": 0.5201163354338342,
        "all": [
            0.5341735336888027,
            0.5288414929714008,
            0.534658264663112,
            0.5293262239457102,
            0.5327193407658749,
            0.5225399903053806,
            0.5225399903053806,
            0.5278720310227824,
            0.5201163354338342,
            0.5356277266117305
        ]
    },
    "8": {
        "mean": 0.5347552108579738,
        "max": 0.5428986912263694,
        "min": 0.5210857973824528,
        "all": [
            0.5419292292777509,
            0.5332040717401842,
            0.5414444983034415,
            0.5351429956374212,
            0.5317498788172564,
            0.5336888027144935,
            0.5428986912263694,
            0.5288414929714008,
            0.5210857973824528,
            0.5375666505089676
        ]
    },
    "16": {
        "mean": 0.5399418322830829,
        "max": 0.5506543868153175,
        "min": 0.5264178380998545,
        "all": [
            0.5380513814832768,
            0.5399903053805138,
            0.5414444983034415,
            0.5332040717401842,
            0.5419292292777509,
            0.5492001938923897,
            0.5356277266117305,
            0.5264178380998545,
            0.5428986912263694,
            0.5506543868153175
        ]
    },
    "32": {
        "mean": 0.5401841977702374,
        "max": 0.551623848763936,
        "min": 0.5327193407658749,
        "all": [
            0.5414444983034415,
            0.5404750363548231,
            0.5419292292777509,
            0.551623848763936,
            0.5395055744062045,
            0.5327193407658749,
            0.5361124575860398,
            0.5428986912263694,
            0.5380513814832768,
            0.5370819195346582
        ]
    },
    "64": {
        "mean": 0.5386815317498789,
        "max": 0.5453223460979156,
        "min": 0.5317498788172564,
        "all": [
            0.5404750363548231,
            0.5433834222006786,
            0.5380513814832768,
            0.5404750363548231,
            0.5390208434318953,
            0.534658264663112,
            0.5453223460979156,
            0.5332040717401842,
            0.5404750363548231,
            0.5317498788172564
        ]
    },
    "128": {
        "mean": 0.5368395540475037,
        "max": 0.5419292292777509,
        "min": 0.5322346097915657,
        "all": [
            0.534658264663112,
            0.5322346097915657,
            0.5356277266117305,
            0.538536112457586,
            0.536597188560349,
            0.5409597673291323,
            0.5341735336888027,
            0.5351429956374212,
            0.538536112457586,
            0.5419292292777509
        ]
    }
}