{
    "1": {
        "mean": 0.4326666666666667,
        "max": 0.4866666666666667,
        "min": 0.36666666666666664,
        "all": [
            0.43333333333333335,
            0.42,
            0.47333333333333333,
            0.36666666666666664,
            0.44,
            0.4866666666666667,
            0.38,
            0.41333333333333333,
            0.4666666666666667,
            0.44666666666666666
        ]
    },
    "2": {
        "mean": 0.508,
        "max": 0.54,
        "min": 0.47333333333333333,
        "all": [
            0.49333333333333335,
            0.52,
            0.52,
            0.54,
            0.52,
            0.48,
            0.5,
            0.47333333333333333,
            0.52,
            0.5133333333333333
        ]
    },
    "4": {
        "mean": 0.5479999999999999,
        "max": 0.58,
        "min": 0.5133333333333333,
        "all": [
            0.52,
            0.56,
            0.5133333333333333,
            0.52,
            0.58,
            0.5733333333333334,
            0.5466666666666666,
            0.56,
            0.5733333333333334,
            0.5333333333333333
        ]
    },
    "8": {
        "mean": 0.6246666666666667,
        "max": 0.6533333333333333,
        "min": 0.5933333333333334,
        "all": [
            0.6266666666666667,
            0.6333333333333333,
            0.64,
            0.6066666666666667,
            0.6466666666666666,
            0.6533333333333333,
            0.6,
            0.64,
            0.6066666666666667,
            0.5933333333333334
        ]
    },
    "16": {
        "mean": 0.6193333333333333,
        "max": 0.6466666666666666,
        "min": 0.5933333333333334,
        "all": [
            0.6133333333333333,
            0.6466666666666666,
            0.62,
            0.6,
            0.6,
            0.64,
            0.5933333333333334,
            0.62,
            0.6266666666666667,
            0.6333333333333333
        ]
    },
    "32": {
        "mean": 0.6593333333333333,
        "max": 0.7066666666666667,
        "min": 0.6266666666666667,
        "all": [
            0.6266666666666667,
            0.6533333333333333,
            0.6733333333333333,
            0.6933333333333334,
            0.7066666666666667,
            0.66,
            0.6333333333333333,
            0.6266666666666667,
            0.6866666666666666,
            0.6333333333333333
        ]
    },
    "64": {
        "mean": 0.6573333333333334,
        "max": 0.6933333333333334,
        "min": 0.6333333333333333,
        "all": [
            0.66,
            0.6466666666666666,
            0.6933333333333334,
            0.6333333333333333,
            0.6533333333333333,
            0.6733333333333333,
            0.66,
            0.6333333333333333,
            0.66,
            0.66
        ]
    },
    "128": {
        "mean": 0.6399999999999999,
        "max": 0.64,
        "min": 0.64,
        "all": [
            0.64,
            0.64,
            0.64,
            0.64,
            0.64,
            0.64,
            0.64,
            0.64,
            0.64,
            0.64
        ]
    }
}