{
    "1": {
        "mean": 0.5293333333333334,
        "max": 0.5733333333333334,
        "min": 0.48,
        "all": [
            0.5133333333333333,
            0.49333333333333335,
            0.5066666666666667,
            0.56,
            0.48,
            0.56,
            0.5,
            0.5733333333333334,
            0.5533333333333333,
            0.5533333333333333
        ]
    },
    "2": {
        "mean": 0.5386666666666666,
        "max": 0.58,
        "min": 0.5133333333333333,
        "all": [
            0.54,
            0.5733333333333334,
            0.5133333333333333,
            0.52,
            0.5266666666666666,
            0.58,
            0.5133333333333333,
            0.54,
            0.5466666666666666,
            0.5333333333333333
        ]
    },
    "4": {
        "mean": 0.5513333333333333,
        "max": 0.5733333333333334,
        "min": 0.52,
        "all": [
            0.5466666666666666,
            0.5733333333333334,
            0.5533333333333333,
            0.5266666666666666,
            0.5333333333333333,
            0.5733333333333334,
            0.52,
            0.5666666666666667,
            0.56,
            0.56
        ]
    },
    "8": {
        "mean": 0.5506666666666666,
        "max": 0.5666666666666667,
        "min": 0.5133333333333333,
        "all": [
            0.56,
            0.5666666666666667,
            0.5466666666666666,
            0.5466666666666666,
            0.5133333333333333,
            0.5533333333333333,
            0.5533333333333333,
            0.56,
            0.5466666666666666,
            0.56
        ]
    },
    "16": {
        "mean": 0.5553333333333333,
        "max": 0.5866666666666667,
        "min": 0.5266666666666666,
        "all": [
            0.56,
            0.5666666666666667,
            0.5533333333333333,
            0.56,
            0.5866666666666667,
            0.5466666666666666,
            0.5266666666666666,
            0.56,
            0.5466666666666666,
            0.5466666666666666
        ]
    },
    "32": {
        "mean": 0.5706666666666667,
        "max": 0.6,
        "min": 0.5466666666666666,
        "all": [
            0.6,
            0.5666666666666667,
            0.5866666666666667,
            0.5466666666666666,
            0.58,
            0.5866666666666667,
            0.56,
            0.56,
            0.5533333333333333,
            0.5666666666666667
        ]
    },
    "64": {
        "mean": 0.5786666666666667,
        "max": 0.5933333333333334,
        "min": 0.56,
        "all": [
            0.5866666666666667,
            0.5733333333333334,
            0.5733333333333334,
            0.56,
            0.5866666666666667,
            0.5866666666666667,
            0.5866666666666667,
            0.5933333333333334,
            0.56,
            0.58
        ]
    },
    "128": {
        "mean": 0.5733333333333334,
        "max": 0.5733333333333334,
        "min": 0.5733333333333334,
        "all": [
            0.5733333333333334,
            0.5733333333333334,
            0.5733333333333334,
            0.5733333333333334,
            0.5733333333333334,
            0.5733333333333334,
            0.5733333333333334,
            0.5733333333333334,
            0.5733333333333334,
            0.5733333333333334
        ]
    }
}