{
    "1": {
        "mean": 0.5780000000000001,
        "max": 0.6066666666666667,
        "min": 0.54,
        "all": [
            0.56,
            0.5866666666666667,
            0.5733333333333334,
            0.58,
            0.54,
            0.56,
            0.5933333333333334,
            0.5933333333333334,
            0.5866666666666667,
            0.6066666666666667
        ]
    },
    "2": {
        "mean": 0.598,
        "max": 0.6333333333333333,
        "min": 0.58,
        "all": [
            0.6,
            0.58,
            0.5933333333333334,
            0.6066666666666667,
            0.6,
            0.5866666666666667,
            0.5933333333333334,
            0.6,
            0.6333333333333333,
            0.5866666666666667
        ]
    },
    "4": {
        "mean": 0.6006666666666666,
        "max": 0.62,
        "min": 0.56,
        "all": [
            0.6133333333333333,
            0.6,
            0.62,
            0.5866666666666667,
            0.6,
            0.5866666666666667,
            0.6066666666666667,
            0.6133333333333333,
            0.62,
            0.56
        ]
    },
    "8": {
        "mean": 0.6079999999999999,
        "max": 0.64,
        "min": 0.5866666666666667,
        "all": [
            0.6,
            0.6266666666666667,
            0.64,
            0.6066666666666667,
            0.5866666666666667,
            0.6066666666666667,
            0.6,
            0.5933333333333334,
            0.62,
            0.6
        ]
    },
    "16": {
        "mean": 0.6086666666666667,
        "max": 0.6266666666666667,
        "min": 0.5866666666666667,
        "all": [
            0.6266666666666667,
            0.62,
            0.62,
            0.6,
            0.5866666666666667,
            0.62,
            0.5933333333333334,
            0.6133333333333333,
            0.5933333333333334,
            0.6133333333333333
        ]
    },
    "32": {
        "mean": 0.6079999999999999,
        "max": 0.62,
        "min": 0.6,
        "all": [
            0.6133333333333333,
            0.6133333333333333,
            0.6066666666666667,
            0.6,
            0.6066666666666667,
            0.6066666666666667,
            0.6066666666666667,
            0.6066666666666667,
            0.6,
            0.62
        ]
    },
    "64": {
        "mean": 0.6119999999999999,
        "max": 0.62,
        "min": 0.6066666666666667,
        "all": [
            0.6066666666666667,
            0.6133333333333333,
            0.6066666666666667,
            0.6133333333333333,
            0.6133333333333333,
            0.62,
            0.6133333333333333,
            0.6066666666666667,
            0.6133333333333333,
            0.6133333333333333
        ]
    },
    "128": {
        "mean": 0.6066666666666667,
        "max": 0.6066666666666667,
        "min": 0.6066666666666667,
        "all": [
            0.6066666666666667,
            0.6066666666666667,
            0.6066666666666667,
            0.6066666666666667,
            0.6066666666666667,
            0.6066666666666667,
            0.6066666666666667,
            0.6066666666666667,
            0.6066666666666667,
            0.6066666666666667
        ]
    }
}