{
    "1": {
        "mean": 0.5780000000000001,
        "max": 0.6066666666666667,
        "min": 0.54,
        "all": [
            0.56,
            0.5866666666666667,
            0.5733333333333334,
            0.58,
            0.54,
            0.56,
            0.5933333333333334,
            0.5933333333333334,
            0.5866666666666667,
            0.6066666666666667
        ]
    },
    "2": {
        "mean": 0.5946666666666667,
        "max": 0.6266666666666667,
        "min": 0.5666666666666667,
        "all": [
            0.6,
            0.5733333333333334,
            0.58,
            0.6266666666666667,
            0.58,
            0.5666666666666667,
            0.6,
            0.6066666666666667,
            0.62,
            0.5933333333333334
        ]
    },
    "4": {
        "mean": 0.6033333333333333,
        "max": 0.6266666666666667,
        "min": 0.5733333333333334,
        "all": [
            0.6133333333333333,
            0.5933333333333334,
            0.6066666666666667,
            0.5933333333333334,
            0.6,
            0.6,
            0.62,
            0.6266666666666667,
            0.6066666666666667,
            0.5733333333333334
        ]
    },
    "8": {
        "mean": 0.6053333333333334,
        "max": 0.6466666666666666,
        "min": 0.5666666666666667,
        "all": [
            0.5933333333333334,
            0.6133333333333333,
            0.6466666666666666,
            0.6,
            0.5666666666666667,
            0.6066666666666667,
            0.5866666666666667,
            0.6066666666666667,
            0.62,
            0.6133333333333333
        ]
    },
    "16": {
        "mean": 0.6113333333333333,
        "max": 0.6266666666666667,
        "min": 0.5866666666666667,
        "all": [
            0.62,
            0.6133333333333333,
            0.6266666666666667,
            0.6066666666666667,
            0.5866666666666667,
            0.6266666666666667,
            0.5933333333333334,
            0.6266666666666667,
            0.6,
            0.6133333333333333
        ]
    },
    "32": {
        "mean": 0.6093333333333333,
        "max": 0.62,
        "min": 0.6,
        "all": [
            0.6133333333333333,
            0.6,
            0.62,
            0.6,
            0.6133333333333333,
            0.6,
            0.6066666666666667,
            0.62,
            0.6,
            0.62
        ]
    },
    "64": {
        "mean": 0.6146666666666667,
        "max": 0.62,
        "min": 0.6066666666666667,
        "all": [
            0.6133333333333333,
            0.6133333333333333,
            0.6133333333333333,
            0.62,
            0.62,
            0.6133333333333333,
            0.62,
            0.6066666666666667,
            0.6066666666666667,
            0.62
        ]
    },
    "128": {
        "mean": 0.62,
        "max": 0.62,
        "min": 0.62,
        "all": [
            0.62,
            0.62,
            0.62,
            0.62,
            0.62,
            0.62,
            0.62,
            0.62,
            0.62,
            0.62
        ]
    }
}