{
    "1": {
        "mean": 0.48119999999999996,
        "max": 0.502,
        "min": 0.452,
        "all": [
            0.48,
            0.47,
            0.474,
            0.452,
            0.474,
            0.498,
            0.488,
            0.472,
            0.502,
            0.502
        ]
    },
    "2": {
        "mean": 0.476,
        "max": 0.498,
        "min": 0.458,
        "all": [
            0.458,
            0.474,
            0.472,
            0.472,
            0.498,
            0.47,
            0.464,
            0.48,
            0.482,
            0.49
        ]
    },
    "4": {
        "mean": 0.5506,
        "max": 0.576,
        "min": 0.536,
        "all": [
            0.544,
            0.552,
            0.562,
            0.536,
            0.566,
            0.54,
            0.576,
            0.54,
            0.538,
            0.552
        ]
    },
    "8": {
        "mean": 0.6083999999999999,
        "max": 0.624,
        "min": 0.594,
        "all": [
            0.614,
            0.604,
            0.604,
            0.62,
            0.6,
            0.594,
            0.622,
            0.598,
            0.624,
            0.604
        ]
    },
    "16": {
        "mean": 0.6521999999999999,
        "max": 0.676,
        "min": 0.636,
        "all": [
            0.648,
            0.65,
            0.676,
            0.664,
            0.65,
            0.654,
            0.636,
            0.644,
            0.644,
            0.656
        ]
    },
    "32": {
        "mean": 0.6726000000000001,
        "max": 0.682,
        "min": 0.652,
        "all": [
            0.652,
            0.682,
            0.682,
            0.672,
            0.67,
            0.678,
            0.672,
            0.666,
            0.682,
            0.67
        ]
    },
    "64": {
        "mean": 0.6824000000000001,
        "max": 0.692,
        "min": 0.674,
        "all": [
            0.69,
            0.686,
            0.686,
            0.68,
            0.674,
            0.692,
            0.682,
            0.674,
            0.678,
            0.682
        ]
    },
    "100": {
        "mean": 0.6881999999999999,
        "max": 0.692,
        "min": 0.686,
        "all": [
            0.688,
            0.686,
            0.692,
            0.686,
            0.69,
            0.69,
            0.686,
            0.688,
            0.686,
            0.69
        ]
    }
}