{
    "1": {
        "mean": 0.2694,
        "max": 0.284,
        "min": 0.256,
        "all": [
            0.256,
            0.258,
            0.278,
            0.282,
            0.266,
            0.268,
            0.284,
            0.272,
            0.27,
            0.26
        ]
    },
    "2": {
        "mean": 0.34319999999999995,
        "max": 0.358,
        "min": 0.316,
        "all": [
            0.35,
            0.34,
            0.348,
            0.34,
            0.358,
            0.332,
            0.342,
            0.354,
            0.352,
            0.316
        ]
    },
    "4": {
        "mean": 0.4116000000000001,
        "max": 0.43,
        "min": 0.396,
        "all": [
            0.412,
            0.404,
            0.416,
            0.426,
            0.42,
            0.402,
            0.396,
            0.398,
            0.43,
            0.412
        ]
    },
    "8": {
        "mean": 0.442,
        "max": 0.454,
        "min": 0.43,
        "all": [
            0.448,
            0.434,
            0.44,
            0.446,
            0.43,
            0.44,
            0.436,
            0.438,
            0.454,
            0.454
        ]
    },
    "16": {
        "mean": 0.4732,
        "max": 0.486,
        "min": 0.448,
        "all": [
            0.464,
            0.448,
            0.486,
            0.464,
            0.482,
            0.47,
            0.484,
            0.482,
            0.47,
            0.482
        ]
    },
    "32": {
        "mean": 0.4848,
        "max": 0.504,
        "min": 0.468,
        "all": [
            0.468,
            0.472,
            0.48,
            0.484,
            0.504,
            0.496,
            0.48,
            0.474,
            0.49,
            0.5
        ]
    },
    "64": {
        "mean": 0.5004,
        "max": 0.508,
        "min": 0.494,
        "all": [
            0.494,
            0.508,
            0.504,
            0.498,
            0.504,
            0.496,
            0.5,
            0.504,
            0.496,
            0.5
        ]
    },
    "128": {
        "mean": 0.5027999999999999,
        "max": 0.512,
        "min": 0.496,
        "all": [
            0.504,
            0.498,
            0.5,
            0.512,
            0.508,
            0.496,
            0.506,
            0.502,
            0.5,
            0.502
        ]
    },
    "256": {
        "mean": 0.51,
        "max": 0.51,
        "min": 0.51,
        "all": [
            0.51,
            0.51,
            0.51,
            0.51,
            0.51,
            0.51,
            0.51,
            0.51,
            0.51,
            0.51
        ]
    }
}