{
    "1": {
        "mean": 0.2694,
        "max": 0.284,
        "min": 0.256,
        "all": [
            0.256,
            0.258,
            0.278,
            0.282,
            0.266,
            0.268,
            0.284,
            0.272,
            0.27,
            0.26
        ]
    },
    "2": {
        "mean": 0.33859999999999996,
        "max": 0.354,
        "min": 0.32,
        "all": [
            0.34,
            0.338,
            0.346,
            0.33,
            0.354,
            0.33,
            0.33,
            0.35,
            0.348,
            0.32
        ]
    },
    "4": {
        "mean": 0.40119999999999995,
        "max": 0.42,
        "min": 0.384,
        "all": [
            0.42,
            0.39,
            0.402,
            0.414,
            0.412,
            0.384,
            0.39,
            0.39,
            0.416,
            0.394
        ]
    },
    "8": {
        "mean": 0.4368,
        "max": 0.45,
        "min": 0.428,
        "all": [
            0.45,
            0.442,
            0.436,
            0.436,
            0.428,
            0.428,
            0.432,
            0.434,
            0.45,
            0.432
        ]
    },
    "16": {
        "mean": 0.47059999999999996,
        "max": 0.484,
        "min": 0.458,
        "all": [
            0.48,
            0.458,
            0.458,
            0.474,
            0.466,
            0.472,
            0.484,
            0.468,
            0.462,
            0.484
        ]
    },
    "32": {
        "mean": 0.48460000000000003,
        "max": 0.494,
        "min": 0.464,
        "all": [
            0.464,
            0.492,
            0.474,
            0.488,
            0.494,
            0.478,
            0.49,
            0.484,
            0.49,
            0.492
        ]
    },
    "64": {
        "mean": 0.4992,
        "max": 0.512,
        "min": 0.49,
        "all": [
            0.49,
            0.49,
            0.502,
            0.502,
            0.502,
            0.504,
            0.498,
            0.512,
            0.498,
            0.494
        ]
    },
    "128": {
        "mean": 0.5067999999999999,
        "max": 0.514,
        "min": 0.5,
        "all": [
            0.512,
            0.5,
            0.504,
            0.514,
            0.51,
            0.5,
            0.5,
            0.502,
            0.514,
            0.512
        ]
    },
    "256": {
        "mean": 0.516,
        "max": 0.516,
        "min": 0.516,
        "all": [
            0.516,
            0.516,
            0.516,
            0.516,
            0.516,
            0.516,
            0.516,
            0.516,
            0.516,
            0.516
        ]
    }
}