{
    "1": {
        "mean": 0.5248322147651007,
        "max": 0.5369127516778524,
        "min": 0.48322147651006714,
        "all": [
            0.5302013422818792,
            0.5369127516778524,
            0.5234899328859061,
            0.5302013422818792,
            0.5369127516778524,
            0.5369127516778524,
            0.5302013422818792,
            0.48322147651006714,
            0.5167785234899329,
            0.5234899328859061
        ]
    },
    "2": {
        "mean": 0.5516778523489932,
        "max": 0.5771812080536913,
        "min": 0.5100671140939598,
        "all": [
            0.5570469798657718,
            0.5503355704697986,
            0.5704697986577181,
            0.5167785234899329,
            0.5369127516778524,
            0.5100671140939598,
            0.5637583892617449,
            0.5771812080536913,
            0.5570469798657718,
            0.5771812080536913
        ]
    },
    "4": {
        "mean": 0.589261744966443,
        "max": 0.610738255033557,
        "min": 0.5637583892617449,
        "all": [
            0.610738255033557,
            0.5637583892617449,
            0.5906040268456376,
            0.610738255033557,
            0.5771812080536913,
            0.5704697986577181,
            0.610738255033557,
            0.6040268456375839,
            0.5704697986577181,
            0.5838926174496645
        ]
    },
    "8": {
        "mean": 0.5959731543624163,
        "max": 0.6308724832214765,
        "min": 0.5637583892617449,
        "all": [
            0.6040268456375839,
            0.5838926174496645,
            0.6040268456375839,
            0.5838926174496645,
            0.5906040268456376,
            0.5637583892617449,
            0.6308724832214765,
            0.5906040268456376,
            0.610738255033557,
            0.5973154362416108
        ]
    },
    "16": {
        "mean": 0.5966442953020132,
        "max": 0.6241610738255033,
        "min": 0.5637583892617449,
        "all": [
            0.5973154362416108,
            0.5704697986577181,
            0.5973154362416108,
            0.6040268456375839,
            0.610738255033557,
            0.6174496644295302,
            0.5637583892617449,
            0.6040268456375839,
            0.5771812080536913,
            0.6241610738255033
        ]
    },
    "32": {
        "mean": 0.6013422818791947,
        "max": 0.6308724832214765,
        "min": 0.5838926174496645,
        "all": [
            0.610738255033557,
            0.610738255033557,
            0.5838926174496645,
            0.6174496644295302,
            0.6040268456375839,
            0.5838926174496645,
            0.6040268456375839,
            0.5838926174496645,
            0.6308724832214765,
            0.5838926174496645
        ]
    },
    "64": {
        "mean": 0.5953020134228189,
        "max": 0.6241610738255033,
        "min": 0.5637583892617449,
        "all": [
            0.5838926174496645,
            0.610738255033557,
            0.610738255033557,
            0.610738255033557,
            0.610738255033557,
            0.6241610738255033,
            0.5704697986577181,
            0.5637583892617449,
            0.5704697986577181,
            0.5973154362416108
        ]
    },
    "128": {
        "mean": 0.5838926174496645,
        "max": 0.5838926174496645,
        "min": 0.5838926174496645,
        "all": [
            0.5838926174496645,
            0.5838926174496645,
            0.5838926174496645,
            0.5838926174496645,
            0.5838926174496645,
            0.5838926174496645,
            0.5838926174496645,
            0.5838926174496645,
            0.5838926174496645,
            0.5838926174496645
        ]
    }
}