{
    "1": {
        "mean": 0.4174496644295302,
        "max": 0.4563758389261745,
        "min": 0.3691275167785235,
        "all": [
            0.4228187919463087,
            0.4228187919463087,
            0.3825503355704698,
            0.436241610738255,
            0.44966442953020136,
            0.38926174496644295,
            0.42953020134228187,
            0.3691275167785235,
            0.4161073825503356,
            0.4563758389261745
        ]
    },
    "2": {
        "mean": 0.4375838926174497,
        "max": 0.4899328859060403,
        "min": 0.3624161073825503,
        "all": [
            0.44966442953020136,
            0.4228187919463087,
            0.3825503355704698,
            0.4899328859060403,
            0.47651006711409394,
            0.4228187919463087,
            0.44966442953020136,
            0.3624161073825503,
            0.44966442953020136,
            0.4697986577181208
        ]
    },
    "4": {
        "mean": 0.4322147651006711,
        "max": 0.47651006711409394,
        "min": 0.38926174496644295,
        "all": [
            0.4228187919463087,
            0.3959731543624161,
            0.4228187919463087,
            0.436241610738255,
            0.47651006711409394,
            0.38926174496644295,
            0.44966442953020136,
            0.44966442953020136,
            0.436241610738255,
            0.4429530201342282
        ]
    },
    "8": {
        "mean": 0.4442953020134229,
        "max": 0.4697986577181208,
        "min": 0.4228187919463087,
        "all": [
            0.4697986577181208,
            0.42953020134228187,
            0.42953020134228187,
            0.44966442953020136,
            0.4429530201342282,
            0.4697986577181208,
            0.46308724832214765,
            0.436241610738255,
            0.4228187919463087,
            0.42953020134228187
        ]
    },
    "16": {
        "mean": 0.44563758389261754,
        "max": 0.46308724832214765,
        "min": 0.4161073825503356,
        "all": [
            0.46308724832214765,
            0.46308724832214765,
            0.4429530201342282,
            0.46308724832214765,
            0.42953020134228187,
            0.44966442953020136,
            0.4563758389261745,
            0.436241610738255,
            0.436241610738255,
            0.4161073825503356
        ]
    },
    "32": {
        "mean": 0.45369127516778524,
        "max": 0.47651006711409394,
        "min": 0.436241610738255,
        "all": [
            0.436241610738255,
            0.44966442953020136,
            0.47651006711409394,
            0.4429530201342282,
            0.44966442953020136,
            0.4563758389261745,
            0.46308724832214765,
            0.4563758389261745,
            0.44966442953020136,
            0.4563758389261745
        ]
    },
    "64": {
        "mean": 0.4523489932885906,
        "max": 0.47651006711409394,
        "min": 0.42953020134228187,
        "all": [
            0.4563758389261745,
            0.46308724832214765,
            0.4429530201342282,
            0.47651006711409394,
            0.46308724832214765,
            0.44966442953020136,
            0.42953020134228187,
            0.44966442953020136,
            0.4563758389261745,
            0.436241610738255
        ]
    },
    "128": {
        "mean": 0.45637583892617445,
        "max": 0.4563758389261745,
        "min": 0.4563758389261745,
        "all": [
            0.4563758389261745,
            0.4563758389261745,
            0.4563758389261745,
            0.4563758389261745,
            0.4563758389261745,
            0.4563758389261745,
            0.4563758389261745,
            0.4563758389261745,
            0.4563758389261745,
            0.4563758389261745
        ]
    }
}