{
    "1": {
        "mean": 0.4174496644295302,
        "max": 0.4563758389261745,
        "min": 0.3691275167785235,
        "all": [
            0.4228187919463087,
            0.4228187919463087,
            0.3825503355704698,
            0.436241610738255,
            0.44966442953020136,
            0.38926174496644295,
            0.42953020134228187,
            0.3691275167785235,
            0.4161073825503356,
            0.4563758389261745
        ]
    },
    "2": {
        "mean": 0.4322147651006712,
        "max": 0.46308724832214765,
        "min": 0.35570469798657717,
        "all": [
            0.4161073825503356,
            0.46308724832214765,
            0.40268456375838924,
            0.44966442953020136,
            0.4429530201342282,
            0.4429530201342282,
            0.44966442953020136,
            0.35570469798657717,
            0.436241610738255,
            0.46308724832214765
        ]
    },
    "4": {
        "mean": 0.43422818791946305,
        "max": 0.46308724832214765,
        "min": 0.38926174496644295,
        "all": [
            0.4228187919463087,
            0.40268456375838924,
            0.436241610738255,
            0.4429530201342282,
            0.46308724832214765,
            0.38926174496644295,
            0.4429530201342282,
            0.4563758389261745,
            0.4429530201342282,
            0.4429530201342282
        ]
    },
    "8": {
        "mean": 0.4389261744966443,
        "max": 0.4697986577181208,
        "min": 0.4161073825503356,
        "all": [
            0.4697986577181208,
            0.42953020134228187,
            0.42953020134228187,
            0.4429530201342282,
            0.436241610738255,
            0.4563758389261745,
            0.46308724832214765,
            0.42953020134228187,
            0.4161073825503356,
            0.4161073825503356
        ]
    },
    "16": {
        "mean": 0.4449664429530201,
        "max": 0.47651006711409394,
        "min": 0.4161073825503356,
        "all": [
            0.4697986577181208,
            0.46308724832214765,
            0.4429530201342282,
            0.47651006711409394,
            0.436241610738255,
            0.436241610738255,
            0.46308724832214765,
            0.4228187919463087,
            0.4161073825503356,
            0.4228187919463087
        ]
    },
    "32": {
        "mean": 0.4543624161073825,
        "max": 0.47651006711409394,
        "min": 0.4429530201342282,
        "all": [
            0.4429530201342282,
            0.44966442953020136,
            0.47651006711409394,
            0.4429530201342282,
            0.44966442953020136,
            0.44966442953020136,
            0.46308724832214765,
            0.46308724832214765,
            0.44966442953020136,
            0.4563758389261745
        ]
    },
    "64": {
        "mean": 0.44899328859060406,
        "max": 0.47651006711409394,
        "min": 0.42953020134228187,
        "all": [
            0.4429530201342282,
            0.4563758389261745,
            0.4429530201342282,
            0.47651006711409394,
            0.46308724832214765,
            0.4429530201342282,
            0.42953020134228187,
            0.4429530201342282,
            0.4563758389261745,
            0.436241610738255
        ]
    },
    "128": {
        "mean": 0.45637583892617445,
        "max": 0.4563758389261745,
        "min": 0.4563758389261745,
        "all": [
            0.4563758389261745,
            0.4563758389261745,
            0.4563758389261745,
            0.4563758389261745,
            0.4563758389261745,
            0.4563758389261745,
            0.4563758389261745,
            0.4563758389261745,
            0.4563758389261745,
            0.4563758389261745
        ]
    }
}