{
    "1": {
        "mean": 0.33333333333333337,
        "max": 0.38666666666666666,
        "min": 0.29333333333333333,
        "all": [
            0.31333333333333335,
            0.36666666666666664,
            0.32666666666666666,
            0.38666666666666666,
            0.35333333333333333,
            0.34,
            0.30666666666666664,
            0.32,
            0.32666666666666666,
            0.29333333333333333
        ]
    },
    "2": {
        "mean": 0.41466666666666663,
        "max": 0.46,
        "min": 0.38,
        "all": [
            0.4066666666666667,
            0.4066666666666667,
            0.4066666666666667,
            0.3933333333333333,
            0.38,
            0.38,
            0.4533333333333333,
            0.4,
            0.46,
            0.46
        ]
    },
    "4": {
        "mean": 0.45533333333333337,
        "max": 0.5066666666666667,
        "min": 0.4066666666666667,
        "all": [
            0.4533333333333333,
            0.5,
            0.48,
            0.4066666666666667,
            0.5066666666666667,
            0.4666666666666667,
            0.4066666666666667,
            0.44666666666666666,
            0.44,
            0.44666666666666666
        ]
    },
    "8": {
        "mean": 0.5006666666666667,
        "max": 0.54,
        "min": 0.4666666666666667,
        "all": [
            0.5333333333333333,
            0.49333333333333335,
            0.4866666666666667,
            0.4866666666666667,
            0.5,
            0.4666666666666667,
            0.54,
            0.4866666666666667,
            0.4866666666666667,
            0.5266666666666666
        ]
    },
    "16": {
        "mean": 0.5246666666666668,
        "max": 0.5533333333333333,
        "min": 0.5066666666666667,
        "all": [
            0.52,
            0.52,
            0.5333333333333333,
            0.5133333333333333,
            0.5266666666666666,
            0.54,
            0.5133333333333333,
            0.5066666666666667,
            0.5533333333333333,
            0.52
        ]
    },
    "32": {
        "mean": 0.5359999999999999,
        "max": 0.56,
        "min": 0.5066666666666667,
        "all": [
            0.5466666666666666,
            0.54,
            0.5333333333333333,
            0.5466666666666666,
            0.5466666666666666,
            0.5066666666666667,
            0.56,
            0.5133333333333333,
            0.5333333333333333,
            0.5333333333333333
        ]
    },
    "64": {
        "mean": 0.5266666666666666,
        "max": 0.54,
        "min": 0.5,
        "all": [
            0.5266666666666666,
            0.5333333333333333,
            0.5,
            0.54,
            0.52,
            0.54,
            0.5333333333333333,
            0.5066666666666667,
            0.5333333333333333,
            0.5333333333333333
        ]
    },
    "128": {
        "mean": 0.5266666666666666,
        "max": 0.5266666666666666,
        "min": 0.5266666666666666,
        "all": [
            0.5266666666666666,
            0.5266666666666666,
            0.5266666666666666,
            0.5266666666666666,
            0.5266666666666666,
            0.5266666666666666,
            0.5266666666666666,
            0.5266666666666666,
            0.5266666666666666,
            0.5266666666666666
        ]
    }
}