{
    "1": {
        "mean": 0.48119999999999996,
        "max": 0.502,
        "min": 0.452,
        "all": [
            0.48,
            0.47,
            0.474,
            0.452,
            0.474,
            0.498,
            0.488,
            0.472,
            0.502,
            0.502
        ]
    },
    "2": {
        "mean": 0.5668,
        "max": 0.588,
        "min": 0.548,
        "all": [
            0.566,
            0.58,
            0.558,
            0.562,
            0.566,
            0.562,
            0.572,
            0.566,
            0.548,
            0.588
        ]
    },
    "4": {
        "mean": 0.628,
        "max": 0.656,
        "min": 0.604,
        "all": [
            0.62,
            0.626,
            0.604,
            0.632,
            0.636,
            0.63,
            0.656,
            0.628,
            0.612,
            0.636
        ]
    },
    "8": {
        "mean": 0.681,
        "max": 0.702,
        "min": 0.644,
        "all": [
            0.676,
            0.686,
            0.696,
            0.692,
            0.678,
            0.686,
            0.666,
            0.644,
            0.702,
            0.684
        ]
    },
    "16": {
        "mean": 0.7194,
        "max": 0.73,
        "min": 0.702,
        "all": [
            0.71,
            0.718,
            0.726,
            0.73,
            0.702,
            0.722,
            0.73,
            0.712,
            0.726,
            0.718
        ]
    },
    "32": {
        "mean": 0.7460000000000001,
        "max": 0.756,
        "min": 0.736,
        "all": [
            0.746,
            0.736,
            0.752,
            0.744,
            0.754,
            0.746,
            0.736,
            0.744,
            0.756,
            0.746
        ]
    },
    "64": {
        "mean": 0.7566,
        "max": 0.772,
        "min": 0.746,
        "all": [
            0.756,
            0.75,
            0.76,
            0.758,
            0.754,
            0.746,
            0.754,
            0.762,
            0.772,
            0.754
        ]
    },
    "100": {
        "mean": 0.76,
        "max": 0.76,
        "min": 0.76,
        "all": [
            0.76,
            0.76,
            0.76,
            0.76,
            0.76,
            0.76,
            0.76,
            0.76,
            0.76,
            0.76
        ]
    }
}