{
    "1": {
        "mean": 0.48119999999999996,
        "max": 0.502,
        "min": 0.452,
        "all": [
            0.48,
            0.47,
            0.474,
            0.452,
            0.474,
            0.498,
            0.488,
            0.472,
            0.502,
            0.502
        ]
    },
    "2": {
        "mean": 0.5551999999999999,
        "max": 0.58,
        "min": 0.536,
        "all": [
            0.556,
            0.558,
            0.558,
            0.56,
            0.556,
            0.552,
            0.542,
            0.554,
            0.536,
            0.58
        ]
    },
    "4": {
        "mean": 0.6125999999999999,
        "max": 0.63,
        "min": 0.586,
        "all": [
            0.618,
            0.604,
            0.586,
            0.626,
            0.63,
            0.622,
            0.622,
            0.612,
            0.592,
            0.614
        ]
    },
    "8": {
        "mean": 0.6628000000000001,
        "max": 0.69,
        "min": 0.636,
        "all": [
            0.654,
            0.69,
            0.668,
            0.66,
            0.674,
            0.664,
            0.65,
            0.636,
            0.666,
            0.666
        ]
    },
    "16": {
        "mean": 0.7006,
        "max": 0.712,
        "min": 0.688,
        "all": [
            0.696,
            0.696,
            0.71,
            0.712,
            0.704,
            0.688,
            0.708,
            0.706,
            0.692,
            0.694
        ]
    },
    "32": {
        "mean": 0.724,
        "max": 0.732,
        "min": 0.714,
        "all": [
            0.716,
            0.732,
            0.714,
            0.722,
            0.73,
            0.728,
            0.724,
            0.714,
            0.732,
            0.728
        ]
    },
    "64": {
        "mean": 0.7434000000000001,
        "max": 0.754,
        "min": 0.732,
        "all": [
            0.75,
            0.736,
            0.738,
            0.748,
            0.74,
            0.754,
            0.738,
            0.732,
            0.75,
            0.748
        ]
    },
    "100": {
        "mean": 0.756,
        "max": 0.756,
        "min": 0.756,
        "all": [
            0.756,
            0.756,
            0.756,
            0.756,
            0.756,
            0.756,
            0.756,
            0.756,
            0.756,
            0.756
        ]
    }
}