{
    "1": {
        "mean": 0.33333333333333337,
        "max": 0.38666666666666666,
        "min": 0.29333333333333333,
        "all": [
            0.31333333333333335,
            0.36666666666666664,
            0.32666666666666666,
            0.38666666666666666,
            0.35333333333333333,
            0.34,
            0.30666666666666664,
            0.32,
            0.32666666666666666,
            0.29333333333333333
        ]
    },
    "2": {
        "mean": 0.41600000000000004,
        "max": 0.44,
        "min": 0.36666666666666664,
        "all": [
            0.42,
            0.4066666666666667,
            0.42,
            0.43333333333333335,
            0.38,
            0.36666666666666664,
            0.44,
            0.41333333333333333,
            0.44,
            0.44
        ]
    },
    "4": {
        "mean": 0.45133333333333325,
        "max": 0.49333333333333335,
        "min": 0.4,
        "all": [
            0.42,
            0.49333333333333335,
            0.48,
            0.44666666666666666,
            0.46,
            0.4666666666666667,
            0.4,
            0.4666666666666667,
            0.4266666666666667,
            0.4533333333333333
        ]
    },
    "8": {
        "mean": 0.4953333333333334,
        "max": 0.5333333333333333,
        "min": 0.46,
        "all": [
            0.5133333333333333,
            0.4866666666666667,
            0.46,
            0.5066666666666667,
            0.48,
            0.47333333333333333,
            0.52,
            0.5066666666666667,
            0.47333333333333333,
            0.5333333333333333
        ]
    },
    "16": {
        "mean": 0.5106666666666667,
        "max": 0.5533333333333333,
        "min": 0.4866666666666667,
        "all": [
            0.52,
            0.52,
            0.54,
            0.5,
            0.4866666666666667,
            0.5133333333333333,
            0.49333333333333335,
            0.4866666666666667,
            0.5533333333333333,
            0.49333333333333335
        ]
    },
    "32": {
        "mean": 0.5433333333333332,
        "max": 0.5666666666666667,
        "min": 0.5266666666666666,
        "all": [
            0.5466666666666666,
            0.5466666666666666,
            0.5333333333333333,
            0.54,
            0.5666666666666667,
            0.5666666666666667,
            0.5333333333333333,
            0.5466666666666666,
            0.5266666666666666,
            0.5266666666666666
        ]
    },
    "64": {
        "mean": 0.5406666666666667,
        "max": 0.5733333333333334,
        "min": 0.52,
        "all": [
            0.5333333333333333,
            0.5666666666666667,
            0.52,
            0.52,
            0.5266666666666666,
            0.5733333333333334,
            0.5466666666666666,
            0.52,
            0.5466666666666666,
            0.5533333333333333
        ]
    },
    "128": {
        "mean": 0.5600000000000002,
        "max": 0.56,
        "min": 0.56,
        "all": [
            0.56,
            0.56,
            0.56,
            0.56,
            0.56,
            0.56,
            0.56,
            0.56,
            0.56,
            0.56
        ]
    }
}