{
    "1": {
        "mean": 0.4174496644295302,
        "max": 0.4563758389261745,
        "min": 0.3691275167785235,
        "all": [
            0.4228187919463087,
            0.4228187919463087,
            0.3825503355704698,
            0.436241610738255,
            0.44966442953020136,
            0.38926174496644295,
            0.42953020134228187,
            0.3691275167785235,
            0.4161073825503356,
            0.4563758389261745
        ]
    },
    "2": {
        "mean": 0.42885906040268457,
        "max": 0.46308724832214765,
        "min": 0.3691275167785235,
        "all": [
            0.436241610738255,
            0.436241610738255,
            0.4161073825503356,
            0.44966442953020136,
            0.46308724832214765,
            0.40939597315436244,
            0.44966442953020136,
            0.3691275167785235,
            0.42953020134228187,
            0.42953020134228187
        ]
    },
    "4": {
        "mean": 0.4436241610738255,
        "max": 0.48322147651006714,
        "min": 0.38926174496644295,
        "all": [
            0.4563758389261745,
            0.4429530201342282,
            0.42953020134228187,
            0.46308724832214765,
            0.42953020134228187,
            0.4161073825503356,
            0.44966442953020136,
            0.38926174496644295,
            0.48322147651006714,
            0.47651006711409394
        ]
    },
    "8": {
        "mean": 0.45704697986577186,
        "max": 0.4966442953020134,
        "min": 0.40939597315436244,
        "all": [
            0.46308724832214765,
            0.4697986577181208,
            0.42953020134228187,
            0.46308724832214765,
            0.436241610738255,
            0.4563758389261745,
            0.40939597315436244,
            0.47651006711409394,
            0.4966442953020134,
            0.4697986577181208
        ]
    },
    "16": {
        "mean": 0.4449664429530201,
        "max": 0.48322147651006714,
        "min": 0.40268456375838924,
        "all": [
            0.48322147651006714,
            0.47651006711409394,
            0.47651006711409394,
            0.4161073825503356,
            0.46308724832214765,
            0.4228187919463087,
            0.40268456375838924,
            0.4228187919463087,
            0.42953020134228187,
            0.4563758389261745
        ]
    },
    "32": {
        "mean": 0.44362416107382546,
        "max": 0.48322147651006714,
        "min": 0.4161073825503356,
        "all": [
            0.4161073825503356,
            0.4563758389261745,
            0.4228187919463087,
            0.46308724832214765,
            0.4429530201342282,
            0.4161073825503356,
            0.4563758389261745,
            0.44966442953020136,
            0.42953020134228187,
            0.48322147651006714
        ]
    },
    "64": {
        "mean": 0.45369127516778524,
        "max": 0.48322147651006714,
        "min": 0.40939597315436244,
        "all": [
            0.40939597315436244,
            0.4429530201342282,
            0.44966442953020136,
            0.44966442953020136,
            0.44966442953020136,
            0.4563758389261745,
            0.4429530201342282,
            0.48322147651006714,
            0.4697986577181208,
            0.48322147651006714
        ]
    },
    "128": {
        "mean": 0.44899328859060395,
        "max": 0.46308724832214765,
        "min": 0.436241610738255,
        "all": [
            0.44966442953020136,
            0.46308724832214765,
            0.4563758389261745,
            0.4563758389261745,
            0.4429530201342282,
            0.436241610738255,
            0.4563758389261745,
            0.44966442953020136,
            0.436241610738255,
            0.4429530201342282
        ]
    }
}