{
    "1": {
        "mean": 0.5248322147651007,
        "max": 0.5369127516778524,
        "min": 0.48322147651006714,
        "all": [
            0.5302013422818792,
            0.5369127516778524,
            0.5234899328859061,
            0.5302013422818792,
            0.5369127516778524,
            0.5369127516778524,
            0.5302013422818792,
            0.48322147651006714,
            0.5167785234899329,
            0.5234899328859061
        ]
    },
    "2": {
        "mean": 0.5577181208053691,
        "max": 0.5838926174496645,
        "min": 0.5234899328859061,
        "all": [
            0.5704697986577181,
            0.5704697986577181,
            0.5704697986577181,
            0.5436241610738255,
            0.5436241610738255,
            0.5234899328859061,
            0.5503355704697986,
            0.5838926174496645,
            0.5637583892617449,
            0.5570469798657718
        ]
    },
    "4": {
        "mean": 0.5885906040268456,
        "max": 0.6241610738255033,
        "min": 0.5503355704697986,
        "all": [
            0.5704697986577181,
            0.5704697986577181,
            0.5906040268456376,
            0.610738255033557,
            0.5973154362416108,
            0.5503355704697986,
            0.6241610738255033,
            0.5973154362416108,
            0.5906040268456376,
            0.5838926174496645
        ]
    },
    "8": {
        "mean": 0.5953020134228189,
        "max": 0.6375838926174496,
        "min": 0.5637583892617449,
        "all": [
            0.6174496644295302,
            0.5771812080536913,
            0.5838926174496645,
            0.5906040268456376,
            0.5771812080536913,
            0.5637583892617449,
            0.6241610738255033,
            0.5771812080536913,
            0.6040268456375839,
            0.6375838926174496
        ]
    },
    "16": {
        "mean": 0.6006711409395973,
        "max": 0.6375838926174496,
        "min": 0.5637583892617449,
        "all": [
            0.5704697986577181,
            0.6241610738255033,
            0.5973154362416108,
            0.6174496644295302,
            0.610738255033557,
            0.6375838926174496,
            0.5906040268456376,
            0.6241610738255033,
            0.5637583892617449,
            0.5704697986577181
        ]
    },
    "32": {
        "mean": 0.6114093959731545,
        "max": 0.6442953020134228,
        "min": 0.5973154362416108,
        "all": [
            0.5973154362416108,
            0.6241610738255033,
            0.6040268456375839,
            0.6174496644295302,
            0.6442953020134228,
            0.5973154362416108,
            0.6040268456375839,
            0.6040268456375839,
            0.6040268456375839,
            0.6174496644295302
        ]
    },
    "64": {
        "mean": 0.610738255033557,
        "max": 0.6375838926174496,
        "min": 0.5771812080536913,
        "all": [
            0.5973154362416108,
            0.6174496644295302,
            0.6308724832214765,
            0.5906040268456376,
            0.6375838926174496,
            0.610738255033557,
            0.6174496644295302,
            0.6040268456375839,
            0.5771812080536913,
            0.6241610738255033
        ]
    },
    "128": {
        "mean": 0.6040268456375839,
        "max": 0.6040268456375839,
        "min": 0.6040268456375839,
        "all": [
            0.6040268456375839,
            0.6040268456375839,
            0.6040268456375839,
            0.6040268456375839,
            0.6040268456375839,
            0.6040268456375839,
            0.6040268456375839,
            0.6040268456375839,
            0.6040268456375839,
            0.6040268456375839
        ]
    }
}