{
    "1": {
        "mean": 0.5248322147651007,
        "max": 0.5369127516778524,
        "min": 0.48322147651006714,
        "all": [
            0.5302013422818792,
            0.5369127516778524,
            0.5234899328859061,
            0.5302013422818792,
            0.5369127516778524,
            0.5369127516778524,
            0.5302013422818792,
            0.48322147651006714,
            0.5167785234899329,
            0.5234899328859061
        ]
    },
    "2": {
        "mean": 0.551006711409396,
        "max": 0.5771812080536913,
        "min": 0.5167785234899329,
        "all": [
            0.5570469798657718,
            0.5570469798657718,
            0.5503355704697986,
            0.5167785234899329,
            0.5436241610738255,
            0.5234899328859061,
            0.5771812080536913,
            0.5637583892617449,
            0.5503355704697986,
            0.5704697986577181
        ]
    },
    "4": {
        "mean": 0.5912751677852349,
        "max": 0.6241610738255033,
        "min": 0.5704697986577181,
        "all": [
            0.5838926174496645,
            0.5771812080536913,
            0.5771812080536913,
            0.6040268456375839,
            0.5838926174496645,
            0.5906040268456376,
            0.610738255033557,
            0.6241610738255033,
            0.5704697986577181,
            0.5906040268456376
        ]
    },
    "8": {
        "mean": 0.5926174496644296,
        "max": 0.6241610738255033,
        "min": 0.5771812080536913,
        "all": [
            0.5973154362416108,
            0.5973154362416108,
            0.5771812080536913,
            0.5906040268456376,
            0.5838926174496645,
            0.5771812080536913,
            0.6241610738255033,
            0.5838926174496645,
            0.6040268456375839,
            0.5906040268456376
        ]
    },
    "16": {
        "mean": 0.5966442953020135,
        "max": 0.6241610738255033,
        "min": 0.5637583892617449,
        "all": [
            0.5906040268456376,
            0.5838926174496645,
            0.5973154362416108,
            0.6241610738255033,
            0.5906040268456376,
            0.6174496644295302,
            0.5637583892617449,
            0.5973154362416108,
            0.5906040268456376,
            0.610738255033557
        ]
    },
    "32": {
        "mean": 0.5879194630872483,
        "max": 0.6040268456375839,
        "min": 0.5637583892617449,
        "all": [
            0.6040268456375839,
            0.5973154362416108,
            0.5771812080536913,
            0.6040268456375839,
            0.5906040268456376,
            0.5637583892617449,
            0.5906040268456376,
            0.5838926174496645,
            0.5838926174496645,
            0.5838926174496645
        ]
    },
    "64": {
        "mean": 0.5798657718120805,
        "max": 0.5973154362416108,
        "min": 0.5570469798657718,
        "all": [
            0.5704697986577181,
            0.5838926174496645,
            0.5771812080536913,
            0.5973154362416108,
            0.5906040268456376,
            0.5838926174496645,
            0.5838926174496645,
            0.5570469798657718,
            0.5637583892617449,
            0.5906040268456376
        ]
    },
    "128": {
        "mean": 0.5771812080536913,
        "max": 0.5771812080536913,
        "min": 0.5771812080536913,
        "all": [
            0.5771812080536913,
            0.5771812080536913,
            0.5771812080536913,
            0.5771812080536913,
            0.5771812080536913,
            0.5771812080536913,
            0.5771812080536913,
            0.5771812080536913,
            0.5771812080536913,
            0.5771812080536913
        ]
    }
}