{
    "1": {
        "mean": 0.5248322147651007,
        "max": 0.5369127516778524,
        "min": 0.48322147651006714,
        "all": [
            0.5302013422818792,
            0.5369127516778524,
            0.5234899328859061,
            0.5302013422818792,
            0.5369127516778524,
            0.5369127516778524,
            0.5302013422818792,
            0.48322147651006714,
            0.5167785234899329,
            0.5234899328859061
        ]
    },
    "2": {
        "mean": 0.5550335570469798,
        "max": 0.5704697986577181,
        "min": 0.5234899328859061,
        "all": [
            0.5570469798657718,
            0.5704697986577181,
            0.5704697986577181,
            0.5234899328859061,
            0.5503355704697986,
            0.5234899328859061,
            0.5637583892617449,
            0.5637583892617449,
            0.5637583892617449,
            0.5637583892617449
        ]
    },
    "4": {
        "mean": 0.5932885906040268,
        "max": 0.6510067114093959,
        "min": 0.5704697986577181,
        "all": [
            0.5771812080536913,
            0.5771812080536913,
            0.5906040268456376,
            0.6040268456375839,
            0.5704697986577181,
            0.5771812080536913,
            0.6241610738255033,
            0.6510067114093959,
            0.5906040268456376,
            0.5704697986577181
        ]
    },
    "8": {
        "mean": 0.5939597315436241,
        "max": 0.6174496644295302,
        "min": 0.5570469798657718,
        "all": [
            0.6040268456375839,
            0.610738255033557,
            0.5771812080536913,
            0.5973154362416108,
            0.5771812080536913,
            0.5570469798657718,
            0.6174496644295302,
            0.5906040268456376,
            0.6174496644295302,
            0.5906040268456376
        ]
    },
    "16": {
        "mean": 0.6107382550335569,
        "max": 0.6375838926174496,
        "min": 0.5704697986577181,
        "all": [
            0.6040268456375839,
            0.610738255033557,
            0.5973154362416108,
            0.610738255033557,
            0.6174496644295302,
            0.6375838926174496,
            0.6241610738255033,
            0.610738255033557,
            0.5704697986577181,
            0.6241610738255033
        ]
    },
    "32": {
        "mean": 0.6093959731543624,
        "max": 0.6510067114093959,
        "min": 0.5838926174496645,
        "all": [
            0.5838926174496645,
            0.6510067114093959,
            0.6040268456375839,
            0.610738255033557,
            0.5973154362416108,
            0.5973154362416108,
            0.5838926174496645,
            0.6308724832214765,
            0.6308724832214765,
            0.6040268456375839
        ]
    },
    "64": {
        "mean": 0.608724832214765,
        "max": 0.6308724832214765,
        "min": 0.5906040268456376,
        "all": [
            0.6040268456375839,
            0.5973154362416108,
            0.610738255033557,
            0.6040268456375839,
            0.610738255033557,
            0.5973154362416108,
            0.6241610738255033,
            0.6174496644295302,
            0.5906040268456376,
            0.6308724832214765
        ]
    },
    "128": {
        "mean": 0.6174496644295303,
        "max": 0.6174496644295302,
        "min": 0.6174496644295302,
        "all": [
            0.6174496644295302,
            0.6174496644295302,
            0.6174496644295302,
            0.6174496644295302,
            0.6174496644295302,
            0.6174496644295302,
            0.6174496644295302,
            0.6174496644295302,
            0.6174496644295302,
            0.6174496644295302
        ]
    }
}