{
    "1": {
        "mean": 0.5248322147651007,
        "max": 0.5369127516778524,
        "min": 0.48322147651006714,
        "all": [
            0.5302013422818792,
            0.5369127516778524,
            0.5234899328859061,
            0.5302013422818792,
            0.5369127516778524,
            0.5369127516778524,
            0.5302013422818792,
            0.48322147651006714,
            0.5167785234899329,
            0.5234899328859061
        ]
    },
    "2": {
        "mean": 0.5597315436241611,
        "max": 0.610738255033557,
        "min": 0.5167785234899329,
        "all": [
            0.5436241610738255,
            0.5704697986577181,
            0.5704697986577181,
            0.5234899328859061,
            0.5704697986577181,
            0.5167785234899329,
            0.5369127516778524,
            0.5838926174496645,
            0.5704697986577181,
            0.610738255033557
        ]
    },
    "4": {
        "mean": 0.5932885906040269,
        "max": 0.6241610738255033,
        "min": 0.5570469798657718,
        "all": [
            0.5906040268456376,
            0.5771812080536913,
            0.6241610738255033,
            0.5771812080536913,
            0.5973154362416108,
            0.5771812080536913,
            0.6241610738255033,
            0.610738255033557,
            0.5973154362416108,
            0.5570469798657718
        ]
    },
    "8": {
        "mean": 0.5973154362416107,
        "max": 0.6375838926174496,
        "min": 0.5704697986577181,
        "all": [
            0.6174496644295302,
            0.5771812080536913,
            0.6308724832214765,
            0.5704697986577181,
            0.5704697986577181,
            0.5771812080536913,
            0.610738255033557,
            0.6375838926174496,
            0.5838926174496645,
            0.5973154362416108
        ]
    },
    "16": {
        "mean": 0.6315436241610739,
        "max": 0.6577181208053692,
        "min": 0.5906040268456376,
        "all": [
            0.6308724832214765,
            0.6375838926174496,
            0.6308724832214765,
            0.6510067114093959,
            0.6577181208053692,
            0.6375838926174496,
            0.6375838926174496,
            0.6308724832214765,
            0.5906040268456376,
            0.610738255033557
        ]
    },
    "32": {
        "mean": 0.6409395973154361,
        "max": 0.6644295302013423,
        "min": 0.610738255033557,
        "all": [
            0.6510067114093959,
            0.6442953020134228,
            0.6442953020134228,
            0.610738255033557,
            0.6308724832214765,
            0.6442953020134228,
            0.6375838926174496,
            0.6644295302013423,
            0.6308724832214765,
            0.6510067114093959
        ]
    },
    "64": {
        "mean": 0.6395973154362415,
        "max": 0.6577181208053692,
        "min": 0.5973154362416108,
        "all": [
            0.5973154362416108,
            0.6510067114093959,
            0.6375838926174496,
            0.6577181208053692,
            0.6510067114093959,
            0.6375838926174496,
            0.6308724832214765,
            0.6510067114093959,
            0.6510067114093959,
            0.6308724832214765
        ]
    },
    "128": {
        "mean": 0.6577181208053692,
        "max": 0.6577181208053692,
        "min": 0.6577181208053692,
        "all": [
            0.6577181208053692,
            0.6577181208053692,
            0.6577181208053692,
            0.6577181208053692,
            0.6577181208053692,
            0.6577181208053692,
            0.6577181208053692,
            0.6577181208053692,
            0.6577181208053692,
            0.6577181208053692
        ]
    }
}