{
    "1": {
        "mean": 0.5864285714285713,
        "max": 0.6071428571428571,
        "min": 0.5642857142857143,
        "all": [
            0.5714285714285714,
            0.5785714285714286,
            0.6,
            0.5928571428571429,
            0.5928571428571429,
            0.6,
            0.6071428571428571,
            0.5642857142857143,
            0.5928571428571429,
            0.5642857142857143
        ]
    },
    "2": {
        "mean": 0.5707142857142856,
        "max": 0.6428571428571429,
        "min": 0.5,
        "all": [
            0.6428571428571429,
            0.5,
            0.5928571428571429,
            0.5571428571428572,
            0.6,
            0.5928571428571429,
            0.5642857142857143,
            0.5357142857142857,
            0.5642857142857143,
            0.5571428571428572
        ]
    },
    "4": {
        "mean": 0.5492857142857143,
        "max": 0.5785714285714286,
        "min": 0.5142857142857142,
        "all": [
            0.5357142857142857,
            0.5642857142857143,
            0.5714285714285714,
            0.5142857142857142,
            0.5571428571428572,
            0.55,
            0.5571428571428572,
            0.5428571428571428,
            0.5785714285714286,
            0.5214285714285715
        ]
    },
    "8": {
        "mean": 0.5492857142857143,
        "max": 0.6,
        "min": 0.5285714285714286,
        "all": [
            0.5642857142857143,
            0.5357142857142857,
            0.5285714285714286,
            0.5357142857142857,
            0.5428571428571428,
            0.5642857142857143,
            0.5285714285714286,
            0.5285714285714286,
            0.6,
            0.5642857142857143
        ]
    },
    "16": {
        "mean": 0.5414285714285715,
        "max": 0.5714285714285714,
        "min": 0.5142857142857142,
        "all": [
            0.5357142857142857,
            0.5428571428571428,
            0.55,
            0.5214285714285715,
            0.5714285714285714,
            0.5142857142857142,
            0.5714285714285714,
            0.5285714285714286,
            0.5357142857142857,
            0.5428571428571428
        ]
    },
    "32": {
        "mean": 0.5328571428571428,
        "max": 0.55,
        "min": 0.5142857142857142,
        "all": [
            0.5142857142857142,
            0.5285714285714286,
            0.55,
            0.5214285714285715,
            0.5428571428571428,
            0.5285714285714286,
            0.5285714285714286,
            0.5428571428571428,
            0.5285714285714286,
            0.5428571428571428
        ]
    },
    "64": {
        "mean": 0.522142857142857,
        "max": 0.5357142857142857,
        "min": 0.5,
        "all": [
            0.5214285714285715,
            0.5142857142857142,
            0.5285714285714286,
            0.5357142857142857,
            0.5071428571428571,
            0.5357142857142857,
            0.5357142857142857,
            0.5,
            0.5285714285714286,
            0.5142857142857142
        ]
    },
    "128": {
        "mean": 0.5214285714285715,
        "max": 0.5214285714285715,
        "min": 0.5214285714285715,
        "all": [
            0.5214285714285715,
            0.5214285714285715,
            0.5214285714285715,
            0.5214285714285715,
            0.5214285714285715,
            0.5214285714285715,
            0.5214285714285715,
            0.5214285714285715,
            0.5214285714285715,
            0.5214285714285715
        ]
    }
}