{
    "1": {
        "mean": 0.3786666666666667,
        "max": 0.4666666666666667,
        "min": 0.31333333333333335,
        "all": [
            0.34,
            0.4066666666666667,
            0.3333333333333333,
            0.41333333333333333,
            0.4666666666666667,
            0.31333333333333335,
            0.38,
            0.32666666666666666,
            0.41333333333333333,
            0.3933333333333333
        ]
    },
    "2": {
        "mean": 0.43533333333333335,
        "max": 0.5133333333333333,
        "min": 0.36666666666666664,
        "all": [
            0.43333333333333335,
            0.38666666666666666,
            0.36666666666666664,
            0.5,
            0.46,
            0.44666666666666666,
            0.4866666666666667,
            0.38666666666666666,
            0.5133333333333333,
            0.37333333333333335
        ]
    },
    "4": {
        "mean": 0.4739999999999999,
        "max": 0.5133333333333333,
        "min": 0.4266666666666667,
        "all": [
            0.5,
            0.5133333333333333,
            0.4866666666666667,
            0.4666666666666667,
            0.5066666666666667,
            0.4866666666666667,
            0.4266666666666667,
            0.4533333333333333,
            0.4533333333333333,
            0.44666666666666666
        ]
    },
    "8": {
        "mean": 0.49799999999999994,
        "max": 0.5666666666666667,
        "min": 0.44,
        "all": [
            0.52,
            0.5,
            0.52,
            0.44,
            0.4866666666666667,
            0.47333333333333333,
            0.4666666666666667,
            0.5666666666666667,
            0.5,
            0.5066666666666667
        ]
    },
    "16": {
        "mean": 0.5133333333333333,
        "max": 0.5466666666666666,
        "min": 0.49333333333333335,
        "all": [
            0.5066666666666667,
            0.5266666666666666,
            0.5066666666666667,
            0.5266666666666666,
            0.5466666666666666,
            0.5066666666666667,
            0.5,
            0.5133333333333333,
            0.49333333333333335,
            0.5066666666666667
        ]
    },
    "32": {
        "mean": 0.49066666666666664,
        "max": 0.5066666666666667,
        "min": 0.47333333333333333,
        "all": [
            0.5066666666666667,
            0.47333333333333333,
            0.5066666666666667,
            0.5066666666666667,
            0.5,
            0.47333333333333333,
            0.49333333333333335,
            0.48,
            0.4866666666666667,
            0.48
        ]
    },
    "64": {
        "mean": 0.522,
        "max": 0.56,
        "min": 0.4866666666666667,
        "all": [
            0.4866666666666667,
            0.54,
            0.49333333333333335,
            0.5133333333333333,
            0.5333333333333333,
            0.54,
            0.52,
            0.5133333333333333,
            0.52,
            0.56
        ]
    },
    "128": {
        "mean": 0.5066666666666667,
        "max": 0.5066666666666667,
        "min": 0.5066666666666667,
        "all": [
            0.5066666666666667,
            0.5066666666666667,
            0.5066666666666667,
            0.5066666666666667,
            0.5066666666666667,
            0.5066666666666667,
            0.5066666666666667,
            0.5066666666666667,
            0.5066666666666667,
            0.5066666666666667
        ]
    }
}