{
    "1": {
        "mean": 0.6838461538461539,
        "max": 0.7384615384615385,
        "min": 0.6384615384615384,
        "all": [
            0.6846153846153846,
            0.676923076923077,
            0.6538461538461539,
            0.7,
            0.6923076923076923,
            0.7384615384615385,
            0.6615384615384615,
            0.6384615384615384,
            0.6692307692307692,
            0.7230769230769231
        ]
    },
    "2": {
        "mean": 0.6976923076923077,
        "max": 0.7384615384615385,
        "min": 0.6461538461538462,
        "all": [
            0.7384615384615385,
            0.6846153846153846,
            0.7,
            0.6461538461538462,
            0.7153846153846154,
            0.676923076923077,
            0.7153846153846154,
            0.7,
            0.6615384615384615,
            0.7384615384615385
        ]
    },
    "4": {
        "mean": 0.7138461538461538,
        "max": 0.7461538461538462,
        "min": 0.6846153846153846,
        "all": [
            0.7230769230769231,
            0.7153846153846154,
            0.6846153846153846,
            0.6846153846153846,
            0.7230769230769231,
            0.6923076923076923,
            0.7230769230769231,
            0.7461538461538462,
            0.7230769230769231,
            0.7230769230769231
        ]
    },
    "8": {
        "mean": 0.696923076923077,
        "max": 0.7384615384615385,
        "min": 0.6538461538461539,
        "all": [
            0.7153846153846154,
            0.6846153846153846,
            0.6692307692307692,
            0.7,
            0.7,
            0.7153846153846154,
            0.676923076923077,
            0.7384615384615385,
            0.6538461538461539,
            0.7153846153846154
        ]
    },
    "16": {
        "mean": 0.7176923076923079,
        "max": 0.7538461538461538,
        "min": 0.6846153846153846,
        "all": [
            0.7076923076923077,
            0.7307692307692307,
            0.7384615384615385,
            0.7230769230769231,
            0.7307692307692307,
            0.7230769230769231,
            0.6846153846153846,
            0.7538461538461538,
            0.6846153846153846,
            0.7
        ]
    },
    "32": {
        "mean": 0.7046153846153846,
        "max": 0.7538461538461538,
        "min": 0.6615384615384615,
        "all": [
            0.6846153846153846,
            0.6615384615384615,
            0.7307692307692307,
            0.6846153846153846,
            0.7153846153846154,
            0.7230769230769231,
            0.6846153846153846,
            0.7538461538461538,
            0.7153846153846154,
            0.6923076923076923
        ]
    },
    "64": {
        "mean": 0.6907692307692308,
        "max": 0.7307692307692307,
        "min": 0.6615384615384615,
        "all": [
            0.7153846153846154,
            0.6846153846153846,
            0.7,
            0.7307692307692307,
            0.6692307692307692,
            0.6615384615384615,
            0.6846153846153846,
            0.6923076923076923,
            0.6846153846153846,
            0.6846153846153846
        ]
    },
    "128": {
        "mean": 0.6653846153846155,
        "max": 0.676923076923077,
        "min": 0.6538461538461539,
        "all": [
            0.6615384615384615,
            0.6538461538461539,
            0.6615384615384615,
            0.6692307692307692,
            0.6692307692307692,
            0.6615384615384615,
            0.6692307692307692,
            0.6692307692307692,
            0.6615384615384615,
            0.676923076923077
        ]
    }
}