{
    "1": {
        "mean": 0.5864285714285713,
        "max": 0.6071428571428571,
        "min": 0.5642857142857143,
        "all": [
            0.5714285714285714,
            0.5785714285714286,
            0.6,
            0.5928571428571429,
            0.5928571428571429,
            0.6,
            0.6071428571428571,
            0.5642857142857143,
            0.5928571428571429,
            0.5642857142857143
        ]
    },
    "2": {
        "mean": 0.5614285714285714,
        "max": 0.6214285714285714,
        "min": 0.5142857142857142,
        "all": [
            0.6214285714285714,
            0.5142857142857142,
            0.5785714285714286,
            0.55,
            0.6142857142857143,
            0.5642857142857143,
            0.5357142857142857,
            0.5285714285714286,
            0.5642857142857143,
            0.5428571428571428
        ]
    },
    "4": {
        "mean": 0.5864285714285713,
        "max": 0.6071428571428571,
        "min": 0.5571428571428572,
        "all": [
            0.5928571428571429,
            0.6071428571428571,
            0.5642857142857143,
            0.5571428571428572,
            0.5857142857142857,
            0.6,
            0.5928571428571429,
            0.5714285714285714,
            0.6,
            0.5928571428571429
        ]
    },
    "8": {
        "mean": 0.5907142857142855,
        "max": 0.6071428571428571,
        "min": 0.5642857142857143,
        "all": [
            0.5642857142857143,
            0.5857142857142857,
            0.5714285714285714,
            0.6071428571428571,
            0.5928571428571429,
            0.6,
            0.6,
            0.5785714285714286,
            0.6,
            0.6071428571428571
        ]
    },
    "16": {
        "mean": 0.5999999999999999,
        "max": 0.6071428571428571,
        "min": 0.5857142857142857,
        "all": [
            0.5928571428571429,
            0.6071428571428571,
            0.5857142857142857,
            0.6071428571428571,
            0.6071428571428571,
            0.5928571428571429,
            0.6,
            0.6,
            0.6,
            0.6071428571428571
        ]
    },
    "32": {
        "mean": 0.5978571428571428,
        "max": 0.6142857142857143,
        "min": 0.5785714285714286,
        "all": [
            0.5857142857142857,
            0.6071428571428571,
            0.6142857142857143,
            0.6142857142857143,
            0.5857142857142857,
            0.5857142857142857,
            0.5785714285714286,
            0.5928571428571429,
            0.6142857142857143,
            0.6
        ]
    },
    "64": {
        "mean": 0.5928571428571427,
        "max": 0.6142857142857143,
        "min": 0.5785714285714286,
        "all": [
            0.5785714285714286,
            0.5928571428571429,
            0.6,
            0.6142857142857143,
            0.5857142857142857,
            0.5857142857142857,
            0.5928571428571429,
            0.5857142857142857,
            0.6071428571428571,
            0.5857142857142857
        ]
    },
    "128": {
        "mean": 0.607142857142857,
        "max": 0.6071428571428571,
        "min": 0.6071428571428571,
        "all": [
            0.6071428571428571,
            0.6071428571428571,
            0.6071428571428571,
            0.6071428571428571,
            0.6071428571428571,
            0.6071428571428571,
            0.6071428571428571,
            0.6071428571428571,
            0.6071428571428571,
            0.6071428571428571
        ]
    }
}