{
    "1": {
        "mean": 0.4174496644295302,
        "max": 0.4563758389261745,
        "min": 0.3691275167785235,
        "all": [
            0.4228187919463087,
            0.4228187919463087,
            0.3825503355704698,
            0.436241610738255,
            0.44966442953020136,
            0.38926174496644295,
            0.42953020134228187,
            0.3691275167785235,
            0.4161073825503356,
            0.4563758389261745
        ]
    },
    "2": {
        "mean": 0.43020134228187923,
        "max": 0.4697986577181208,
        "min": 0.3624161073825503,
        "all": [
            0.4161073825503356,
            0.46308724832214765,
            0.4228187919463087,
            0.4697986577181208,
            0.436241610738255,
            0.436241610738255,
            0.4228187919463087,
            0.3624161073825503,
            0.436241610738255,
            0.436241610738255
        ]
    },
    "4": {
        "mean": 0.4355704697986577,
        "max": 0.4697986577181208,
        "min": 0.3959731543624161,
        "all": [
            0.4563758389261745,
            0.4429530201342282,
            0.3959731543624161,
            0.42953020134228187,
            0.42953020134228187,
            0.40939597315436244,
            0.4697986577181208,
            0.42953020134228187,
            0.42953020134228187,
            0.46308724832214765
        ]
    },
    "8": {
        "mean": 0.4469798657718121,
        "max": 0.47651006711409394,
        "min": 0.4161073825503356,
        "all": [
            0.47651006711409394,
            0.4161073825503356,
            0.4563758389261745,
            0.4563758389261745,
            0.42953020134228187,
            0.436241610738255,
            0.44966442953020136,
            0.4697986577181208,
            0.42953020134228187,
            0.44966442953020136
        ]
    },
    "16": {
        "mean": 0.4322147651006712,
        "max": 0.44966442953020136,
        "min": 0.40939597315436244,
        "all": [
            0.4228187919463087,
            0.436241610738255,
            0.40939597315436244,
            0.4228187919463087,
            0.4228187919463087,
            0.42953020134228187,
            0.4429530201342282,
            0.44966442953020136,
            0.4429530201342282,
            0.4429530201342282
        ]
    },
    "32": {
        "mean": 0.42617449664429524,
        "max": 0.4563758389261745,
        "min": 0.40268456375838924,
        "all": [
            0.40268456375838924,
            0.4228187919463087,
            0.4429530201342282,
            0.436241610738255,
            0.4228187919463087,
            0.4161073825503356,
            0.42953020134228187,
            0.40268456375838924,
            0.42953020134228187,
            0.4563758389261745
        ]
    },
    "64": {
        "mean": 0.4389261744966443,
        "max": 0.4697986577181208,
        "min": 0.40268456375838924,
        "all": [
            0.42953020134228187,
            0.42953020134228187,
            0.42953020134228187,
            0.436241610738255,
            0.436241610738255,
            0.44966442953020136,
            0.4697986577181208,
            0.40268456375838924,
            0.436241610738255,
            0.4697986577181208
        ]
    },
    "128": {
        "mean": 0.43624161073825507,
        "max": 0.436241610738255,
        "min": 0.436241610738255,
        "all": [
            0.436241610738255,
            0.436241610738255,
            0.436241610738255,
            0.436241610738255,
            0.436241610738255,
            0.436241610738255,
            0.436241610738255,
            0.436241610738255,
            0.436241610738255,
            0.436241610738255
        ]
    }
}