{
    "1": {
        "mean": 0.4174496644295302,
        "max": 0.4563758389261745,
        "min": 0.3691275167785235,
        "all": [
            0.4228187919463087,
            0.4228187919463087,
            0.3825503355704698,
            0.436241610738255,
            0.44966442953020136,
            0.38926174496644295,
            0.42953020134228187,
            0.3691275167785235,
            0.4161073825503356,
            0.4563758389261745
        ]
    },
    "2": {
        "mean": 0.4382550335570469,
        "max": 0.4899328859060403,
        "min": 0.3691275167785235,
        "all": [
            0.4429530201342282,
            0.4429530201342282,
            0.4429530201342282,
            0.4899328859060403,
            0.4697986577181208,
            0.4228187919463087,
            0.436241610738255,
            0.3691275167785235,
            0.436241610738255,
            0.42953020134228187
        ]
    },
    "4": {
        "mean": 0.4355704697986577,
        "max": 0.44966442953020136,
        "min": 0.40939597315436244,
        "all": [
            0.44966442953020136,
            0.4429530201342282,
            0.40939597315436244,
            0.4161073825503356,
            0.44966442953020136,
            0.4228187919463087,
            0.44966442953020136,
            0.4429530201342282,
            0.44966442953020136,
            0.4228187919463087
        ]
    },
    "8": {
        "mean": 0.4523489932885907,
        "max": 0.4966442953020134,
        "min": 0.4161073825503356,
        "all": [
            0.4429530201342282,
            0.436241610738255,
            0.46308724832214765,
            0.4563758389261745,
            0.4161073825503356,
            0.436241610738255,
            0.436241610738255,
            0.4563758389261745,
            0.4966442953020134,
            0.48322147651006714
        ]
    },
    "16": {
        "mean": 0.4503355704697986,
        "max": 0.48322147651006714,
        "min": 0.4161073825503356,
        "all": [
            0.4429530201342282,
            0.48322147651006714,
            0.4563758389261745,
            0.4161073825503356,
            0.44966442953020136,
            0.4228187919463087,
            0.4563758389261745,
            0.47651006711409394,
            0.44966442953020136,
            0.44966442953020136
        ]
    },
    "32": {
        "mean": 0.42885906040268457,
        "max": 0.44966442953020136,
        "min": 0.40268456375838924,
        "all": [
            0.4228187919463087,
            0.436241610738255,
            0.4429530201342282,
            0.42953020134228187,
            0.40268456375838924,
            0.4429530201342282,
            0.4228187919463087,
            0.44966442953020136,
            0.40939597315436244,
            0.42953020134228187
        ]
    },
    "64": {
        "mean": 0.4449664429530202,
        "max": 0.4966442953020134,
        "min": 0.4161073825503356,
        "all": [
            0.4966442953020134,
            0.4161073825503356,
            0.4563758389261745,
            0.436241610738255,
            0.46308724832214765,
            0.4563758389261745,
            0.436241610738255,
            0.436241610738255,
            0.42953020134228187,
            0.4228187919463087
        ]
    },
    "128": {
        "mean": 0.46308724832214765,
        "max": 0.46308724832214765,
        "min": 0.46308724832214765,
        "all": [
            0.46308724832214765,
            0.46308724832214765,
            0.46308724832214765,
            0.46308724832214765,
            0.46308724832214765,
            0.46308724832214765,
            0.46308724832214765,
            0.46308724832214765,
            0.46308724832214765,
            0.46308724832214765
        ]
    }
}