{
    "1": {
        "mean": 0.4174496644295302,
        "max": 0.4563758389261745,
        "min": 0.3691275167785235,
        "all": [
            0.4228187919463087,
            0.4228187919463087,
            0.3825503355704698,
            0.436241610738255,
            0.44966442953020136,
            0.38926174496644295,
            0.42953020134228187,
            0.3691275167785235,
            0.4161073825503356,
            0.4563758389261745
        ]
    },
    "2": {
        "mean": 0.4228187919463087,
        "max": 0.4429530201342282,
        "min": 0.3691275167785235,
        "all": [
            0.40939597315436244,
            0.42953020134228187,
            0.40268456375838924,
            0.4429530201342282,
            0.4429530201342282,
            0.4161073825503356,
            0.4429530201342282,
            0.3691275167785235,
            0.42953020134228187,
            0.4429530201342282
        ]
    },
    "4": {
        "mean": 0.42348993288590603,
        "max": 0.4697986577181208,
        "min": 0.3691275167785235,
        "all": [
            0.44966442953020136,
            0.436241610738255,
            0.3691275167785235,
            0.40268456375838924,
            0.40939597315436244,
            0.38926174496644295,
            0.44966442953020136,
            0.4563758389261745,
            0.40268456375838924,
            0.4697986577181208
        ]
    },
    "8": {
        "mean": 0.4402684563758389,
        "max": 0.4899328859060403,
        "min": 0.40268456375838924,
        "all": [
            0.4429530201342282,
            0.40939597315436244,
            0.436241610738255,
            0.4429530201342282,
            0.40268456375838924,
            0.40939597315436244,
            0.46308724832214765,
            0.4563758389261745,
            0.44966442953020136,
            0.4899328859060403
        ]
    },
    "16": {
        "mean": 0.42617449664429535,
        "max": 0.46308724832214765,
        "min": 0.3825503355704698,
        "all": [
            0.44966442953020136,
            0.46308724832214765,
            0.4161073825503356,
            0.3959731543624161,
            0.4228187919463087,
            0.42953020134228187,
            0.3825503355704698,
            0.4228187919463087,
            0.4429530201342282,
            0.436241610738255
        ]
    },
    "32": {
        "mean": 0.4248322147651007,
        "max": 0.46308724832214765,
        "min": 0.3959731543624161,
        "all": [
            0.3959731543624161,
            0.436241610738255,
            0.4228187919463087,
            0.46308724832214765,
            0.3959731543624161,
            0.4161073825503356,
            0.4228187919463087,
            0.42953020134228187,
            0.42953020134228187,
            0.436241610738255
        ]
    },
    "64": {
        "mean": 0.42147651006711406,
        "max": 0.436241610738255,
        "min": 0.38926174496644295,
        "all": [
            0.4161073825503356,
            0.40268456375838924,
            0.42953020134228187,
            0.38926174496644295,
            0.436241610738255,
            0.4161073825503356,
            0.4228187919463087,
            0.436241610738255,
            0.436241610738255,
            0.42953020134228187
        ]
    },
    "128": {
        "mean": 0.39597315436241604,
        "max": 0.3959731543624161,
        "min": 0.3959731543624161,
        "all": [
            0.3959731543624161,
            0.3959731543624161,
            0.3959731543624161,
            0.3959731543624161,
            0.3959731543624161,
            0.3959731543624161,
            0.3959731543624161,
            0.3959731543624161,
            0.3959731543624161,
            0.3959731543624161
        ]
    }
}