{
    "1": {
        "mean": 0.4174496644295302,
        "max": 0.4563758389261745,
        "min": 0.3691275167785235,
        "all": [
            0.4228187919463087,
            0.4228187919463087,
            0.3825503355704698,
            0.436241610738255,
            0.44966442953020136,
            0.38926174496644295,
            0.42953020134228187,
            0.3691275167785235,
            0.4161073825503356,
            0.4563758389261745
        ]
    },
    "2": {
        "mean": 0.4402684563758389,
        "max": 0.47651006711409394,
        "min": 0.3691275167785235,
        "all": [
            0.4429530201342282,
            0.436241610738255,
            0.42953020134228187,
            0.4697986577181208,
            0.436241610738255,
            0.436241610738255,
            0.47651006711409394,
            0.3691275167785235,
            0.4563758389261745,
            0.44966442953020136
        ]
    },
    "4": {
        "mean": 0.44899328859060395,
        "max": 0.4697986577181208,
        "min": 0.4228187919463087,
        "all": [
            0.436241610738255,
            0.4563758389261745,
            0.4429530201342282,
            0.4563758389261745,
            0.4228187919463087,
            0.44966442953020136,
            0.4697986577181208,
            0.44966442953020136,
            0.44966442953020136,
            0.4563758389261745
        ]
    },
    "8": {
        "mean": 0.46711409395973147,
        "max": 0.5167785234899329,
        "min": 0.436241610738255,
        "all": [
            0.46308724832214765,
            0.436241610738255,
            0.4563758389261745,
            0.4966442953020134,
            0.44966442953020136,
            0.4697986577181208,
            0.4697986577181208,
            0.44966442953020136,
            0.46308724832214765,
            0.5167785234899329
        ]
    },
    "16": {
        "mean": 0.47114093959731546,
        "max": 0.5100671140939598,
        "min": 0.44966442953020136,
        "all": [
            0.47651006711409394,
            0.48322147651006714,
            0.44966442953020136,
            0.4697986577181208,
            0.4563758389261745,
            0.5100671140939598,
            0.4563758389261745,
            0.4966442953020134,
            0.46308724832214765,
            0.44966442953020136
        ]
    },
    "32": {
        "mean": 0.4879194630872483,
        "max": 0.5100671140939598,
        "min": 0.46308724832214765,
        "all": [
            0.47651006711409394,
            0.5100671140939598,
            0.5100671140939598,
            0.48322147651006714,
            0.5033557046979866,
            0.46308724832214765,
            0.47651006711409394,
            0.46308724832214765,
            0.4899328859060403,
            0.5033557046979866
        ]
    },
    "64": {
        "mean": 0.4979865771812081,
        "max": 0.5167785234899329,
        "min": 0.4563758389261745,
        "all": [
            0.4563758389261745,
            0.5100671140939598,
            0.5167785234899329,
            0.5100671140939598,
            0.5100671140939598,
            0.5100671140939598,
            0.4899328859060403,
            0.4899328859060403,
            0.5033557046979866,
            0.48322147651006714
        ]
    },
    "128": {
        "mean": 0.5167785234899329,
        "max": 0.5167785234899329,
        "min": 0.5167785234899329,
        "all": [
            0.5167785234899329,
            0.5167785234899329,
            0.5167785234899329,
            0.5167785234899329,
            0.5167785234899329,
            0.5167785234899329,
            0.5167785234899329,
            0.5167785234899329,
            0.5167785234899329,
            0.5167785234899329
        ]
    }
}