{
    "1": {
        "mean": 0.3786666666666667,
        "max": 0.4666666666666667,
        "min": 0.31333333333333335,
        "all": [
            0.34,
            0.4066666666666667,
            0.3333333333333333,
            0.41333333333333333,
            0.4666666666666667,
            0.31333333333333335,
            0.38,
            0.32666666666666666,
            0.41333333333333333,
            0.3933333333333333
        ]
    },
    "2": {
        "mean": 0.47400000000000003,
        "max": 0.54,
        "min": 0.41333333333333333,
        "all": [
            0.46,
            0.4866666666666667,
            0.41333333333333333,
            0.5333333333333333,
            0.4666666666666667,
            0.4666666666666667,
            0.49333333333333335,
            0.46,
            0.54,
            0.42
        ]
    },
    "4": {
        "mean": 0.5346666666666666,
        "max": 0.5666666666666667,
        "min": 0.52,
        "all": [
            0.5266666666666666,
            0.5333333333333333,
            0.54,
            0.5266666666666666,
            0.5666666666666667,
            0.5266666666666666,
            0.52,
            0.54,
            0.5333333333333333,
            0.5333333333333333
        ]
    },
    "8": {
        "mean": 0.5760000000000001,
        "max": 0.6133333333333333,
        "min": 0.54,
        "all": [
            0.5666666666666667,
            0.54,
            0.6133333333333333,
            0.5666666666666667,
            0.6,
            0.6066666666666667,
            0.5933333333333334,
            0.56,
            0.56,
            0.5533333333333333
        ]
    },
    "16": {
        "mean": 0.5866666666666667,
        "max": 0.6333333333333333,
        "min": 0.5533333333333333,
        "all": [
            0.58,
            0.6333333333333333,
            0.5933333333333334,
            0.5933333333333334,
            0.56,
            0.5933333333333334,
            0.6133333333333333,
            0.58,
            0.5666666666666667,
            0.5533333333333333
        ]
    },
    "32": {
        "mean": 0.5820000000000001,
        "max": 0.6133333333333333,
        "min": 0.5266666666666666,
        "all": [
            0.5866666666666667,
            0.6133333333333333,
            0.5866666666666667,
            0.58,
            0.5666666666666667,
            0.5933333333333334,
            0.6066666666666667,
            0.5266666666666666,
            0.6133333333333333,
            0.5466666666666666
        ]
    },
    "64": {
        "mean": 0.6053333333333333,
        "max": 0.64,
        "min": 0.5866666666666667,
        "all": [
            0.6,
            0.6333333333333333,
            0.62,
            0.5933333333333334,
            0.5866666666666667,
            0.5866666666666667,
            0.62,
            0.5866666666666667,
            0.5866666666666667,
            0.64
        ]
    },
    "128": {
        "mean": 0.5999999999999999,
        "max": 0.6,
        "min": 0.6,
        "all": [
            0.6,
            0.6,
            0.6,
            0.6,
            0.6,
            0.6,
            0.6,
            0.6,
            0.6,
            0.6
        ]
    }
}