{
    "1": {
        "mean": 0.5780000000000001,
        "max": 0.6066666666666667,
        "min": 0.54,
        "all": [
            0.56,
            0.5866666666666667,
            0.5733333333333334,
            0.58,
            0.54,
            0.56,
            0.5933333333333334,
            0.5933333333333334,
            0.5866666666666667,
            0.6066666666666667
        ]
    },
    "2": {
        "mean": 0.5980000000000001,
        "max": 0.62,
        "min": 0.5733333333333334,
        "all": [
            0.5733333333333334,
            0.5866666666666667,
            0.6066666666666667,
            0.6133333333333333,
            0.5933333333333334,
            0.5866666666666667,
            0.6133333333333333,
            0.6066666666666667,
            0.62,
            0.58
        ]
    },
    "4": {
        "mean": 0.5873333333333334,
        "max": 0.6066666666666667,
        "min": 0.5666666666666667,
        "all": [
            0.5866666666666667,
            0.5733333333333334,
            0.5866666666666667,
            0.5666666666666667,
            0.5866666666666667,
            0.5933333333333334,
            0.6066666666666667,
            0.5866666666666667,
            0.6,
            0.5866666666666667
        ]
    },
    "8": {
        "mean": 0.5893333333333334,
        "max": 0.6066666666666667,
        "min": 0.5666666666666667,
        "all": [
            0.5666666666666667,
            0.5933333333333334,
            0.6066666666666667,
            0.5866666666666667,
            0.6066666666666667,
            0.5866666666666667,
            0.5933333333333334,
            0.5733333333333334,
            0.5733333333333334,
            0.6066666666666667
        ]
    },
    "16": {
        "mean": 0.5800000000000001,
        "max": 0.6066666666666667,
        "min": 0.5466666666666666,
        "all": [
            0.5533333333333333,
            0.6066666666666667,
            0.5866666666666667,
            0.5466666666666666,
            0.6,
            0.5666666666666667,
            0.6,
            0.5866666666666667,
            0.5933333333333334,
            0.56
        ]
    },
    "32": {
        "mean": 0.568,
        "max": 0.58,
        "min": 0.54,
        "all": [
            0.56,
            0.58,
            0.56,
            0.5733333333333334,
            0.5733333333333334,
            0.5666666666666667,
            0.54,
            0.58,
            0.5666666666666667,
            0.58
        ]
    },
    "64": {
        "mean": 0.5726666666666667,
        "max": 0.5866666666666667,
        "min": 0.5533333333333333,
        "all": [
            0.58,
            0.5666666666666667,
            0.5733333333333334,
            0.5866666666666667,
            0.5533333333333333,
            0.58,
            0.58,
            0.56,
            0.5666666666666667,
            0.58
        ]
    },
    "128": {
        "mean": 0.58,
        "max": 0.58,
        "min": 0.58,
        "all": [
            0.58,
            0.58,
            0.58,
            0.58,
            0.58,
            0.58,
            0.58,
            0.58,
            0.58,
            0.58
        ]
    }
}