{
    "1": {
        "mean": 0.4174496644295302,
        "max": 0.4563758389261745,
        "min": 0.3691275167785235,
        "all": [
            0.4228187919463087,
            0.4228187919463087,
            0.3825503355704698,
            0.436241610738255,
            0.44966442953020136,
            0.38926174496644295,
            0.42953020134228187,
            0.3691275167785235,
            0.4161073825503356,
            0.4563758389261745
        ]
    },
    "2": {
        "mean": 0.4134228187919463,
        "max": 0.4697986577181208,
        "min": 0.3221476510067114,
        "all": [
            0.4228187919463087,
            0.40268456375838924,
            0.40939597315436244,
            0.4697986577181208,
            0.4228187919463087,
            0.40939597315436244,
            0.4429530201342282,
            0.3221476510067114,
            0.42953020134228187,
            0.40268456375838924
        ]
    },
    "4": {
        "mean": 0.42617449664429524,
        "max": 0.4563758389261745,
        "min": 0.3959731543624161,
        "all": [
            0.40939597315436244,
            0.3959731543624161,
            0.4228187919463087,
            0.44966442953020136,
            0.44966442953020136,
            0.3959731543624161,
            0.4228187919463087,
            0.4563758389261745,
            0.436241610738255,
            0.4228187919463087
        ]
    },
    "8": {
        "mean": 0.440268456375839,
        "max": 0.47651006711409394,
        "min": 0.4161073825503356,
        "all": [
            0.4697986577181208,
            0.42953020134228187,
            0.4429530201342282,
            0.4429530201342282,
            0.42953020134228187,
            0.47651006711409394,
            0.42953020134228187,
            0.42953020134228187,
            0.4161073825503356,
            0.436241610738255
        ]
    },
    "16": {
        "mean": 0.44429530201342277,
        "max": 0.47651006711409394,
        "min": 0.4228187919463087,
        "all": [
            0.44966442953020136,
            0.47651006711409394,
            0.4228187919463087,
            0.46308724832214765,
            0.436241610738255,
            0.436241610738255,
            0.4563758389261745,
            0.42953020134228187,
            0.42953020134228187,
            0.4429530201342282
        ]
    },
    "32": {
        "mean": 0.4543624161073826,
        "max": 0.46308724832214765,
        "min": 0.436241610738255,
        "all": [
            0.44966442953020136,
            0.44966442953020136,
            0.46308724832214765,
            0.436241610738255,
            0.46308724832214765,
            0.44966442953020136,
            0.4563758389261745,
            0.44966442953020136,
            0.46308724832214765,
            0.46308724832214765
        ]
    },
    "64": {
        "mean": 0.44832214765100675,
        "max": 0.4697986577181208,
        "min": 0.436241610738255,
        "all": [
            0.436241610738255,
            0.4563758389261745,
            0.436241610738255,
            0.4697986577181208,
            0.4429530201342282,
            0.436241610738255,
            0.4429530201342282,
            0.46308724832214765,
            0.4563758389261745,
            0.4429530201342282
        ]
    },
    "128": {
        "mean": 0.45637583892617445,
        "max": 0.4563758389261745,
        "min": 0.4563758389261745,
        "all": [
            0.4563758389261745,
            0.4563758389261745,
            0.4563758389261745,
            0.4563758389261745,
            0.4563758389261745,
            0.4563758389261745,
            0.4563758389261745,
            0.4563758389261745,
            0.4563758389261745,
            0.4563758389261745
        ]
    }
}