{
    "1": {
        "mean": 0.4174496644295302,
        "max": 0.4563758389261745,
        "min": 0.3691275167785235,
        "all": [
            0.4228187919463087,
            0.4228187919463087,
            0.3825503355704698,
            0.436241610738255,
            0.44966442953020136,
            0.38926174496644295,
            0.42953020134228187,
            0.3691275167785235,
            0.4161073825503356,
            0.4563758389261745
        ]
    },
    "2": {
        "mean": 0.41543624161073833,
        "max": 0.4697986577181208,
        "min": 0.33557046979865773,
        "all": [
            0.40268456375838924,
            0.4161073825503356,
            0.3959731543624161,
            0.4697986577181208,
            0.4161073825503356,
            0.42953020134228187,
            0.44966442953020136,
            0.33557046979865773,
            0.4228187919463087,
            0.4161073825503356
        ]
    },
    "4": {
        "mean": 0.4369127516778524,
        "max": 0.46308724832214765,
        "min": 0.4161073825503356,
        "all": [
            0.436241610738255,
            0.4161073825503356,
            0.4161073825503356,
            0.436241610738255,
            0.4563758389261745,
            0.4161073825503356,
            0.46308724832214765,
            0.46308724832214765,
            0.42953020134228187,
            0.436241610738255
        ]
    },
    "8": {
        "mean": 0.4449664429530202,
        "max": 0.48322147651006714,
        "min": 0.4228187919463087,
        "all": [
            0.48322147651006714,
            0.436241610738255,
            0.44966442953020136,
            0.44966442953020136,
            0.4228187919463087,
            0.4563758389261745,
            0.436241610738255,
            0.4563758389261745,
            0.42953020134228187,
            0.42953020134228187
        ]
    },
    "16": {
        "mean": 0.43624161073825507,
        "max": 0.48322147651006714,
        "min": 0.3959731543624161,
        "all": [
            0.46308724832214765,
            0.48322147651006714,
            0.40939597315436244,
            0.4429530201342282,
            0.42953020134228187,
            0.436241610738255,
            0.3959731543624161,
            0.44966442953020136,
            0.42953020134228187,
            0.4228187919463087
        ]
    },
    "32": {
        "mean": 0.4442953020134229,
        "max": 0.4563758389261745,
        "min": 0.42953020134228187,
        "all": [
            0.44966442953020136,
            0.4429530201342282,
            0.44966442953020136,
            0.42953020134228187,
            0.44966442953020136,
            0.42953020134228187,
            0.4563758389261745,
            0.42953020134228187,
            0.44966442953020136,
            0.4563758389261745
        ]
    },
    "64": {
        "mean": 0.44093959731543625,
        "max": 0.4563758389261745,
        "min": 0.42953020134228187,
        "all": [
            0.42953020134228187,
            0.4563758389261745,
            0.42953020134228187,
            0.4563758389261745,
            0.42953020134228187,
            0.436241610738255,
            0.436241610738255,
            0.4429530201342282,
            0.44966442953020136,
            0.4429530201342282
        ]
    },
    "128": {
        "mean": 0.43624161073825507,
        "max": 0.436241610738255,
        "min": 0.436241610738255,
        "all": [
            0.436241610738255,
            0.436241610738255,
            0.436241610738255,
            0.436241610738255,
            0.436241610738255,
            0.436241610738255,
            0.436241610738255,
            0.436241610738255,
            0.436241610738255,
            0.436241610738255
        ]
    }
}