{
    "1": {
        "mean": 0.4815317498788172,
        "max": 0.4968492486669898,
        "min": 0.4692195831313621,
        "all": [
            0.4968492486669898,
            0.47649054774600097,
            0.48618516723218613,
            0.4881240911294232,
            0.48327678138633057,
            0.48327678138633057,
            0.4774600096946195,
            0.4774600096946195,
            0.4769752787203102,
            0.4692195831313621
        ]
    },
    "2": {
        "mean": 0.5115850702859913,
        "max": 0.5239941832283083,
        "min": 0.4992729035385361,
        "all": [
            0.5152690256907416,
            0.5186621425109065,
            0.5079980610761028,
            0.4992729035385361,
            0.5172079495879787,
            0.5157537566650509,
            0.5036354823073195,
            0.5239941832283083,
            0.5142995637421232,
            0.4997576345128454
        ]
    },
    "4": {
        "mean": 0.546340281143965,
        "max": 0.5559864275327193,
        "min": 0.536597188560349,
        "all": [
            0.5448376151236064,
            0.5462918080465342,
            0.536597188560349,
            0.5462918080465342,
            0.5545322346097916,
            0.5506543868153175,
            0.5419292292777509,
            0.5492001938923897,
            0.5370819195346582,
            0.5559864275327193
        ]
    },
    "8": {
        "mean": 0.5635482307319438,
        "max": 0.5710130877363063,
        "min": 0.5569558894813379,
        "all": [
            0.5700436257876879,
            0.5579253514299564,
            0.5705283567619971,
            0.5622879301987397,
            0.5710130877363063,
            0.5622879301987397,
            0.566650508967523,
            0.5603490063015026,
            0.5569558894813379,
            0.5574406204556471
        ]
    },
    "16": {
        "mean": 0.5780901599612216,
        "max": 0.5879786718371304,
        "min": 0.5681047018904508,
        "all": [
            0.5802229762481823,
            0.5879786718371304,
            0.5681047018904508,
            0.5768298594280175,
            0.56858943286476,
            0.575860397479399,
            0.5821619001454192,
            0.575860397479399,
            0.5865244789142026,
            0.5787687833252545
        ]
    },
    "32": {
        "mean": 0.5834222006786234,
        "max": 0.5874939408628211,
        "min": 0.579738245273873,
        "all": [
            0.5850702859912749,
            0.579738245273873,
            0.5811924381968008,
            0.5826466311197286,
            0.5845855550169656,
            0.5831313620940378,
            0.5874939408628211,
            0.5821619001454192,
            0.5865244789142026,
            0.58167716917111
        ]
    },
    "64": {
        "mean": 0.5873000484730975,
        "max": 0.5928259815802229,
        "min": 0.5831313620940378,
        "all": [
            0.5884634028114396,
            0.5874939408628211,
            0.5928259815802229,
            0.5831313620940378,
            0.5841008240426563,
            0.5860397479398933,
            0.5879786718371304,
            0.5870092098885119,
            0.5860397479398933,
            0.5899175957343674
        ]
    },
    "128": {
        "mean": 0.5928259815802229,
        "max": 0.5928259815802229,
        "min": 0.5928259815802229,
        "all": [
            0.5928259815802229,
            0.5928259815802229,
            0.5928259815802229,
            0.5928259815802229,
            0.5928259815802229,
            0.5928259815802229,
            0.5928259815802229,
            0.5928259815802229,
            0.5928259815802229,
            0.5928259815802229
        ]
    }
}