{
    "1": {
        "mean": 0.4815317498788172,
        "max": 0.4968492486669898,
        "min": 0.4692195831313621,
        "all": [
            0.4968492486669898,
            0.47649054774600097,
            0.48618516723218613,
            0.4881240911294232,
            0.48327678138633057,
            0.48327678138633057,
            0.4774600096946195,
            0.4774600096946195,
            0.4769752787203102,
            0.4692195831313621
        ]
    },
    "2": {
        "mean": 0.5142510906446922,
        "max": 0.5225399903053806,
        "min": 0.5046049442559379,
        "all": [
            0.5123606398448861,
            0.521570528356762,
            0.5162384876393602,
            0.5089675230247213,
            0.5128453708191953,
            0.5147842947164324,
            0.5046049442559379,
            0.5225399903053806,
            0.5201163354338342,
            0.508482792050412
        ]
    },
    "4": {
        "mean": 0.5477460009694619,
        "max": 0.5603490063015026,
        "min": 0.5380513814832768,
        "all": [
            0.5438681531749879,
            0.5472612699951527,
            0.551623848763936,
            0.5380513814832768,
            0.549684924866699,
            0.5555016965584101,
            0.5399903053805138,
            0.5525933107125546,
            0.538536112457586,
            0.5603490063015026
        ]
    },
    "8": {
        "mean": 0.5664566165777993,
        "max": 0.5792535142995637,
        "min": 0.5603490063015026,
        "all": [
            0.5632573921473583,
            0.5651963160445953,
            0.5792535142995637,
            0.5637421231216675,
            0.5744062045564712,
            0.5603490063015026,
            0.5724672806592341,
            0.564711585070286,
            0.5608337372758119,
            0.5603490063015026
        ]
    },
    "16": {
        "mean": 0.5798351914687347,
        "max": 0.5865244789142026,
        "min": 0.5729520116335434,
        "all": [
            0.579738245273873,
            0.5831313620940378,
            0.5773145904023267,
            0.5777993213766359,
            0.5773145904023267,
            0.5792535142995637,
            0.5865244789142026,
            0.5729520116335434,
            0.5826466311197286,
            0.58167716917111
        ]
    },
    "32": {
        "mean": 0.5880756180319922,
        "max": 0.5918565196316045,
        "min": 0.5841008240426563,
        "all": [
            0.5841008240426563,
            0.590887057682986,
            0.5845855550169656,
            0.590887057682986,
            0.5904023267086767,
            0.5879786718371304,
            0.5918565196316045,
            0.5860397479398933,
            0.5894328647600582,
            0.5845855550169656
        ]
    },
    "64": {
        "mean": 0.5904023267086767,
        "max": 0.59476490547746,
        "min": 0.5860397479398933,
        "all": [
            0.5899175957343674,
            0.5933107125545323,
            0.590887057682986,
            0.5879786718371304,
            0.5860397479398933,
            0.5870092098885119,
            0.5904023267086767,
            0.5923412506059137,
            0.5913717886572952,
            0.59476490547746
        ]
    },
    "128": {
        "mean": 0.5942801745031507,
        "max": 0.5942801745031507,
        "min": 0.5942801745031507,
        "all": [
            0.5942801745031507,
            0.5942801745031507,
            0.5942801745031507,
            0.5942801745031507,
            0.5942801745031507,
            0.5942801745031507,
            0.5942801745031507,
            0.5942801745031507,
            0.5942801745031507,
            0.5942801745031507
        ]
    }
}