{
    "1": {
        "mean": 0.4815317498788172,
        "max": 0.4968492486669898,
        "min": 0.4692195831313621,
        "all": [
            0.4968492486669898,
            0.47649054774600097,
            0.48618516723218613,
            0.4881240911294232,
            0.48327678138633057,
            0.48327678138633057,
            0.4774600096946195,
            0.4774600096946195,
            0.4769752787203102,
            0.4692195831313621
        ]
    },
    "2": {
        "mean": 0.5135724672806592,
        "max": 0.5288414929714008,
        "min": 0.5021812893843917,
        "all": [
            0.5181774115365972,
            0.5264178380998545,
            0.5201163354338342,
            0.5094522539990305,
            0.5079980610761028,
            0.5089675230247213,
            0.5021812893843917,
            0.5288414929714008,
            0.5089675230247213,
            0.5046049442559379
        ]
    },
    "4": {
        "mean": 0.5446921958313136,
        "max": 0.5540475036354823,
        "min": 0.5361124575860398,
        "all": [
            0.5404750363548231,
            0.5487154629180805,
            0.5448376151236064,
            0.538536112457586,
            0.5462918080465342,
            0.5453223460979156,
            0.5419292292777509,
            0.5540475036354823,
            0.5361124575860398,
            0.5506543868153175
        ]
    },
    "8": {
        "mean": 0.5648085312651479,
        "max": 0.573921473582162,
        "min": 0.5506543868153175,
        "all": [
            0.5671352399418322,
            0.5618031992244304,
            0.5695588948133786,
            0.5642268540959767,
            0.573921473582162,
            0.5676199709161416,
            0.5676199709161416,
            0.5642268540959767,
            0.5506543868153175,
            0.5613184682501212
        ]
    },
    "16": {
        "mean": 0.5776054289869124,
        "max": 0.5841008240426563,
        "min": 0.5705283567619971,
        "all": [
            0.575860397479399,
            0.5831313620940378,
            0.575860397479399,
            0.5753756665050896,
            0.5705283567619971,
            0.5763451284537082,
            0.5787687833252545,
            0.5724672806592341,
            0.583616093068347,
            0.5841008240426563
        ]
    },
    "32": {
        "mean": 0.583616093068347,
        "max": 0.5918565196316045,
        "min": 0.5782840523509453,
        "all": [
            0.5845855550169656,
            0.5782840523509453,
            0.5802229762481823,
            0.583616093068347,
            0.5850702859912749,
            0.5841008240426563,
            0.5879786718371304,
            0.5807077072224915,
            0.5918565196316045,
            0.579738245273873
        ]
    },
    "64": {
        "mean": 0.588172564226854,
        "max": 0.5933107125545323,
        "min": 0.58167716917111,
        "all": [
            0.5870092098885119,
            0.5899175957343674,
            0.5884634028114396,
            0.5879786718371304,
            0.58167716917111,
            0.5879786718371304,
            0.5879786718371304,
            0.5884634028114396,
            0.5933107125545323,
            0.588948133785749
        ]
    },
    "128": {
        "mean": 0.590887057682986,
        "max": 0.590887057682986,
        "min": 0.590887057682986,
        "all": [
            0.590887057682986,
            0.590887057682986,
            0.590887057682986,
            0.590887057682986,
            0.590887057682986,
            0.590887057682986,
            0.590887057682986,
            0.590887057682986,
            0.590887057682986,
            0.590887057682986
        ]
    }
}