{
    "1": {
        "mean": 0.4815317498788172,
        "max": 0.4968492486669898,
        "min": 0.4692195831313621,
        "all": [
            0.4968492486669898,
            0.47649054774600097,
            0.48618516723218613,
            0.4881240911294232,
            0.48327678138633057,
            0.48327678138633057,
            0.4774600096946195,
            0.4774600096946195,
            0.4769752787203102,
            0.4692195831313621
        ]
    },
    "2": {
        "mean": 0.5115850702859912,
        "max": 0.5307804168686379,
        "min": 0.49878817256422686,
        "all": [
            0.5133301017935046,
            0.5230247212796898,
            0.5142995637421232,
            0.5079980610761028,
            0.5075133301017936,
            0.5089675230247213,
            0.49878817256422686,
            0.5307804168686379,
            0.506543868153175,
            0.5046049442559379
        ]
    },
    "4": {
        "mean": 0.5464372273388269,
        "max": 0.5598642753271934,
        "min": 0.5409597673291323,
        "all": [
            0.5419292292777509,
            0.5419292292777509,
            0.5443528841492972,
            0.5414444983034415,
            0.5540475036354823,
            0.5428986912263694,
            0.5458070770722249,
            0.5511391177896268,
            0.5409597673291323,
            0.5598642753271934
        ]
    },
    "8": {
        "mean": 0.5691711100339312,
        "max": 0.5782840523509453,
        "min": 0.5593795443528842,
        "all": [
            0.5661657779932138,
            0.5714978187106156,
            0.5782840523509453,
            0.5593795443528842,
            0.5753756665050896,
            0.564711585070286,
            0.5714978187106156,
            0.5734367426078526,
            0.5656810470189045,
            0.5656810470189045
        ]
    },
    "16": {
        "mean": 0.5834706737760543,
        "max": 0.590887057682986,
        "min": 0.5782840523509453,
        "all": [
            0.5850702859912749,
            0.590887057682986,
            0.5782840523509453,
            0.58167716917111,
            0.5826466311197286,
            0.5811924381968008,
            0.5821619001454192,
            0.5811924381968008,
            0.5899175957343674,
            0.58167716917111
        ]
    },
    "32": {
        "mean": 0.5932137663596704,
        "max": 0.5971885603490062,
        "min": 0.5899175957343674,
        "all": [
            0.5928259815802229,
            0.5933107125545323,
            0.5899175957343674,
            0.5971885603490062,
            0.5913717886572952,
            0.5962190984003878,
            0.5957343674260785,
            0.5918565196316045,
            0.590887057682986,
            0.5928259815802229
        ]
    },
    "64": {
        "mean": 0.598012603005332,
        "max": 0.6025206010664081,
        "min": 0.5928259815802229,
        "all": [
            0.5976732913233156,
            0.5928259815802229,
            0.6015511391177897,
            0.5952496364517693,
            0.5976732913233156,
            0.6010664081434803,
            0.5971885603490062,
            0.5996122152205526,
            0.6025206010664081,
            0.59476490547746
        ]
    },
    "128": {
        "mean": 0.6015511391177897,
        "max": 0.6015511391177897,
        "min": 0.6015511391177897,
        "all": [
            0.6015511391177897,
            0.6015511391177897,
            0.6015511391177897,
            0.6015511391177897,
            0.6015511391177897,
            0.6015511391177897,
            0.6015511391177897,
            0.6015511391177897,
            0.6015511391177897,
            0.6015511391177897
        ]
    }
}