{
    "1": {
        "mean": 0.4174496644295302,
        "max": 0.4563758389261745,
        "min": 0.3691275167785235,
        "all": [
            0.4228187919463087,
            0.4228187919463087,
            0.3825503355704698,
            0.436241610738255,
            0.44966442953020136,
            0.38926174496644295,
            0.42953020134228187,
            0.3691275167785235,
            0.4161073825503356,
            0.4563758389261745
        ]
    },
    "2": {
        "mean": 0.4597315436241611,
        "max": 0.4966442953020134,
        "min": 0.3959731543624161,
        "all": [
            0.46308724832214765,
            0.44966442953020136,
            0.47651006711409394,
            0.4563758389261745,
            0.4697986577181208,
            0.4563758389261745,
            0.4966442953020134,
            0.3959731543624161,
            0.46308724832214765,
            0.4697986577181208
        ]
    },
    "4": {
        "mean": 0.487248322147651,
        "max": 0.5167785234899329,
        "min": 0.46308724832214765,
        "all": [
            0.5033557046979866,
            0.46308724832214765,
            0.46308724832214765,
            0.48322147651006714,
            0.4966442953020134,
            0.4899328859060403,
            0.4966442953020134,
            0.5167785234899329,
            0.48322147651006714,
            0.47651006711409394
        ]
    },
    "8": {
        "mean": 0.5127516778523491,
        "max": 0.5369127516778524,
        "min": 0.47651006711409394,
        "all": [
            0.5234899328859061,
            0.5167785234899329,
            0.5100671140939598,
            0.5302013422818792,
            0.5167785234899329,
            0.5167785234899329,
            0.5033557046979866,
            0.4966442953020134,
            0.47651006711409394,
            0.5369127516778524
        ]
    },
    "16": {
        "mean": 0.5302013422818791,
        "max": 0.5503355704697986,
        "min": 0.5167785234899329,
        "all": [
            0.5436241610738255,
            0.5369127516778524,
            0.5234899328859061,
            0.5302013422818792,
            0.5167785234899329,
            0.5302013422818792,
            0.5503355704697986,
            0.5302013422818792,
            0.5167785234899329,
            0.5234899328859061
        ]
    },
    "32": {
        "mean": 0.5295302013422819,
        "max": 0.5436241610738255,
        "min": 0.5033557046979866,
        "all": [
            0.5033557046979866,
            0.5302013422818792,
            0.5234899328859061,
            0.5234899328859061,
            0.5436241610738255,
            0.5436241610738255,
            0.5369127516778524,
            0.5369127516778524,
            0.5167785234899329,
            0.5369127516778524
        ]
    },
    "64": {
        "mean": 0.5409395973154363,
        "max": 0.5771812080536913,
        "min": 0.5033557046979866,
        "all": [
            0.5369127516778524,
            0.5570469798657718,
            0.5771812080536913,
            0.5234899328859061,
            0.5369127516778524,
            0.5436241610738255,
            0.5436241610738255,
            0.5033557046979866,
            0.5436241610738255,
            0.5436241610738255
        ]
    },
    "128": {
        "mean": 0.5503355704697988,
        "max": 0.5503355704697986,
        "min": 0.5503355704697986,
        "all": [
            0.5503355704697986,
            0.5503355704697986,
            0.5503355704697986,
            0.5503355704697986,
            0.5503355704697986,
            0.5503355704697986,
            0.5503355704697986,
            0.5503355704697986,
            0.5503355704697986,
            0.5503355704697986
        ]
    }
}