{
    "1": {
        "mean": 0.4174496644295302,
        "max": 0.4563758389261745,
        "min": 0.3691275167785235,
        "all": [
            0.4228187919463087,
            0.4228187919463087,
            0.3825503355704698,
            0.436241610738255,
            0.44966442953020136,
            0.38926174496644295,
            0.42953020134228187,
            0.3691275167785235,
            0.4161073825503356,
            0.4563758389261745
        ]
    },
    "2": {
        "mean": 0.4577181208053692,
        "max": 0.4966442953020134,
        "min": 0.40268456375838924,
        "all": [
            0.4563758389261745,
            0.44966442953020136,
            0.4429530201342282,
            0.47651006711409394,
            0.4966442953020134,
            0.4429530201342282,
            0.44966442953020136,
            0.40268456375838924,
            0.46308724832214765,
            0.4966442953020134
        ]
    },
    "4": {
        "mean": 0.4932885906040269,
        "max": 0.5167785234899329,
        "min": 0.46308724832214765,
        "all": [
            0.5167785234899329,
            0.4966442953020134,
            0.46308724832214765,
            0.48322147651006714,
            0.48322147651006714,
            0.47651006711409394,
            0.5167785234899329,
            0.4966442953020134,
            0.4966442953020134,
            0.5033557046979866
        ]
    },
    "8": {
        "mean": 0.5093959731543625,
        "max": 0.5369127516778524,
        "min": 0.48322147651006714,
        "all": [
            0.5167785234899329,
            0.4966442953020134,
            0.5234899328859061,
            0.5033557046979866,
            0.4966442953020134,
            0.5167785234899329,
            0.5167785234899329,
            0.48322147651006714,
            0.5033557046979866,
            0.5369127516778524
        ]
    },
    "16": {
        "mean": 0.5281879194630872,
        "max": 0.5637583892617449,
        "min": 0.5033557046979866,
        "all": [
            0.5100671140939598,
            0.5503355704697986,
            0.5637583892617449,
            0.5234899328859061,
            0.5033557046979866,
            0.5033557046979866,
            0.5637583892617449,
            0.5234899328859061,
            0.5302013422818792,
            0.5100671140939598
        ]
    },
    "32": {
        "mean": 0.534228187919463,
        "max": 0.5570469798657718,
        "min": 0.5100671140939598,
        "all": [
            0.5570469798657718,
            0.5503355704697986,
            0.5436241610738255,
            0.5369127516778524,
            0.5234899328859061,
            0.5369127516778524,
            0.5369127516778524,
            0.5167785234899329,
            0.5100671140939598,
            0.5302013422818792
        ]
    },
    "64": {
        "mean": 0.5402684563758389,
        "max": 0.5570469798657718,
        "min": 0.5100671140939598,
        "all": [
            0.5503355704697986,
            0.5503355704697986,
            0.5570469798657718,
            0.5503355704697986,
            0.5234899328859061,
            0.5369127516778524,
            0.5503355704697986,
            0.5302013422818792,
            0.5436241610738255,
            0.5100671140939598
        ]
    },
    "128": {
        "mean": 0.5503355704697988,
        "max": 0.5503355704697986,
        "min": 0.5503355704697986,
        "all": [
            0.5503355704697986,
            0.5503355704697986,
            0.5503355704697986,
            0.5503355704697986,
            0.5503355704697986,
            0.5503355704697986,
            0.5503355704697986,
            0.5503355704697986,
            0.5503355704697986,
            0.5503355704697986
        ]
    }
}