{
    "1": {
        "mean": 0.33333333333333337,
        "max": 0.38666666666666666,
        "min": 0.29333333333333333,
        "all": [
            0.31333333333333335,
            0.36666666666666664,
            0.32666666666666666,
            0.38666666666666666,
            0.35333333333333333,
            0.34,
            0.30666666666666664,
            0.32,
            0.32666666666666666,
            0.29333333333333333
        ]
    },
    "2": {
        "mean": 0.42266666666666663,
        "max": 0.46,
        "min": 0.37333333333333335,
        "all": [
            0.41333333333333333,
            0.44,
            0.3933333333333333,
            0.41333333333333333,
            0.4066666666666667,
            0.37333333333333335,
            0.4533333333333333,
            0.41333333333333333,
            0.46,
            0.46
        ]
    },
    "4": {
        "mean": 0.45999999999999996,
        "max": 0.5,
        "min": 0.4066666666666667,
        "all": [
            0.4533333333333333,
            0.49333333333333335,
            0.4866666666666667,
            0.43333333333333335,
            0.5,
            0.44,
            0.4066666666666667,
            0.4666666666666667,
            0.46,
            0.46
        ]
    },
    "8": {
        "mean": 0.502,
        "max": 0.54,
        "min": 0.46,
        "all": [
            0.5266666666666666,
            0.49333333333333335,
            0.49333333333333335,
            0.48,
            0.5,
            0.46,
            0.54,
            0.5,
            0.4866666666666667,
            0.54
        ]
    },
    "16": {
        "mean": 0.524,
        "max": 0.56,
        "min": 0.49333333333333335,
        "all": [
            0.49333333333333335,
            0.54,
            0.5266666666666666,
            0.5333333333333333,
            0.5133333333333333,
            0.54,
            0.5266666666666666,
            0.5066666666666667,
            0.56,
            0.5
        ]
    },
    "32": {
        "mean": 0.546,
        "max": 0.5733333333333334,
        "min": 0.5133333333333333,
        "all": [
            0.5533333333333333,
            0.5733333333333334,
            0.5333333333333333,
            0.5733333333333334,
            0.5466666666666666,
            0.5133333333333333,
            0.5733333333333334,
            0.5133333333333333,
            0.5466666666666666,
            0.5333333333333333
        ]
    },
    "64": {
        "mean": 0.5373333333333334,
        "max": 0.5533333333333333,
        "min": 0.5133333333333333,
        "all": [
            0.54,
            0.5333333333333333,
            0.5266666666666666,
            0.5533333333333333,
            0.5133333333333333,
            0.5466666666666666,
            0.54,
            0.5266666666666666,
            0.5466666666666666,
            0.5466666666666666
        ]
    },
    "128": {
        "mean": 0.5266666666666666,
        "max": 0.5266666666666666,
        "min": 0.5266666666666666,
        "all": [
            0.5266666666666666,
            0.5266666666666666,
            0.5266666666666666,
            0.5266666666666666,
            0.5266666666666666,
            0.5266666666666666,
            0.5266666666666666,
            0.5266666666666666,
            0.5266666666666666,
            0.5266666666666666
        ]
    }
}