{
    "1": {
        "mean": 0.5248322147651007,
        "max": 0.5369127516778524,
        "min": 0.48322147651006714,
        "all": [
            0.5302013422818792,
            0.5369127516778524,
            0.5234899328859061,
            0.5302013422818792,
            0.5369127516778524,
            0.5369127516778524,
            0.5302013422818792,
            0.48322147651006714,
            0.5167785234899329,
            0.5234899328859061
        ]
    },
    "2": {
        "mean": 0.5751677852348992,
        "max": 0.6174496644295302,
        "min": 0.5436241610738255,
        "all": [
            0.5637583892617449,
            0.5637583892617449,
            0.5973154362416108,
            0.5637583892617449,
            0.5570469798657718,
            0.5436241610738255,
            0.5973154362416108,
            0.5771812080536913,
            0.5704697986577181,
            0.6174496644295302
        ]
    },
    "4": {
        "mean": 0.6208053691275167,
        "max": 0.6375838926174496,
        "min": 0.5906040268456376,
        "all": [
            0.6308724832214765,
            0.6241610738255033,
            0.610738255033557,
            0.6375838926174496,
            0.6375838926174496,
            0.6040268456375839,
            0.6174496644295302,
            0.6308724832214765,
            0.6241610738255033,
            0.5906040268456376
        ]
    },
    "8": {
        "mean": 0.6483221476510067,
        "max": 0.6778523489932886,
        "min": 0.610738255033557,
        "all": [
            0.6241610738255033,
            0.6577181208053692,
            0.6375838926174496,
            0.6442953020134228,
            0.6577181208053692,
            0.6442953020134228,
            0.6778523489932886,
            0.6644295302013423,
            0.6644295302013423,
            0.610738255033557
        ]
    },
    "16": {
        "mean": 0.6691275167785236,
        "max": 0.6912751677852349,
        "min": 0.6510067114093959,
        "all": [
            0.6577181208053692,
            0.6778523489932886,
            0.6510067114093959,
            0.6510067114093959,
            0.6711409395973155,
            0.6912751677852349,
            0.6845637583892618,
            0.6778523489932886,
            0.6778523489932886,
            0.6510067114093959
        ]
    },
    "32": {
        "mean": 0.6932885906040269,
        "max": 0.7248322147651006,
        "min": 0.6375838926174496,
        "all": [
            0.6711409395973155,
            0.6845637583892618,
            0.6912751677852349,
            0.7046979865771812,
            0.7114093959731543,
            0.6375838926174496,
            0.7248322147651006,
            0.7181208053691275,
            0.6778523489932886,
            0.7114093959731543
        ]
    },
    "64": {
        "mean": 0.6912751677852349,
        "max": 0.7181208053691275,
        "min": 0.6711409395973155,
        "all": [
            0.6845637583892618,
            0.6912751677852349,
            0.6711409395973155,
            0.6845637583892618,
            0.7114093959731543,
            0.7181208053691275,
            0.7114093959731543,
            0.6778523489932886,
            0.6778523489932886,
            0.6845637583892618
        ]
    },
    "128": {
        "mean": 0.7046979865771812,
        "max": 0.7046979865771812,
        "min": 0.7046979865771812,
        "all": [
            0.7046979865771812,
            0.7046979865771812,
            0.7046979865771812,
            0.7046979865771812,
            0.7046979865771812,
            0.7046979865771812,
            0.7046979865771812,
            0.7046979865771812,
            0.7046979865771812,
            0.7046979865771812
        ]
    }
}