{
    "1": {
        "mean": 0.31517241379310346,
        "max": 0.3448275862068966,
        "min": 0.2620689655172414,
        "all": [
            0.3448275862068966,
            0.2827586206896552,
            0.2689655172413793,
            0.33793103448275863,
            0.3310344827586207,
            0.2620689655172414,
            0.31724137931034485,
            0.3310344827586207,
            0.3310344827586207,
            0.3448275862068966
        ]
    },
    "2": {
        "mean": 0.3220689655172414,
        "max": 0.3724137931034483,
        "min": 0.2896551724137931,
        "all": [
            0.3724137931034483,
            0.3448275862068966,
            0.31724137931034485,
            0.30344827586206896,
            0.3448275862068966,
            0.30344827586206896,
            0.2896551724137931,
            0.30344827586206896,
            0.32413793103448274,
            0.31724137931034485
        ]
    },
    "4": {
        "mean": 0.3255172413793103,
        "max": 0.3793103448275862,
        "min": 0.2827586206896552,
        "all": [
            0.3310344827586207,
            0.3310344827586207,
            0.3724137931034483,
            0.3793103448275862,
            0.33793103448275863,
            0.296551724137931,
            0.2827586206896552,
            0.30344827586206896,
            0.296551724137931,
            0.32413793103448274
        ]
    },
    "8": {
        "mean": 0.3131034482758621,
        "max": 0.3448275862068966,
        "min": 0.2827586206896552,
        "all": [
            0.2896551724137931,
            0.30344827586206896,
            0.30344827586206896,
            0.31724137931034485,
            0.31724137931034485,
            0.31724137931034485,
            0.3448275862068966,
            0.33793103448275863,
            0.2827586206896552,
            0.31724137931034485
        ]
    },
    "16": {
        "mean": 0.3103448275862069,
        "max": 0.33793103448275863,
        "min": 0.296551724137931,
        "all": [
            0.296551724137931,
            0.30344827586206896,
            0.3310344827586207,
            0.296551724137931,
            0.3103448275862069,
            0.31724137931034485,
            0.296551724137931,
            0.33793103448275863,
            0.296551724137931,
            0.31724137931034485
        ]
    },
    "32": {
        "mean": 0.3020689655172414,
        "max": 0.3448275862068966,
        "min": 0.2620689655172414,
        "all": [
            0.30344827586206896,
            0.2827586206896552,
            0.3103448275862069,
            0.3103448275862069,
            0.31724137931034485,
            0.30344827586206896,
            0.27586206896551724,
            0.3103448275862069,
            0.2620689655172414,
            0.3448275862068966
        ]
    },
    "64": {
        "mean": 0.30413793103448283,
        "max": 0.31724137931034485,
        "min": 0.2827586206896552,
        "all": [
            0.2827586206896552,
            0.3103448275862069,
            0.2896551724137931,
            0.3103448275862069,
            0.3103448275862069,
            0.296551724137931,
            0.31724137931034485,
            0.3103448275862069,
            0.296551724137931,
            0.31724137931034485
        ]
    },
    "128": {
        "mean": 0.303448275862069,
        "max": 0.30344827586206896,
        "min": 0.30344827586206896,
        "all": [
            0.30344827586206896,
            0.30344827586206896,
            0.30344827586206896,
            0.30344827586206896,
            0.30344827586206896,
            0.30344827586206896,
            0.30344827586206896,
            0.30344827586206896,
            0.30344827586206896,
            0.30344827586206896
        ]
    }
}