{
    "1": {
        "mean": 0.31517241379310346,
        "max": 0.3448275862068966,
        "min": 0.2620689655172414,
        "all": [
            0.3448275862068966,
            0.2827586206896552,
            0.2689655172413793,
            0.33793103448275863,
            0.3310344827586207,
            0.2620689655172414,
            0.31724137931034485,
            0.3310344827586207,
            0.3310344827586207,
            0.3448275862068966
        ]
    },
    "2": {
        "mean": 0.32000000000000006,
        "max": 0.3724137931034483,
        "min": 0.2689655172413793,
        "all": [
            0.3724137931034483,
            0.3448275862068966,
            0.31724137931034485,
            0.296551724137931,
            0.3586206896551724,
            0.32413793103448274,
            0.2689655172413793,
            0.296551724137931,
            0.31724137931034485,
            0.30344827586206896
        ]
    },
    "4": {
        "mean": 0.32068965517241377,
        "max": 0.38620689655172413,
        "min": 0.2482758620689655,
        "all": [
            0.32413793103448274,
            0.31724137931034485,
            0.3793103448275862,
            0.38620689655172413,
            0.35172413793103446,
            0.2482758620689655,
            0.27586206896551724,
            0.3103448275862069,
            0.2827586206896552,
            0.3310344827586207
        ]
    },
    "8": {
        "mean": 0.31172413793103443,
        "max": 0.33793103448275863,
        "min": 0.2620689655172414,
        "all": [
            0.31724137931034485,
            0.32413793103448274,
            0.32413793103448274,
            0.31724137931034485,
            0.296551724137931,
            0.3310344827586207,
            0.33793103448275863,
            0.32413793103448274,
            0.2620689655172414,
            0.2827586206896552
        ]
    },
    "16": {
        "mean": 0.2986206896551724,
        "max": 0.3448275862068966,
        "min": 0.2620689655172414,
        "all": [
            0.30344827586206896,
            0.296551724137931,
            0.3448275862068966,
            0.296551724137931,
            0.2827586206896552,
            0.296551724137931,
            0.2689655172413793,
            0.3448275862068966,
            0.2896551724137931,
            0.2620689655172414
        ]
    },
    "32": {
        "mean": 0.3006896551724138,
        "max": 0.32413793103448274,
        "min": 0.2620689655172414,
        "all": [
            0.31724137931034485,
            0.32413793103448274,
            0.2896551724137931,
            0.32413793103448274,
            0.3103448275862069,
            0.2827586206896552,
            0.296551724137931,
            0.2896551724137931,
            0.2620689655172414,
            0.3103448275862069
        ]
    },
    "64": {
        "mean": 0.3020689655172414,
        "max": 0.33793103448275863,
        "min": 0.27586206896551724,
        "all": [
            0.27586206896551724,
            0.3310344827586207,
            0.27586206896551724,
            0.30344827586206896,
            0.33793103448275863,
            0.296551724137931,
            0.2896551724137931,
            0.296551724137931,
            0.296551724137931,
            0.31724137931034485
        ]
    },
    "128": {
        "mean": 0.303448275862069,
        "max": 0.30344827586206896,
        "min": 0.30344827586206896,
        "all": [
            0.30344827586206896,
            0.30344827586206896,
            0.30344827586206896,
            0.30344827586206896,
            0.30344827586206896,
            0.30344827586206896,
            0.30344827586206896,
            0.30344827586206896,
            0.30344827586206896,
            0.30344827586206896
        ]
    }
}