{
    "1": {
        "mean": 0.4815317498788172,
        "max": 0.4968492486669898,
        "min": 0.4692195831313621,
        "all": [
            0.4968492486669898,
            0.47649054774600097,
            0.48618516723218613,
            0.4881240911294232,
            0.48327678138633057,
            0.48327678138633057,
            0.4774600096946195,
            0.4774600096946195,
            0.4769752787203102,
            0.4692195831313621
        ]
    },
    "2": {
        "mean": 0.5142510906446922,
        "max": 0.5225399903053806,
        "min": 0.5046049442559379,
        "all": [
            0.5123606398448861,
            0.521570528356762,
            0.5162384876393602,
            0.5089675230247213,
            0.5128453708191953,
            0.5147842947164324,
            0.5046049442559379,
            0.5225399903053806,
            0.5201163354338342,
            0.508482792050412
        ]
    },
    "4": {
        "mean": 0.5371303926320892,
        "max": 0.5540475036354823,
        "min": 0.5283567619970916,
        "all": [
            0.534658264663112,
            0.5380513814832768,
            0.5399903053805138,
            0.5332040717401842,
            0.5288414929714008,
            0.5380513814832768,
            0.5419292292777509,
            0.5341735336888027,
            0.5283567619970916,
            0.5540475036354823
        ]
    },
    "8": {
        "mean": 0.5428986912263694,
        "max": 0.5603490063015026,
        "min": 0.5293262239457102,
        "all": [
            0.5356277266117305,
            0.534658264663112,
            0.5472612699951527,
            0.5419292292777509,
            0.549684924866699,
            0.5448376151236064,
            0.5603490063015026,
            0.5492001938923897,
            0.5361124575860398,
            0.5293262239457102
        ]
    },
    "16": {
        "mean": 0.5458555501696558,
        "max": 0.5593795443528842,
        "min": 0.538536112457586,
        "all": [
            0.5593795443528842,
            0.5428986912263694,
            0.5428986912263694,
            0.5404750363548231,
            0.5555016965584101,
            0.5414444983034415,
            0.551623848763936,
            0.538536112457586,
            0.5443528841492972,
            0.5414444983034415
        ]
    },
    "32": {
        "mean": 0.5442074648570043,
        "max": 0.5506543868153175,
        "min": 0.5327193407658749,
        "all": [
            0.5404750363548231,
            0.5453223460979156,
            0.5487154629180805,
            0.549684924866699,
            0.5448376151236064,
            0.5462918080465342,
            0.5327193407658749,
            0.5380513814832768,
            0.5453223460979156,
            0.5506543868153175
        ]
    },
    "64": {
        "mean": 0.5432864760058169,
        "max": 0.5492001938923897,
        "min": 0.5375666505089676,
        "all": [
            0.5448376151236064,
            0.5390208434318953,
            0.5390208434318953,
            0.5438681531749879,
            0.5375666505089676,
            0.5492001938923897,
            0.5433834222006786,
            0.5438681531749879,
            0.5438681531749879,
            0.5482307319437713
        ]
    },
    "128": {
        "mean": 0.536597188560349,
        "max": 0.536597188560349,
        "min": 0.536597188560349,
        "all": [
            0.536597188560349,
            0.536597188560349,
            0.536597188560349,
            0.536597188560349,
            0.536597188560349,
            0.536597188560349,
            0.536597188560349,
            0.536597188560349,
            0.536597188560349,
            0.536597188560349
        ]
    }
}