{
    "1": {
        "mean": 0.4815317498788172,
        "max": 0.4968492486669898,
        "min": 0.4692195831313621,
        "all": [
            0.4968492486669898,
            0.47649054774600097,
            0.48618516723218613,
            0.4881240911294232,
            0.48327678138633057,
            0.48327678138633057,
            0.4774600096946195,
            0.4774600096946195,
            0.4769752787203102,
            0.4692195831313621
        ]
    },
    "2": {
        "mean": 0.5149781871061562,
        "max": 0.5239941832283083,
        "min": 0.5055744062045565,
        "all": [
            0.5147842947164324,
            0.5230247212796898,
            0.5176926805622879,
            0.5055744062045565,
            0.5094522539990305,
            0.5138148327678138,
            0.5109064469219583,
            0.5239941832283083,
            0.5206010664081435,
            0.5099369849733398
        ]
    },
    "4": {
        "mean": 0.5375181774115366,
        "max": 0.5492001938923897,
        "min": 0.5288414929714008,
        "all": [
            0.5341735336888027,
            0.5419292292777509,
            0.5390208434318953,
            0.534658264663112,
            0.5317498788172564,
            0.5438681531749879,
            0.5322346097915657,
            0.5395055744062045,
            0.5288414929714008,
            0.5492001938923897
        ]
    },
    "8": {
        "mean": 0.5425109064469219,
        "max": 0.5487154629180805,
        "min": 0.5322346097915657,
        "all": [
            0.5414444983034415,
            0.5424139602520601,
            0.5414444983034415,
            0.5414444983034415,
            0.5477460009694619,
            0.5477460009694619,
            0.5487154629180805,
            0.5414444983034415,
            0.5322346097915657,
            0.5404750363548231
        ]
    },
    "16": {
        "mean": 0.5437227338826952,
        "max": 0.5593795443528842,
        "min": 0.5302956858943286,
        "all": [
            0.5501696558410082,
            0.5448376151236064,
            0.5302956858943286,
            0.5356277266117305,
            0.5453223460979156,
            0.5424139602520601,
            0.5506543868153175,
            0.5375666505089676,
            0.5593795443528842,
            0.5409597673291323
        ]
    },
    "32": {
        "mean": 0.543819680077557,
        "max": 0.551623848763936,
        "min": 0.5312651478429472,
        "all": [
            0.5443528841492972,
            0.5482307319437713,
            0.5424139602520601,
            0.551623848763936,
            0.5312651478429472,
            0.5458070770722249,
            0.5428986912263694,
            0.5399903053805138,
            0.5438681531749879,
            0.5477460009694619
        ]
    },
    "64": {
        "mean": 0.5453708191953466,
        "max": 0.5506543868153175,
        "min": 0.5404750363548231,
        "all": [
            0.5467765390208434,
            0.5414444983034415,
            0.5506543868153175,
            0.5409597673291323,
            0.5404750363548231,
            0.5438681531749879,
            0.5467765390208434,
            0.5487154629180805,
            0.5438681531749879,
            0.5501696558410082
        ]
    },
    "128": {
        "mean": 0.534658264663112,
        "max": 0.534658264663112,
        "min": 0.534658264663112,
        "all": [
            0.534658264663112,
            0.534658264663112,
            0.534658264663112,
            0.534658264663112,
            0.534658264663112,
            0.534658264663112,
            0.534658264663112,
            0.534658264663112,
            0.534658264663112,
            0.534658264663112
        ]
    }
}