{
    "1": {
        "mean": 0.4326666666666667,
        "max": 0.4866666666666667,
        "min": 0.36666666666666664,
        "all": [
            0.43333333333333335,
            0.42,
            0.47333333333333333,
            0.36666666666666664,
            0.44,
            0.4866666666666667,
            0.38,
            0.41333333333333333,
            0.4666666666666667,
            0.44666666666666666
        ]
    },
    "2": {
        "mean": 0.5146666666666666,
        "max": 0.5466666666666666,
        "min": 0.4866666666666667,
        "all": [
            0.5,
            0.5133333333333333,
            0.5066666666666667,
            0.5466666666666666,
            0.5266666666666666,
            0.5133333333333333,
            0.5133333333333333,
            0.5133333333333333,
            0.5266666666666666,
            0.4866666666666667
        ]
    },
    "4": {
        "mean": 0.5573333333333333,
        "max": 0.5866666666666667,
        "min": 0.54,
        "all": [
            0.54,
            0.5866666666666667,
            0.5666666666666667,
            0.54,
            0.54,
            0.5466666666666666,
            0.5666666666666667,
            0.5666666666666667,
            0.58,
            0.54
        ]
    },
    "8": {
        "mean": 0.6153333333333333,
        "max": 0.66,
        "min": 0.5666666666666667,
        "all": [
            0.5866666666666667,
            0.6266666666666667,
            0.6333333333333333,
            0.5866666666666667,
            0.6,
            0.66,
            0.5666666666666667,
            0.64,
            0.6133333333333333,
            0.64
        ]
    },
    "16": {
        "mean": 0.6226666666666667,
        "max": 0.6533333333333333,
        "min": 0.5866666666666667,
        "all": [
            0.6333333333333333,
            0.6533333333333333,
            0.62,
            0.6,
            0.5866666666666667,
            0.6466666666666666,
            0.6066666666666667,
            0.6466666666666666,
            0.6133333333333333,
            0.62
        ]
    },
    "32": {
        "mean": 0.6526666666666666,
        "max": 0.68,
        "min": 0.62,
        "all": [
            0.6466666666666666,
            0.6666666666666666,
            0.68,
            0.6666666666666666,
            0.6666666666666666,
            0.6466666666666666,
            0.62,
            0.6266666666666667,
            0.66,
            0.6466666666666666
        ]
    },
    "64": {
        "mean": 0.6593333333333333,
        "max": 0.68,
        "min": 0.6333333333333333,
        "all": [
            0.68,
            0.6533333333333333,
            0.6666666666666666,
            0.6333333333333333,
            0.66,
            0.66,
            0.6666666666666666,
            0.6466666666666666,
            0.6666666666666666,
            0.66
        ]
    },
    "128": {
        "mean": 0.6466666666666666,
        "max": 0.6466666666666666,
        "min": 0.6466666666666666,
        "all": [
            0.6466666666666666,
            0.6466666666666666,
            0.6466666666666666,
            0.6466666666666666,
            0.6466666666666666,
            0.6466666666666666,
            0.6466666666666666,
            0.6466666666666666,
            0.6466666666666666,
            0.6466666666666666
        ]
    }
}