{
    "1": {
        "mean": 0.4326666666666667,
        "max": 0.4866666666666667,
        "min": 0.36666666666666664,
        "all": [
            0.43333333333333335,
            0.42,
            0.47333333333333333,
            0.36666666666666664,
            0.44,
            0.4866666666666667,
            0.38,
            0.41333333333333333,
            0.4666666666666667,
            0.44666666666666666
        ]
    },
    "2": {
        "mean": 0.5186666666666666,
        "max": 0.54,
        "min": 0.49333333333333335,
        "all": [
            0.5133333333333333,
            0.5066666666666667,
            0.52,
            0.5266666666666666,
            0.54,
            0.52,
            0.52,
            0.49333333333333335,
            0.52,
            0.5266666666666666
        ]
    },
    "4": {
        "mean": 0.558,
        "max": 0.6,
        "min": 0.52,
        "all": [
            0.5466666666666666,
            0.5466666666666666,
            0.54,
            0.5533333333333333,
            0.5866666666666667,
            0.5333333333333333,
            0.6,
            0.56,
            0.5933333333333334,
            0.52
        ]
    },
    "8": {
        "mean": 0.63,
        "max": 0.66,
        "min": 0.58,
        "all": [
            0.6266666666666667,
            0.64,
            0.62,
            0.58,
            0.66,
            0.6533333333333333,
            0.6066666666666667,
            0.6533333333333333,
            0.6133333333333333,
            0.6466666666666666
        ]
    },
    "16": {
        "mean": 0.6439999999999999,
        "max": 0.68,
        "min": 0.6,
        "all": [
            0.6,
            0.6466666666666666,
            0.64,
            0.6133333333333333,
            0.64,
            0.68,
            0.6266666666666667,
            0.66,
            0.66,
            0.6733333333333333
        ]
    },
    "32": {
        "mean": 0.6673333333333333,
        "max": 0.6933333333333334,
        "min": 0.64,
        "all": [
            0.68,
            0.66,
            0.6866666666666666,
            0.66,
            0.6933333333333334,
            0.6666666666666666,
            0.64,
            0.6533333333333333,
            0.6666666666666666,
            0.6666666666666666
        ]
    },
    "64": {
        "mean": 0.6826666666666668,
        "max": 0.7,
        "min": 0.6666666666666666,
        "all": [
            0.6933333333333334,
            0.68,
            0.6933333333333334,
            0.6666666666666666,
            0.6733333333333333,
            0.6866666666666666,
            0.6733333333333333,
            0.68,
            0.68,
            0.7
        ]
    },
    "128": {
        "mean": 0.6866666666666666,
        "max": 0.6866666666666666,
        "min": 0.6866666666666666,
        "all": [
            0.6866666666666666,
            0.6866666666666666,
            0.6866666666666666,
            0.6866666666666666,
            0.6866666666666666,
            0.6866666666666666,
            0.6866666666666666,
            0.6866666666666666,
            0.6866666666666666,
            0.6866666666666666
        ]
    }
}