{
    "1": {
        "mean": 0.45533333333333337,
        "max": 0.4866666666666667,
        "min": 0.43333333333333335,
        "all": [
            0.44666666666666666,
            0.4533333333333333,
            0.46,
            0.4666666666666667,
            0.43333333333333335,
            0.44,
            0.4866666666666667,
            0.43333333333333335,
            0.46,
            0.47333333333333333
        ]
    },
    "2": {
        "mean": 0.45466666666666666,
        "max": 0.4866666666666667,
        "min": 0.4066666666666667,
        "all": [
            0.4866666666666667,
            0.4533333333333333,
            0.4066666666666667,
            0.47333333333333333,
            0.44,
            0.4666666666666667,
            0.4866666666666667,
            0.46,
            0.42,
            0.4533333333333333
        ]
    },
    "4": {
        "mean": 0.44333333333333336,
        "max": 0.4866666666666667,
        "min": 0.4,
        "all": [
            0.47333333333333333,
            0.4266666666666667,
            0.47333333333333333,
            0.43333333333333335,
            0.4,
            0.41333333333333333,
            0.46,
            0.42,
            0.44666666666666666,
            0.4866666666666667
        ]
    },
    "8": {
        "mean": 0.44333333333333336,
        "max": 0.47333333333333333,
        "min": 0.42,
        "all": [
            0.4666666666666667,
            0.42,
            0.4266666666666667,
            0.44,
            0.44666666666666666,
            0.46,
            0.42,
            0.44666666666666666,
            0.43333333333333335,
            0.47333333333333333
        ]
    },
    "16": {
        "mean": 0.438,
        "max": 0.4533333333333333,
        "min": 0.42,
        "all": [
            0.42,
            0.44666666666666666,
            0.4533333333333333,
            0.42,
            0.4533333333333333,
            0.44,
            0.44,
            0.44666666666666666,
            0.4266666666666667,
            0.43333333333333335
        ]
    },
    "32": {
        "mean": 0.4246666666666667,
        "max": 0.4666666666666667,
        "min": 0.38,
        "all": [
            0.4266666666666667,
            0.41333333333333333,
            0.38,
            0.44,
            0.43333333333333335,
            0.4666666666666667,
            0.43333333333333335,
            0.4066666666666667,
            0.41333333333333333,
            0.43333333333333335
        ]
    },
    "64": {
        "mean": 0.4086666666666667,
        "max": 0.4533333333333333,
        "min": 0.36666666666666664,
        "all": [
            0.4066666666666667,
            0.38666666666666666,
            0.4266666666666667,
            0.41333333333333333,
            0.4266666666666667,
            0.4533333333333333,
            0.3933333333333333,
            0.3933333333333333,
            0.36666666666666664,
            0.42
        ]
    },
    "128": {
        "mean": 0.42466666666666664,
        "max": 0.44666666666666666,
        "min": 0.41333333333333333,
        "all": [
            0.41333333333333333,
            0.4266666666666667,
            0.4266666666666667,
            0.42,
            0.4266666666666667,
            0.4266666666666667,
            0.42,
            0.41333333333333333,
            0.44666666666666666,
            0.4266666666666667
        ]
    }
}