{
    "1": {
        "mean": 0.33333333333333337,
        "max": 0.38666666666666666,
        "min": 0.29333333333333333,
        "all": [
            0.31333333333333335,
            0.36666666666666664,
            0.32666666666666666,
            0.38666666666666666,
            0.35333333333333333,
            0.34,
            0.30666666666666664,
            0.32,
            0.32666666666666666,
            0.29333333333333333
        ]
    },
    "2": {
        "mean": 0.4066666666666666,
        "max": 0.43333333333333335,
        "min": 0.37333333333333335,
        "all": [
            0.41333333333333333,
            0.4066666666666667,
            0.4266666666666667,
            0.4066666666666667,
            0.37333333333333335,
            0.37333333333333335,
            0.4266666666666667,
            0.3933333333333333,
            0.43333333333333335,
            0.41333333333333333
        ]
    },
    "4": {
        "mean": 0.44399999999999995,
        "max": 0.5066666666666667,
        "min": 0.3933333333333333,
        "all": [
            0.4,
            0.4666666666666667,
            0.5,
            0.43333333333333335,
            0.5066666666666667,
            0.42,
            0.3933333333333333,
            0.44666666666666666,
            0.42,
            0.4533333333333333
        ]
    },
    "8": {
        "mean": 0.492,
        "max": 0.5266666666666666,
        "min": 0.4533333333333333,
        "all": [
            0.5133333333333333,
            0.47333333333333333,
            0.5066666666666667,
            0.5,
            0.5,
            0.4533333333333333,
            0.5266666666666666,
            0.49333333333333335,
            0.4666666666666667,
            0.4866666666666667
        ]
    },
    "16": {
        "mean": 0.5066666666666666,
        "max": 0.5333333333333333,
        "min": 0.49333333333333335,
        "all": [
            0.49333333333333335,
            0.52,
            0.52,
            0.49333333333333335,
            0.49333333333333335,
            0.52,
            0.5,
            0.49333333333333335,
            0.5333333333333333,
            0.5
        ]
    },
    "32": {
        "mean": 0.5333333333333333,
        "max": 0.56,
        "min": 0.5,
        "all": [
            0.54,
            0.54,
            0.52,
            0.56,
            0.54,
            0.52,
            0.54,
            0.5,
            0.5266666666666666,
            0.5466666666666666
        ]
    },
    "64": {
        "mean": 0.5373333333333333,
        "max": 0.56,
        "min": 0.52,
        "all": [
            0.54,
            0.54,
            0.5266666666666666,
            0.5333333333333333,
            0.52,
            0.5333333333333333,
            0.5466666666666666,
            0.5266666666666666,
            0.56,
            0.5466666666666666
        ]
    },
    "128": {
        "mean": 0.5533333333333335,
        "max": 0.5533333333333333,
        "min": 0.5533333333333333,
        "all": [
            0.5533333333333333,
            0.5533333333333333,
            0.5533333333333333,
            0.5533333333333333,
            0.5533333333333333,
            0.5533333333333333,
            0.5533333333333333,
            0.5533333333333333,
            0.5533333333333333,
            0.5533333333333333
        ]
    }
}