{
    "1": {
        "mean": 0.33333333333333337,
        "max": 0.38666666666666666,
        "min": 0.29333333333333333,
        "all": [
            0.31333333333333335,
            0.36666666666666664,
            0.32666666666666666,
            0.38666666666666666,
            0.35333333333333333,
            0.34,
            0.30666666666666664,
            0.32,
            0.32666666666666666,
            0.29333333333333333
        ]
    },
    "2": {
        "mean": 0.4053333333333334,
        "max": 0.4533333333333333,
        "min": 0.35333333333333333,
        "all": [
            0.43333333333333335,
            0.4066666666666667,
            0.38,
            0.4,
            0.36,
            0.35333333333333333,
            0.44666666666666666,
            0.38,
            0.44,
            0.4533333333333333
        ]
    },
    "4": {
        "mean": 0.43533333333333335,
        "max": 0.49333333333333335,
        "min": 0.4066666666666667,
        "all": [
            0.44,
            0.49333333333333335,
            0.44,
            0.43333333333333335,
            0.47333333333333333,
            0.4266666666666667,
            0.4066666666666667,
            0.4266666666666667,
            0.4066666666666667,
            0.4066666666666667
        ]
    },
    "8": {
        "mean": 0.48533333333333334,
        "max": 0.5133333333333333,
        "min": 0.46,
        "all": [
            0.5133333333333333,
            0.4866666666666667,
            0.4666666666666667,
            0.48,
            0.4866666666666667,
            0.46,
            0.4866666666666667,
            0.47333333333333333,
            0.5,
            0.5
        ]
    },
    "16": {
        "mean": 0.5079999999999999,
        "max": 0.54,
        "min": 0.48,
        "all": [
            0.5333333333333333,
            0.49333333333333335,
            0.49333333333333335,
            0.5133333333333333,
            0.49333333333333335,
            0.5133333333333333,
            0.48,
            0.4866666666666667,
            0.54,
            0.5333333333333333
        ]
    },
    "32": {
        "mean": 0.5406666666666667,
        "max": 0.5666666666666667,
        "min": 0.52,
        "all": [
            0.5266666666666666,
            0.5666666666666667,
            0.5333333333333333,
            0.5466666666666666,
            0.56,
            0.5333333333333333,
            0.52,
            0.5333333333333333,
            0.54,
            0.5466666666666666
        ]
    },
    "64": {
        "mean": 0.544,
        "max": 0.56,
        "min": 0.5266666666666666,
        "all": [
            0.54,
            0.5466666666666666,
            0.5466666666666666,
            0.54,
            0.56,
            0.56,
            0.5333333333333333,
            0.5266666666666666,
            0.5466666666666666,
            0.54
        ]
    },
    "128": {
        "mean": 0.54,
        "max": 0.54,
        "min": 0.54,
        "all": [
            0.54,
            0.54,
            0.54,
            0.54,
            0.54,
            0.54,
            0.54,
            0.54,
            0.54,
            0.54
        ]
    }
}