{
    "1": {
        "mean": 0.45533333333333337,
        "max": 0.4866666666666667,
        "min": 0.43333333333333335,
        "all": [
            0.44666666666666666,
            0.4533333333333333,
            0.46,
            0.4666666666666667,
            0.43333333333333335,
            0.44,
            0.4866666666666667,
            0.43333333333333335,
            0.46,
            0.47333333333333333
        ]
    },
    "2": {
        "mean": 0.4653333333333333,
        "max": 0.5,
        "min": 0.42,
        "all": [
            0.4866666666666667,
            0.46,
            0.42,
            0.5,
            0.4666666666666667,
            0.4866666666666667,
            0.5,
            0.43333333333333335,
            0.4533333333333333,
            0.44666666666666666
        ]
    },
    "4": {
        "mean": 0.4533333333333333,
        "max": 0.49333333333333335,
        "min": 0.4,
        "all": [
            0.4866666666666667,
            0.4066666666666667,
            0.4666666666666667,
            0.46,
            0.44,
            0.44,
            0.4533333333333333,
            0.4,
            0.4866666666666667,
            0.49333333333333335
        ]
    },
    "8": {
        "mean": 0.454,
        "max": 0.4866666666666667,
        "min": 0.4266666666666667,
        "all": [
            0.47333333333333333,
            0.44,
            0.4266666666666667,
            0.4866666666666667,
            0.44,
            0.4666666666666667,
            0.44666666666666666,
            0.4666666666666667,
            0.43333333333333335,
            0.46
        ]
    },
    "16": {
        "mean": 0.45999999999999996,
        "max": 0.48,
        "min": 0.43333333333333335,
        "all": [
            0.48,
            0.46,
            0.43333333333333335,
            0.4666666666666667,
            0.46,
            0.4666666666666667,
            0.47333333333333333,
            0.46,
            0.4533333333333333,
            0.44666666666666666
        ]
    },
    "32": {
        "mean": 0.462,
        "max": 0.49333333333333335,
        "min": 0.42,
        "all": [
            0.4666666666666667,
            0.4666666666666667,
            0.46,
            0.47333333333333333,
            0.48,
            0.49333333333333335,
            0.44,
            0.42,
            0.4533333333333333,
            0.4666666666666667
        ]
    },
    "64": {
        "mean": 0.4533333333333333,
        "max": 0.49333333333333335,
        "min": 0.42,
        "all": [
            0.4266666666666667,
            0.42,
            0.4533333333333333,
            0.46,
            0.4266666666666667,
            0.4533333333333333,
            0.47333333333333333,
            0.4533333333333333,
            0.49333333333333335,
            0.47333333333333333
        ]
    },
    "128": {
        "mean": 0.4533333333333333,
        "max": 0.4533333333333333,
        "min": 0.4533333333333333,
        "all": [
            0.4533333333333333,
            0.4533333333333333,
            0.4533333333333333,
            0.4533333333333333,
            0.4533333333333333,
            0.4533333333333333,
            0.4533333333333333,
            0.4533333333333333,
            0.4533333333333333,
            0.4533333333333333
        ]
    }
}