{
    "1": {
        "mean": 0.4174496644295302,
        "max": 0.4563758389261745,
        "min": 0.3691275167785235,
        "all": [
            0.4228187919463087,
            0.4228187919463087,
            0.3825503355704698,
            0.436241610738255,
            0.44966442953020136,
            0.38926174496644295,
            0.42953020134228187,
            0.3691275167785235,
            0.4161073825503356,
            0.4563758389261745
        ]
    },
    "2": {
        "mean": 0.42617449664429524,
        "max": 0.47651006711409394,
        "min": 0.38926174496644295,
        "all": [
            0.42953020134228187,
            0.42953020134228187,
            0.44966442953020136,
            0.47651006711409394,
            0.4563758389261745,
            0.4161073825503356,
            0.4161073825503356,
            0.38926174496644295,
            0.40268456375838924,
            0.3959731543624161
        ]
    },
    "4": {
        "mean": 0.4355704697986577,
        "max": 0.4697986577181208,
        "min": 0.40939597315436244,
        "all": [
            0.4429530201342282,
            0.4161073825503356,
            0.4228187919463087,
            0.40939597315436244,
            0.44966442953020136,
            0.4228187919463087,
            0.4697986577181208,
            0.436241610738255,
            0.46308724832214765,
            0.4228187919463087
        ]
    },
    "8": {
        "mean": 0.45100671140939597,
        "max": 0.4966442953020134,
        "min": 0.40939597315436244,
        "all": [
            0.47651006711409394,
            0.42953020134228187,
            0.4429530201342282,
            0.40939597315436244,
            0.436241610738255,
            0.42953020134228187,
            0.4429530201342282,
            0.4966442953020134,
            0.48322147651006714,
            0.46308724832214765
        ]
    },
    "16": {
        "mean": 0.45637583892617445,
        "max": 0.5100671140939598,
        "min": 0.42953020134228187,
        "all": [
            0.44966442953020136,
            0.5100671140939598,
            0.47651006711409394,
            0.44966442953020136,
            0.4697986577181208,
            0.42953020134228187,
            0.42953020134228187,
            0.436241610738255,
            0.4563758389261745,
            0.4563758389261745
        ]
    },
    "32": {
        "mean": 0.4416107382550335,
        "max": 0.48322147651006714,
        "min": 0.4161073825503356,
        "all": [
            0.4563758389261745,
            0.436241610738255,
            0.48322147651006714,
            0.4429530201342282,
            0.46308724832214765,
            0.4161073825503356,
            0.4429530201342282,
            0.4228187919463087,
            0.436241610738255,
            0.4161073825503356
        ]
    },
    "64": {
        "mean": 0.4429530201342281,
        "max": 0.46308724832214765,
        "min": 0.40939597315436244,
        "all": [
            0.44966442953020136,
            0.40939597315436244,
            0.4429530201342282,
            0.46308724832214765,
            0.436241610738255,
            0.46308724832214765,
            0.4429530201342282,
            0.44966442953020136,
            0.42953020134228187,
            0.4429530201342282
        ]
    },
    "128": {
        "mean": 0.4476510067114094,
        "max": 0.4563758389261745,
        "min": 0.4429530201342282,
        "all": [
            0.4429530201342282,
            0.44966442953020136,
            0.4563758389261745,
            0.44966442953020136,
            0.4563758389261745,
            0.4429530201342282,
            0.4429530201342282,
            0.4429530201342282,
            0.4429530201342282,
            0.44966442953020136
        ]
    }
}