{
    "1": {
        "mean": 0.31517241379310346,
        "max": 0.3448275862068966,
        "min": 0.2620689655172414,
        "all": [
            0.3448275862068966,
            0.2827586206896552,
            0.2689655172413793,
            0.33793103448275863,
            0.3310344827586207,
            0.2620689655172414,
            0.31724137931034485,
            0.3310344827586207,
            0.3310344827586207,
            0.3448275862068966
        ]
    },
    "2": {
        "mean": 0.35034482758620694,
        "max": 0.3931034482758621,
        "min": 0.30344827586206896,
        "all": [
            0.35172413793103446,
            0.3931034482758621,
            0.35172413793103446,
            0.30344827586206896,
            0.3931034482758621,
            0.31724137931034485,
            0.3448275862068966,
            0.30344827586206896,
            0.3931034482758621,
            0.35172413793103446
        ]
    },
    "4": {
        "mean": 0.36206896551724144,
        "max": 0.4,
        "min": 0.3310344827586207,
        "all": [
            0.36551724137931035,
            0.33793103448275863,
            0.35172413793103446,
            0.38620689655172413,
            0.4,
            0.33793103448275863,
            0.3310344827586207,
            0.36551724137931035,
            0.3448275862068966,
            0.4
        ]
    },
    "8": {
        "mean": 0.37931034482758624,
        "max": 0.43448275862068964,
        "min": 0.3448275862068966,
        "all": [
            0.3586206896551724,
            0.3724137931034483,
            0.43448275862068964,
            0.3724137931034483,
            0.36551724137931035,
            0.3793103448275862,
            0.3793103448275862,
            0.3931034482758621,
            0.3448275862068966,
            0.3931034482758621
        ]
    },
    "16": {
        "mean": 0.3620689655172414,
        "max": 0.4,
        "min": 0.3310344827586207,
        "all": [
            0.3448275862068966,
            0.4,
            0.3586206896551724,
            0.36551724137931035,
            0.3931034482758621,
            0.36551724137931035,
            0.3448275862068966,
            0.3310344827586207,
            0.3586206896551724,
            0.3586206896551724
        ]
    },
    "32": {
        "mean": 0.3606896551724138,
        "max": 0.38620689655172413,
        "min": 0.33793103448275863,
        "all": [
            0.33793103448275863,
            0.35172413793103446,
            0.3586206896551724,
            0.36551724137931035,
            0.3793103448275862,
            0.3793103448275862,
            0.35172413793103446,
            0.3448275862068966,
            0.38620689655172413,
            0.35172413793103446
        ]
    },
    "64": {
        "mean": 0.3544827586206897,
        "max": 0.38620689655172413,
        "min": 0.3103448275862069,
        "all": [
            0.36551724137931035,
            0.3103448275862069,
            0.3586206896551724,
            0.38620689655172413,
            0.3724137931034483,
            0.35172413793103446,
            0.3724137931034483,
            0.3310344827586207,
            0.3310344827586207,
            0.36551724137931035
        ]
    },
    "128": {
        "mean": 0.34482758620689663,
        "max": 0.3448275862068966,
        "min": 0.3448275862068966,
        "all": [
            0.3448275862068966,
            0.3448275862068966,
            0.3448275862068966,
            0.3448275862068966,
            0.3448275862068966,
            0.3448275862068966,
            0.3448275862068966,
            0.3448275862068966,
            0.3448275862068966,
            0.3448275862068966
        ]
    }
}