{
    "1": {
        "mean": 0.5753333333333335,
        "max": 0.62,
        "min": 0.5333333333333333,
        "all": [
            0.5333333333333333,
            0.5466666666666666,
            0.5933333333333334,
            0.6,
            0.56,
            0.58,
            0.54,
            0.62,
            0.5866666666666667,
            0.5933333333333334
        ]
    },
    "2": {
        "mean": 0.588,
        "max": 0.6266666666666667,
        "min": 0.5466666666666666,
        "all": [
            0.6,
            0.5666666666666667,
            0.5866666666666667,
            0.58,
            0.6266666666666667,
            0.5466666666666666,
            0.6133333333333333,
            0.6066666666666667,
            0.5533333333333333,
            0.6
        ]
    },
    "4": {
        "mean": 0.6046666666666668,
        "max": 0.6266666666666667,
        "min": 0.56,
        "all": [
            0.6133333333333333,
            0.5866666666666667,
            0.6133333333333333,
            0.6266666666666667,
            0.56,
            0.6,
            0.6066666666666667,
            0.6266666666666667,
            0.6266666666666667,
            0.5866666666666667
        ]
    },
    "8": {
        "mean": 0.6099999999999999,
        "max": 0.6466666666666666,
        "min": 0.5666666666666667,
        "all": [
            0.5866666666666667,
            0.6333333333333333,
            0.6,
            0.62,
            0.6133333333333333,
            0.6133333333333333,
            0.6466666666666666,
            0.6133333333333333,
            0.5666666666666667,
            0.6066666666666667
        ]
    },
    "16": {
        "mean": 0.6253333333333334,
        "max": 0.6466666666666666,
        "min": 0.6,
        "all": [
            0.6466666666666666,
            0.6266666666666667,
            0.6266666666666667,
            0.6333333333333333,
            0.6333333333333333,
            0.6133333333333333,
            0.6,
            0.6133333333333333,
            0.6266666666666667,
            0.6333333333333333
        ]
    },
    "32": {
        "mean": 0.6366666666666667,
        "max": 0.6533333333333333,
        "min": 0.62,
        "all": [
            0.64,
            0.6533333333333333,
            0.64,
            0.62,
            0.62,
            0.6333333333333333,
            0.6466666666666666,
            0.64,
            0.64,
            0.6333333333333333
        ]
    },
    "64": {
        "mean": 0.6293333333333334,
        "max": 0.6466666666666666,
        "min": 0.62,
        "all": [
            0.6333333333333333,
            0.62,
            0.6466666666666666,
            0.62,
            0.6333333333333333,
            0.6333333333333333,
            0.62,
            0.62,
            0.6266666666666667,
            0.64
        ]
    },
    "128": {
        "mean": 0.6333333333333332,
        "max": 0.6333333333333333,
        "min": 0.6333333333333333,
        "all": [
            0.6333333333333333,
            0.6333333333333333,
            0.6333333333333333,
            0.6333333333333333,
            0.6333333333333333,
            0.6333333333333333,
            0.6333333333333333,
            0.6333333333333333,
            0.6333333333333333,
            0.6333333333333333
        ]
    }
}