{
    "1": {
        "mean": 0.48200000000000004,
        "max": 0.5266666666666666,
        "min": 0.43333333333333335,
        "all": [
            0.47333333333333333,
            0.48,
            0.5066666666666667,
            0.5066666666666667,
            0.4666666666666667,
            0.5266666666666666,
            0.4666666666666667,
            0.49333333333333335,
            0.4666666666666667,
            0.43333333333333335
        ]
    },
    "2": {
        "mean": 0.5433333333333333,
        "max": 0.5866666666666667,
        "min": 0.5,
        "all": [
            0.5466666666666666,
            0.56,
            0.52,
            0.5333333333333333,
            0.54,
            0.5866666666666667,
            0.5466666666666666,
            0.5,
            0.52,
            0.58
        ]
    },
    "4": {
        "mean": 0.5926666666666667,
        "max": 0.66,
        "min": 0.54,
        "all": [
            0.66,
            0.5666666666666667,
            0.62,
            0.54,
            0.5866666666666667,
            0.6,
            0.56,
            0.6066666666666667,
            0.6,
            0.5866666666666667
        ]
    },
    "8": {
        "mean": 0.614,
        "max": 0.6666666666666666,
        "min": 0.5933333333333334,
        "all": [
            0.6,
            0.5933333333333334,
            0.5933333333333334,
            0.64,
            0.6333333333333333,
            0.6133333333333333,
            0.6666666666666666,
            0.5933333333333334,
            0.6,
            0.6066666666666667
        ]
    },
    "16": {
        "mean": 0.5993333333333333,
        "max": 0.6466666666666666,
        "min": 0.56,
        "all": [
            0.5933333333333334,
            0.5733333333333334,
            0.5866666666666667,
            0.6466666666666666,
            0.56,
            0.56,
            0.6333333333333333,
            0.6266666666666667,
            0.6,
            0.6133333333333333
        ]
    },
    "32": {
        "mean": 0.6153333333333334,
        "max": 0.6533333333333333,
        "min": 0.5733333333333334,
        "all": [
            0.5933333333333334,
            0.6066666666666667,
            0.6266666666666667,
            0.6533333333333333,
            0.62,
            0.6333333333333333,
            0.6133333333333333,
            0.6466666666666666,
            0.5733333333333334,
            0.5866666666666667
        ]
    },
    "64": {
        "mean": 0.6053333333333333,
        "max": 0.66,
        "min": 0.5733333333333334,
        "all": [
            0.6,
            0.58,
            0.62,
            0.66,
            0.6066666666666667,
            0.62,
            0.5933333333333334,
            0.5933333333333334,
            0.5733333333333334,
            0.6066666666666667
        ]
    },
    "128": {
        "mean": 0.6066666666666667,
        "max": 0.6066666666666667,
        "min": 0.6066666666666667,
        "all": [
            0.6066666666666667,
            0.6066666666666667,
            0.6066666666666667,
            0.6066666666666667,
            0.6066666666666667,
            0.6066666666666667,
            0.6066666666666667,
            0.6066666666666667,
            0.6066666666666667,
            0.6066666666666667
        ]
    }
}