{
    "1": {
        "mean": 0.3786666666666667,
        "max": 0.4666666666666667,
        "min": 0.31333333333333335,
        "all": [
            0.34,
            0.4066666666666667,
            0.3333333333333333,
            0.41333333333333333,
            0.4666666666666667,
            0.31333333333333335,
            0.38,
            0.32666666666666666,
            0.41333333333333333,
            0.3933333333333333
        ]
    },
    "2": {
        "mean": 0.446,
        "max": 0.5133333333333333,
        "min": 0.38,
        "all": [
            0.4266666666666667,
            0.4266666666666667,
            0.38,
            0.48,
            0.46,
            0.4666666666666667,
            0.4866666666666667,
            0.4066666666666667,
            0.5133333333333333,
            0.41333333333333333
        ]
    },
    "4": {
        "mean": 0.47800000000000004,
        "max": 0.52,
        "min": 0.42,
        "all": [
            0.4866666666666667,
            0.52,
            0.52,
            0.44,
            0.5,
            0.5066666666666667,
            0.46,
            0.48,
            0.42,
            0.44666666666666666
        ]
    },
    "8": {
        "mean": 0.49400000000000005,
        "max": 0.5466666666666666,
        "min": 0.4066666666666667,
        "all": [
            0.5466666666666666,
            0.4866666666666667,
            0.4666666666666667,
            0.4066666666666667,
            0.47333333333333333,
            0.47333333333333333,
            0.5133333333333333,
            0.5466666666666666,
            0.52,
            0.5066666666666667
        ]
    },
    "16": {
        "mean": 0.5239999999999999,
        "max": 0.5733333333333334,
        "min": 0.48,
        "all": [
            0.5066666666666667,
            0.5333333333333333,
            0.5266666666666666,
            0.5733333333333334,
            0.5466666666666666,
            0.48,
            0.4866666666666667,
            0.5466666666666666,
            0.5266666666666666,
            0.5133333333333333
        ]
    },
    "32": {
        "mean": 0.5113333333333333,
        "max": 0.5466666666666666,
        "min": 0.4866666666666667,
        "all": [
            0.49333333333333335,
            0.5,
            0.52,
            0.4866666666666667,
            0.5333333333333333,
            0.49333333333333335,
            0.49333333333333335,
            0.5333333333333333,
            0.5133333333333333,
            0.5466666666666666
        ]
    },
    "64": {
        "mean": 0.5333333333333333,
        "max": 0.58,
        "min": 0.5,
        "all": [
            0.5333333333333333,
            0.5466666666666666,
            0.54,
            0.5,
            0.52,
            0.52,
            0.52,
            0.5333333333333333,
            0.54,
            0.58
        ]
    },
    "128": {
        "mean": 0.5333333333333333,
        "max": 0.5333333333333333,
        "min": 0.5333333333333333,
        "all": [
            0.5333333333333333,
            0.5333333333333333,
            0.5333333333333333,
            0.5333333333333333,
            0.5333333333333333,
            0.5333333333333333,
            0.5333333333333333,
            0.5333333333333333,
            0.5333333333333333,
            0.5333333333333333
        ]
    }
}