{
    "1": {
        "mean": 0.3786666666666667,
        "max": 0.4666666666666667,
        "min": 0.31333333333333335,
        "all": [
            0.34,
            0.4066666666666667,
            0.3333333333333333,
            0.41333333333333333,
            0.4666666666666667,
            0.31333333333333335,
            0.38,
            0.32666666666666666,
            0.41333333333333333,
            0.3933333333333333
        ]
    },
    "2": {
        "mean": 0.43866666666666665,
        "max": 0.4866666666666667,
        "min": 0.36666666666666664,
        "all": [
            0.4666666666666667,
            0.4533333333333333,
            0.36666666666666664,
            0.47333333333333333,
            0.43333333333333335,
            0.44666666666666666,
            0.4666666666666667,
            0.4066666666666667,
            0.4866666666666667,
            0.38666666666666666
        ]
    },
    "4": {
        "mean": 0.4573333333333333,
        "max": 0.49333333333333335,
        "min": 0.4066666666666667,
        "all": [
            0.49333333333333335,
            0.4866666666666667,
            0.48,
            0.41333333333333333,
            0.49333333333333335,
            0.4533333333333333,
            0.4266666666666667,
            0.4533333333333333,
            0.4066666666666667,
            0.4666666666666667
        ]
    },
    "8": {
        "mean": 0.47133333333333327,
        "max": 0.5266666666666666,
        "min": 0.43333333333333335,
        "all": [
            0.5066666666666667,
            0.47333333333333333,
            0.46,
            0.4533333333333333,
            0.4666666666666667,
            0.4666666666666667,
            0.48,
            0.44666666666666666,
            0.43333333333333335,
            0.5266666666666666
        ]
    },
    "16": {
        "mean": 0.43199999999999994,
        "max": 0.4533333333333333,
        "min": 0.38,
        "all": [
            0.4266666666666667,
            0.44666666666666666,
            0.38,
            0.4533333333333333,
            0.44666666666666666,
            0.43333333333333335,
            0.4266666666666667,
            0.42,
            0.4533333333333333,
            0.43333333333333335
        ]
    },
    "32": {
        "mean": 0.418,
        "max": 0.4533333333333333,
        "min": 0.38666666666666666,
        "all": [
            0.38666666666666666,
            0.44,
            0.4,
            0.43333333333333335,
            0.3933333333333333,
            0.3933333333333333,
            0.4,
            0.4533333333333333,
            0.44666666666666666,
            0.43333333333333335
        ]
    },
    "64": {
        "mean": 0.43,
        "max": 0.4533333333333333,
        "min": 0.41333333333333333,
        "all": [
            0.42,
            0.42,
            0.4266666666666667,
            0.44666666666666666,
            0.42,
            0.42,
            0.41333333333333333,
            0.44666666666666666,
            0.43333333333333335,
            0.4533333333333333
        ]
    },
    "128": {
        "mean": 0.4373333333333333,
        "max": 0.44666666666666666,
        "min": 0.43333333333333335,
        "all": [
            0.43333333333333335,
            0.43333333333333335,
            0.44,
            0.44,
            0.43333333333333335,
            0.44666666666666666,
            0.43333333333333335,
            0.44,
            0.44,
            0.43333333333333335
        ]
    }
}