{
    "1": {
        "mean": 0.5248322147651007,
        "max": 0.5369127516778524,
        "min": 0.48322147651006714,
        "all": [
            0.5302013422818792,
            0.5369127516778524,
            0.5234899328859061,
            0.5302013422818792,
            0.5369127516778524,
            0.5369127516778524,
            0.5302013422818792,
            0.48322147651006714,
            0.5167785234899329,
            0.5234899328859061
        ]
    },
    "2": {
        "mean": 0.5577181208053691,
        "max": 0.6040268456375839,
        "min": 0.5369127516778524,
        "all": [
            0.5436241610738255,
            0.5570469798657718,
            0.5503355704697986,
            0.5503355704697986,
            0.5436241610738255,
            0.5369127516778524,
            0.5637583892617449,
            0.5637583892617449,
            0.5637583892617449,
            0.6040268456375839
        ]
    },
    "4": {
        "mean": 0.6053691275167784,
        "max": 0.6241610738255033,
        "min": 0.5637583892617449,
        "all": [
            0.610738255033557,
            0.5906040268456376,
            0.6174496644295302,
            0.6241610738255033,
            0.610738255033557,
            0.5906040268456376,
            0.6174496644295302,
            0.6040268456375839,
            0.6241610738255033,
            0.5637583892617449
        ]
    },
    "8": {
        "mean": 0.6100671140939598,
        "max": 0.6375838926174496,
        "min": 0.5838926174496645,
        "all": [
            0.6241610738255033,
            0.610738255033557,
            0.6040268456375839,
            0.5838926174496645,
            0.6040268456375839,
            0.5838926174496645,
            0.6174496644295302,
            0.6375838926174496,
            0.6174496644295302,
            0.6174496644295302
        ]
    },
    "16": {
        "mean": 0.6248322147651006,
        "max": 0.6577181208053692,
        "min": 0.6040268456375839,
        "all": [
            0.610738255033557,
            0.6241610738255033,
            0.6577181208053692,
            0.6040268456375839,
            0.6308724832214765,
            0.6442953020134228,
            0.6442953020134228,
            0.6040268456375839,
            0.6241610738255033,
            0.6040268456375839
        ]
    },
    "32": {
        "mean": 0.6335570469798658,
        "max": 0.6778523489932886,
        "min": 0.6040268456375839,
        "all": [
            0.6375838926174496,
            0.6040268456375839,
            0.6174496644295302,
            0.6375838926174496,
            0.6174496644295302,
            0.6174496644295302,
            0.6778523489932886,
            0.6375838926174496,
            0.6174496644295302,
            0.6711409395973155
        ]
    },
    "64": {
        "mean": 0.6281879194630873,
        "max": 0.6510067114093959,
        "min": 0.610738255033557,
        "all": [
            0.6375838926174496,
            0.610738255033557,
            0.6308724832214765,
            0.6375838926174496,
            0.6510067114093959,
            0.6174496644295302,
            0.6241610738255033,
            0.6241610738255033,
            0.610738255033557,
            0.6375838926174496
        ]
    },
    "128": {
        "mean": 0.6107382550335572,
        "max": 0.610738255033557,
        "min": 0.610738255033557,
        "all": [
            0.610738255033557,
            0.610738255033557,
            0.610738255033557,
            0.610738255033557,
            0.610738255033557,
            0.610738255033557,
            0.610738255033557,
            0.610738255033557,
            0.610738255033557,
            0.610738255033557
        ]
    }
}