{
    "1": {
        "mean": 0.5248322147651007,
        "max": 0.5369127516778524,
        "min": 0.48322147651006714,
        "all": [
            0.5302013422818792,
            0.5369127516778524,
            0.5234899328859061,
            0.5302013422818792,
            0.5369127516778524,
            0.5369127516778524,
            0.5302013422818792,
            0.48322147651006714,
            0.5167785234899329,
            0.5234899328859061
        ]
    },
    "2": {
        "mean": 0.5583892617449664,
        "max": 0.610738255033557,
        "min": 0.5369127516778524,
        "all": [
            0.5436241610738255,
            0.5570469798657718,
            0.5436241610738255,
            0.5503355704697986,
            0.5436241610738255,
            0.5369127516778524,
            0.5637583892617449,
            0.5704697986577181,
            0.5637583892617449,
            0.610738255033557
        ]
    },
    "4": {
        "mean": 0.6060402684563757,
        "max": 0.6308724832214765,
        "min": 0.5637583892617449,
        "all": [
            0.610738255033557,
            0.5906040268456376,
            0.6241610738255033,
            0.6308724832214765,
            0.610738255033557,
            0.5906040268456376,
            0.610738255033557,
            0.6040268456375839,
            0.6241610738255033,
            0.5637583892617449
        ]
    },
    "8": {
        "mean": 0.6127516778523491,
        "max": 0.6308724832214765,
        "min": 0.5838926174496645,
        "all": [
            0.6174496644295302,
            0.6241610738255033,
            0.610738255033557,
            0.5838926174496645,
            0.6241610738255033,
            0.5838926174496645,
            0.6174496644295302,
            0.6308724832214765,
            0.6174496644295302,
            0.6174496644295302
        ]
    },
    "16": {
        "mean": 0.625503355704698,
        "max": 0.6510067114093959,
        "min": 0.5973154362416108,
        "all": [
            0.6174496644295302,
            0.6241610738255033,
            0.6510067114093959,
            0.5973154362416108,
            0.6241610738255033,
            0.6308724832214765,
            0.6442953020134228,
            0.6174496644295302,
            0.6241610738255033,
            0.6241610738255033
        ]
    },
    "32": {
        "mean": 0.636241610738255,
        "max": 0.6778523489932886,
        "min": 0.6040268456375839,
        "all": [
            0.6510067114093959,
            0.6174496644295302,
            0.6040268456375839,
            0.6375838926174496,
            0.6174496644295302,
            0.6174496644295302,
            0.6778523489932886,
            0.6442953020134228,
            0.6174496644295302,
            0.6778523489932886
        ]
    },
    "64": {
        "mean": 0.6308724832214765,
        "max": 0.6510067114093959,
        "min": 0.6040268456375839,
        "all": [
            0.6442953020134228,
            0.610738255033557,
            0.6308724832214765,
            0.6308724832214765,
            0.6510067114093959,
            0.6308724832214765,
            0.6308724832214765,
            0.6241610738255033,
            0.6040268456375839,
            0.6510067114093959
        ]
    },
    "128": {
        "mean": 0.6174496644295303,
        "max": 0.6174496644295302,
        "min": 0.6174496644295302,
        "all": [
            0.6174496644295302,
            0.6174496644295302,
            0.6174496644295302,
            0.6174496644295302,
            0.6174496644295302,
            0.6174496644295302,
            0.6174496644295302,
            0.6174496644295302,
            0.6174496644295302,
            0.6174496644295302
        ]
    }
}