{
    "1": {
        "mean": 0.31517241379310346,
        "max": 0.3448275862068966,
        "min": 0.2620689655172414,
        "all": [
            0.3448275862068966,
            0.2827586206896552,
            0.2689655172413793,
            0.33793103448275863,
            0.3310344827586207,
            0.2620689655172414,
            0.31724137931034485,
            0.3310344827586207,
            0.3310344827586207,
            0.3448275862068966
        ]
    },
    "2": {
        "mean": 0.3068965517241379,
        "max": 0.3448275862068966,
        "min": 0.2689655172413793,
        "all": [
            0.32413793103448274,
            0.31724137931034485,
            0.2827586206896552,
            0.27586206896551724,
            0.33793103448275863,
            0.3448275862068966,
            0.296551724137931,
            0.2689655172413793,
            0.296551724137931,
            0.32413793103448274
        ]
    },
    "4": {
        "mean": 0.306896551724138,
        "max": 0.35172413793103446,
        "min": 0.2689655172413793,
        "all": [
            0.2896551724137931,
            0.31724137931034485,
            0.35172413793103446,
            0.3448275862068966,
            0.2689655172413793,
            0.2896551724137931,
            0.2689655172413793,
            0.31724137931034485,
            0.3310344827586207,
            0.2896551724137931
        ]
    },
    "8": {
        "mean": 0.3062068965517241,
        "max": 0.3793103448275862,
        "min": 0.2620689655172414,
        "all": [
            0.2620689655172414,
            0.27586206896551724,
            0.3793103448275862,
            0.3103448275862069,
            0.2896551724137931,
            0.31724137931034485,
            0.296551724137931,
            0.32413793103448274,
            0.27586206896551724,
            0.3310344827586207
        ]
    },
    "16": {
        "mean": 0.2986206896551724,
        "max": 0.3310344827586207,
        "min": 0.2413793103448276,
        "all": [
            0.2413793103448276,
            0.32413793103448274,
            0.30344827586206896,
            0.31724137931034485,
            0.3310344827586207,
            0.30344827586206896,
            0.3103448275862069,
            0.2620689655172414,
            0.296551724137931,
            0.296551724137931
        ]
    },
    "32": {
        "mean": 0.29172413793103447,
        "max": 0.3310344827586207,
        "min": 0.2620689655172414,
        "all": [
            0.27586206896551724,
            0.31724137931034485,
            0.2896551724137931,
            0.296551724137931,
            0.30344827586206896,
            0.27586206896551724,
            0.2689655172413793,
            0.296551724137931,
            0.2620689655172414,
            0.3310344827586207
        ]
    },
    "64": {
        "mean": 0.2806896551724138,
        "max": 0.32413793103448274,
        "min": 0.2482758620689655,
        "all": [
            0.2620689655172414,
            0.2689655172413793,
            0.296551724137931,
            0.32413793103448274,
            0.2689655172413793,
            0.2827586206896552,
            0.2689655172413793,
            0.2896551724137931,
            0.2482758620689655,
            0.296551724137931
        ]
    },
    "128": {
        "mean": 0.2806896551724138,
        "max": 0.296551724137931,
        "min": 0.2689655172413793,
        "all": [
            0.2827586206896552,
            0.2689655172413793,
            0.2896551724137931,
            0.2689655172413793,
            0.296551724137931,
            0.2689655172413793,
            0.2827586206896552,
            0.2896551724137931,
            0.2896551724137931,
            0.2689655172413793
        ]
    }
}