{
    "1": {
        "mean": 0.48200000000000004,
        "max": 0.5266666666666666,
        "min": 0.43333333333333335,
        "all": [
            0.47333333333333333,
            0.48,
            0.5066666666666667,
            0.5066666666666667,
            0.4666666666666667,
            0.5266666666666666,
            0.4666666666666667,
            0.49333333333333335,
            0.4666666666666667,
            0.43333333333333335
        ]
    },
    "2": {
        "mean": 0.5493333333333335,
        "max": 0.6066666666666667,
        "min": 0.49333333333333335,
        "all": [
            0.5733333333333334,
            0.56,
            0.54,
            0.49333333333333335,
            0.54,
            0.6066666666666667,
            0.56,
            0.52,
            0.54,
            0.56
        ]
    },
    "4": {
        "mean": 0.5960000000000001,
        "max": 0.64,
        "min": 0.56,
        "all": [
            0.6066666666666667,
            0.6,
            0.64,
            0.56,
            0.6266666666666667,
            0.5933333333333334,
            0.5666666666666667,
            0.5933333333333334,
            0.5866666666666667,
            0.5866666666666667
        ]
    },
    "8": {
        "mean": 0.6246666666666666,
        "max": 0.6933333333333334,
        "min": 0.58,
        "all": [
            0.6133333333333333,
            0.62,
            0.58,
            0.6266666666666667,
            0.6066666666666667,
            0.6266666666666667,
            0.62,
            0.6466666666666666,
            0.6133333333333333,
            0.6933333333333334
        ]
    },
    "16": {
        "mean": 0.6686666666666666,
        "max": 0.6933333333333334,
        "min": 0.64,
        "all": [
            0.6733333333333333,
            0.6533333333333333,
            0.6933333333333334,
            0.68,
            0.64,
            0.6666666666666666,
            0.68,
            0.6533333333333333,
            0.6666666666666666,
            0.68
        ]
    },
    "32": {
        "mean": 0.686,
        "max": 0.7066666666666667,
        "min": 0.66,
        "all": [
            0.7066666666666667,
            0.6866666666666666,
            0.6933333333333334,
            0.7066666666666667,
            0.6666666666666666,
            0.7,
            0.66,
            0.6733333333333333,
            0.7,
            0.6666666666666666
        ]
    },
    "64": {
        "mean": 0.7113333333333334,
        "max": 0.74,
        "min": 0.6866666666666666,
        "all": [
            0.74,
            0.7133333333333334,
            0.7066666666666667,
            0.72,
            0.7266666666666667,
            0.6866666666666666,
            0.7,
            0.7133333333333334,
            0.7,
            0.7066666666666667
        ]
    },
    "128": {
        "mean": 0.72,
        "max": 0.72,
        "min": 0.72,
        "all": [
            0.72,
            0.72,
            0.72,
            0.72,
            0.72,
            0.72,
            0.72,
            0.72,
            0.72,
            0.72
        ]
    }
}