{
    "1": {
        "mean": 0.45533333333333337,
        "max": 0.4866666666666667,
        "min": 0.43333333333333335,
        "all": [
            0.44666666666666666,
            0.4533333333333333,
            0.46,
            0.4666666666666667,
            0.43333333333333335,
            0.44,
            0.4866666666666667,
            0.43333333333333335,
            0.46,
            0.47333333333333333
        ]
    },
    "2": {
        "mean": 0.4706666666666667,
        "max": 0.5066666666666667,
        "min": 0.43333333333333335,
        "all": [
            0.49333333333333335,
            0.4866666666666667,
            0.43333333333333335,
            0.49333333333333335,
            0.4533333333333333,
            0.4533333333333333,
            0.5066666666666667,
            0.47333333333333333,
            0.43333333333333335,
            0.48
        ]
    },
    "4": {
        "mean": 0.45866666666666667,
        "max": 0.47333333333333333,
        "min": 0.44666666666666666,
        "all": [
            0.47333333333333333,
            0.44666666666666666,
            0.46,
            0.4533333333333333,
            0.46,
            0.46,
            0.4533333333333333,
            0.46,
            0.47333333333333333,
            0.44666666666666666
        ]
    },
    "8": {
        "mean": 0.45266666666666666,
        "max": 0.47333333333333333,
        "min": 0.4266666666666667,
        "all": [
            0.4533333333333333,
            0.44,
            0.46,
            0.47333333333333333,
            0.4666666666666667,
            0.4266666666666667,
            0.4533333333333333,
            0.44666666666666666,
            0.44666666666666666,
            0.46
        ]
    },
    "16": {
        "mean": 0.45,
        "max": 0.4866666666666667,
        "min": 0.43333333333333335,
        "all": [
            0.44666666666666666,
            0.44,
            0.43333333333333335,
            0.4533333333333333,
            0.44666666666666666,
            0.4533333333333333,
            0.4533333333333333,
            0.4866666666666667,
            0.44666666666666666,
            0.44
        ]
    },
    "32": {
        "mean": 0.43066666666666664,
        "max": 0.44666666666666666,
        "min": 0.4066666666666667,
        "all": [
            0.4266666666666667,
            0.4066666666666667,
            0.44666666666666666,
            0.4266666666666667,
            0.44666666666666666,
            0.43333333333333335,
            0.4266666666666667,
            0.44,
            0.43333333333333335,
            0.42
        ]
    },
    "64": {
        "mean": 0.42666666666666664,
        "max": 0.44666666666666666,
        "min": 0.41333333333333333,
        "all": [
            0.44666666666666666,
            0.42,
            0.42,
            0.4266666666666667,
            0.41333333333333333,
            0.44,
            0.43333333333333335,
            0.42,
            0.4266666666666667,
            0.42
        ]
    },
    "128": {
        "mean": 0.42000000000000004,
        "max": 0.42,
        "min": 0.42,
        "all": [
            0.42,
            0.42,
            0.42,
            0.42,
            0.42,
            0.42,
            0.42,
            0.42,
            0.42,
            0.42
        ]
    }
}