{
    "1": {
        "mean": 0.45533333333333337,
        "max": 0.4866666666666667,
        "min": 0.43333333333333335,
        "all": [
            0.44666666666666666,
            0.4533333333333333,
            0.46,
            0.4666666666666667,
            0.43333333333333335,
            0.44,
            0.4866666666666667,
            0.43333333333333335,
            0.46,
            0.47333333333333333
        ]
    },
    "2": {
        "mean": 0.47000000000000003,
        "max": 0.5133333333333333,
        "min": 0.43333333333333335,
        "all": [
            0.4866666666666667,
            0.48,
            0.43333333333333335,
            0.49333333333333335,
            0.4666666666666667,
            0.4533333333333333,
            0.5133333333333333,
            0.4666666666666667,
            0.43333333333333335,
            0.47333333333333333
        ]
    },
    "4": {
        "mean": 0.458,
        "max": 0.47333333333333333,
        "min": 0.43333333333333335,
        "all": [
            0.4666666666666667,
            0.44,
            0.46,
            0.43333333333333335,
            0.46,
            0.4666666666666667,
            0.4533333333333333,
            0.47333333333333333,
            0.47333333333333333,
            0.4533333333333333
        ]
    },
    "8": {
        "mean": 0.4573333333333334,
        "max": 0.48,
        "min": 0.4266666666666667,
        "all": [
            0.4666666666666667,
            0.44,
            0.4666666666666667,
            0.48,
            0.46,
            0.4266666666666667,
            0.44666666666666666,
            0.4533333333333333,
            0.46,
            0.47333333333333333
        ]
    },
    "16": {
        "mean": 0.45133333333333336,
        "max": 0.47333333333333333,
        "min": 0.4266666666666667,
        "all": [
            0.4533333333333333,
            0.44,
            0.43333333333333335,
            0.4533333333333333,
            0.44666666666666666,
            0.4533333333333333,
            0.4666666666666667,
            0.47333333333333333,
            0.4666666666666667,
            0.4266666666666667
        ]
    },
    "32": {
        "mean": 0.43999999999999995,
        "max": 0.46,
        "min": 0.41333333333333333,
        "all": [
            0.4266666666666667,
            0.41333333333333333,
            0.44,
            0.43333333333333335,
            0.4533333333333333,
            0.44666666666666666,
            0.44,
            0.46,
            0.46,
            0.4266666666666667
        ]
    },
    "64": {
        "mean": 0.44000000000000006,
        "max": 0.4533333333333333,
        "min": 0.4266666666666667,
        "all": [
            0.4533333333333333,
            0.44666666666666666,
            0.4266666666666667,
            0.4266666666666667,
            0.43333333333333335,
            0.4533333333333333,
            0.44,
            0.44666666666666666,
            0.43333333333333335,
            0.44
        ]
    },
    "128": {
        "mean": 0.44000000000000006,
        "max": 0.44,
        "min": 0.44,
        "all": [
            0.44,
            0.44,
            0.44,
            0.44,
            0.44,
            0.44,
            0.44,
            0.44,
            0.44,
            0.44
        ]
    }
}