{
    "1": {
        "mean": 0.31517241379310346,
        "max": 0.3448275862068966,
        "min": 0.2620689655172414,
        "all": [
            0.3448275862068966,
            0.2827586206896552,
            0.2689655172413793,
            0.33793103448275863,
            0.3310344827586207,
            0.2620689655172414,
            0.31724137931034485,
            0.3310344827586207,
            0.3310344827586207,
            0.3448275862068966
        ]
    },
    "2": {
        "mean": 0.3068965517241379,
        "max": 0.3448275862068966,
        "min": 0.2689655172413793,
        "all": [
            0.32413793103448274,
            0.31724137931034485,
            0.2827586206896552,
            0.27586206896551724,
            0.33793103448275863,
            0.3448275862068966,
            0.296551724137931,
            0.2689655172413793,
            0.296551724137931,
            0.32413793103448274
        ]
    },
    "4": {
        "mean": 0.3406896551724138,
        "max": 0.3793103448275862,
        "min": 0.30344827586206896,
        "all": [
            0.35172413793103446,
            0.3724137931034483,
            0.3448275862068966,
            0.3793103448275862,
            0.3310344827586207,
            0.3448275862068966,
            0.3448275862068966,
            0.3103448275862069,
            0.32413793103448274,
            0.30344827586206896
        ]
    },
    "8": {
        "mean": 0.3503448275862069,
        "max": 0.38620689655172413,
        "min": 0.3310344827586207,
        "all": [
            0.3310344827586207,
            0.3448275862068966,
            0.38620689655172413,
            0.3310344827586207,
            0.36551724137931035,
            0.3586206896551724,
            0.3310344827586207,
            0.3793103448275862,
            0.3448275862068966,
            0.3310344827586207
        ]
    },
    "16": {
        "mean": 0.3572413793103449,
        "max": 0.4,
        "min": 0.31724137931034485,
        "all": [
            0.3724137931034483,
            0.4,
            0.36551724137931035,
            0.3586206896551724,
            0.35172413793103446,
            0.33793103448275863,
            0.35172413793103446,
            0.33793103448275863,
            0.31724137931034485,
            0.3793103448275862
        ]
    },
    "32": {
        "mean": 0.36758620689655175,
        "max": 0.3931034482758621,
        "min": 0.3448275862068966,
        "all": [
            0.3586206896551724,
            0.36551724137931035,
            0.3448275862068966,
            0.3931034482758621,
            0.3724137931034483,
            0.36551724137931035,
            0.3586206896551724,
            0.35172413793103446,
            0.3793103448275862,
            0.38620689655172413
        ]
    },
    "64": {
        "mean": 0.36551724137931035,
        "max": 0.3793103448275862,
        "min": 0.3448275862068966,
        "all": [
            0.3724137931034483,
            0.3724137931034483,
            0.36551724137931035,
            0.3586206896551724,
            0.3586206896551724,
            0.3448275862068966,
            0.36551724137931035,
            0.3724137931034483,
            0.36551724137931035,
            0.3793103448275862
        ]
    },
    "128": {
        "mean": 0.3793103448275862,
        "max": 0.3793103448275862,
        "min": 0.3793103448275862,
        "all": [
            0.3793103448275862,
            0.3793103448275862,
            0.3793103448275862,
            0.3793103448275862,
            0.3793103448275862,
            0.3793103448275862,
            0.3793103448275862,
            0.3793103448275862,
            0.3793103448275862,
            0.3793103448275862
        ]
    }
}