{
    "1": {
        "mean": 0.5864285714285713,
        "max": 0.6071428571428571,
        "min": 0.5642857142857143,
        "all": [
            0.5714285714285714,
            0.5785714285714286,
            0.6,
            0.5928571428571429,
            0.5928571428571429,
            0.6,
            0.6071428571428571,
            0.5642857142857143,
            0.5928571428571429,
            0.5642857142857143
        ]
    },
    "2": {
        "mean": 0.5964285714285714,
        "max": 0.6428571428571429,
        "min": 0.5642857142857143,
        "all": [
            0.6428571428571429,
            0.5642857142857143,
            0.6071428571428571,
            0.5785714285714286,
            0.6285714285714286,
            0.6285714285714286,
            0.5642857142857143,
            0.5714285714285714,
            0.6071428571428571,
            0.5714285714285714
        ]
    },
    "4": {
        "mean": 0.6157142857142857,
        "max": 0.6428571428571429,
        "min": 0.5785714285714286,
        "all": [
            0.6071428571428571,
            0.6142857142857143,
            0.6071428571428571,
            0.6142857142857143,
            0.6214285714285714,
            0.6428571428571429,
            0.6285714285714286,
            0.6357142857142857,
            0.5785714285714286,
            0.6071428571428571
        ]
    },
    "8": {
        "mean": 0.6328571428571429,
        "max": 0.6642857142857143,
        "min": 0.6071428571428571,
        "all": [
            0.6071428571428571,
            0.6285714285714286,
            0.6285714285714286,
            0.65,
            0.6357142857142857,
            0.6142857142857143,
            0.6642857142857143,
            0.6214285714285714,
            0.6142857142857143,
            0.6642857142857143
        ]
    },
    "16": {
        "mean": 0.6507142857142858,
        "max": 0.6785714285714286,
        "min": 0.6357142857142857,
        "all": [
            0.6785714285714286,
            0.6357142857142857,
            0.6428571428571429,
            0.65,
            0.6357142857142857,
            0.6428571428571429,
            0.6357142857142857,
            0.6714285714285714,
            0.6785714285714286,
            0.6357142857142857
        ]
    },
    "32": {
        "mean": 0.6342857142857143,
        "max": 0.6642857142857143,
        "min": 0.6071428571428571,
        "all": [
            0.6285714285714286,
            0.6071428571428571,
            0.6642857142857143,
            0.6214285714285714,
            0.6428571428571429,
            0.65,
            0.6214285714285714,
            0.6357142857142857,
            0.6357142857142857,
            0.6357142857142857
        ]
    },
    "64": {
        "mean": 0.6342857142857142,
        "max": 0.65,
        "min": 0.6142857142857143,
        "all": [
            0.6357142857142857,
            0.6285714285714286,
            0.65,
            0.65,
            0.6142857142857143,
            0.6428571428571429,
            0.6214285714285714,
            0.6428571428571429,
            0.6142857142857143,
            0.6428571428571429
        ]
    },
    "128": {
        "mean": 0.6285714285714284,
        "max": 0.6285714285714286,
        "min": 0.6285714285714286,
        "all": [
            0.6285714285714286,
            0.6285714285714286,
            0.6285714285714286,
            0.6285714285714286,
            0.6285714285714286,
            0.6285714285714286,
            0.6285714285714286,
            0.6285714285714286,
            0.6285714285714286,
            0.6285714285714286
        ]
    }
}