{
    "1": {
        "mean": 0.45533333333333337,
        "max": 0.4866666666666667,
        "min": 0.43333333333333335,
        "all": [
            0.44666666666666666,
            0.4533333333333333,
            0.46,
            0.4666666666666667,
            0.43333333333333335,
            0.44,
            0.4866666666666667,
            0.43333333333333335,
            0.46,
            0.47333333333333333
        ]
    },
    "2": {
        "mean": 0.4493333333333333,
        "max": 0.4866666666666667,
        "min": 0.4066666666666667,
        "all": [
            0.44666666666666666,
            0.4533333333333333,
            0.4066666666666667,
            0.48,
            0.44,
            0.4533333333333333,
            0.4866666666666667,
            0.44,
            0.44,
            0.44666666666666666
        ]
    },
    "4": {
        "mean": 0.42266666666666663,
        "max": 0.4533333333333333,
        "min": 0.3933333333333333,
        "all": [
            0.4533333333333333,
            0.4,
            0.44,
            0.41333333333333333,
            0.44,
            0.3933333333333333,
            0.42,
            0.42,
            0.4066666666666667,
            0.44
        ]
    },
    "8": {
        "mean": 0.41000000000000003,
        "max": 0.43333333333333335,
        "min": 0.38666666666666666,
        "all": [
            0.42,
            0.4,
            0.4266666666666667,
            0.38666666666666666,
            0.41333333333333333,
            0.3933333333333333,
            0.4,
            0.41333333333333333,
            0.41333333333333333,
            0.43333333333333335
        ]
    },
    "16": {
        "mean": 0.394,
        "max": 0.43333333333333335,
        "min": 0.36,
        "all": [
            0.37333333333333335,
            0.38,
            0.3933333333333333,
            0.43333333333333335,
            0.38,
            0.4,
            0.36,
            0.4,
            0.41333333333333333,
            0.4066666666666667
        ]
    },
    "32": {
        "mean": 0.37533333333333335,
        "max": 0.41333333333333333,
        "min": 0.35333333333333333,
        "all": [
            0.35333333333333333,
            0.36666666666666664,
            0.35333333333333333,
            0.38666666666666666,
            0.41333333333333333,
            0.37333333333333335,
            0.37333333333333335,
            0.38,
            0.4,
            0.35333333333333333
        ]
    },
    "64": {
        "mean": 0.35533333333333333,
        "max": 0.38666666666666666,
        "min": 0.3333333333333333,
        "all": [
            0.34,
            0.36,
            0.3466666666666667,
            0.3333333333333333,
            0.35333333333333333,
            0.3466666666666667,
            0.3466666666666667,
            0.36666666666666664,
            0.38666666666666666,
            0.37333333333333335
        ]
    },
    "128": {
        "mean": 0.3533333333333334,
        "max": 0.35333333333333333,
        "min": 0.35333333333333333,
        "all": [
            0.35333333333333333,
            0.35333333333333333,
            0.35333333333333333,
            0.35333333333333333,
            0.35333333333333333,
            0.35333333333333333,
            0.35333333333333333,
            0.35333333333333333,
            0.35333333333333333,
            0.35333333333333333
        ]
    }
}