{
    "1": {
        "mean": 0.4174496644295302,
        "max": 0.4563758389261745,
        "min": 0.3691275167785235,
        "all": [
            0.4228187919463087,
            0.4228187919463087,
            0.3825503355704698,
            0.436241610738255,
            0.44966442953020136,
            0.38926174496644295,
            0.42953020134228187,
            0.3691275167785235,
            0.4161073825503356,
            0.4563758389261745
        ]
    },
    "2": {
        "mean": 0.44899328859060395,
        "max": 0.47651006711409394,
        "min": 0.38926174496644295,
        "all": [
            0.436241610738255,
            0.4563758389261745,
            0.436241610738255,
            0.4697986577181208,
            0.47651006711409394,
            0.44966442953020136,
            0.4429530201342282,
            0.38926174496644295,
            0.46308724832214765,
            0.4697986577181208
        ]
    },
    "4": {
        "mean": 0.44899328859060406,
        "max": 0.47651006711409394,
        "min": 0.4161073825503356,
        "all": [
            0.44966442953020136,
            0.42953020134228187,
            0.4429530201342282,
            0.4563758389261745,
            0.4697986577181208,
            0.4161073825503356,
            0.46308724832214765,
            0.47651006711409394,
            0.44966442953020136,
            0.436241610738255
        ]
    },
    "8": {
        "mean": 0.4523489932885907,
        "max": 0.48322147651006714,
        "min": 0.42953020134228187,
        "all": [
            0.48322147651006714,
            0.42953020134228187,
            0.4563758389261745,
            0.47651006711409394,
            0.4563758389261745,
            0.46308724832214765,
            0.4563758389261745,
            0.42953020134228187,
            0.42953020134228187,
            0.4429530201342282
        ]
    },
    "16": {
        "mean": 0.4523489932885907,
        "max": 0.48322147651006714,
        "min": 0.42953020134228187,
        "all": [
            0.47651006711409394,
            0.48322147651006714,
            0.42953020134228187,
            0.4697986577181208,
            0.4429530201342282,
            0.44966442953020136,
            0.4429530201342282,
            0.44966442953020136,
            0.436241610738255,
            0.4429530201342282
        ]
    },
    "32": {
        "mean": 0.4597315436241611,
        "max": 0.47651006711409394,
        "min": 0.4429530201342282,
        "all": [
            0.4563758389261745,
            0.47651006711409394,
            0.4563758389261745,
            0.4429530201342282,
            0.47651006711409394,
            0.4563758389261745,
            0.46308724832214765,
            0.4429530201342282,
            0.4563758389261745,
            0.4697986577181208
        ]
    },
    "64": {
        "mean": 0.4624161073825503,
        "max": 0.4899328859060403,
        "min": 0.4429530201342282,
        "all": [
            0.4563758389261745,
            0.46308724832214765,
            0.4697986577181208,
            0.4899328859060403,
            0.4697986577181208,
            0.4563758389261745,
            0.44966442953020136,
            0.4697986577181208,
            0.4563758389261745,
            0.4429530201342282
        ]
    },
    "128": {
        "mean": 0.46308724832214765,
        "max": 0.46308724832214765,
        "min": 0.46308724832214765,
        "all": [
            0.46308724832214765,
            0.46308724832214765,
            0.46308724832214765,
            0.46308724832214765,
            0.46308724832214765,
            0.46308724832214765,
            0.46308724832214765,
            0.46308724832214765,
            0.46308724832214765,
            0.46308724832214765
        ]
    }
}