{
    "1": {
        "mean": 0.4174496644295302,
        "max": 0.4563758389261745,
        "min": 0.3691275167785235,
        "all": [
            0.4228187919463087,
            0.4228187919463087,
            0.3825503355704698,
            0.436241610738255,
            0.44966442953020136,
            0.38926174496644295,
            0.42953020134228187,
            0.3691275167785235,
            0.4161073825503356,
            0.4563758389261745
        ]
    },
    "2": {
        "mean": 0.4228187919463088,
        "max": 0.4697986577181208,
        "min": 0.37583892617449666,
        "all": [
            0.40268456375838924,
            0.4161073825503356,
            0.40268456375838924,
            0.46308724832214765,
            0.4228187919463087,
            0.4161073825503356,
            0.4697986577181208,
            0.37583892617449666,
            0.4228187919463087,
            0.436241610738255
        ]
    },
    "4": {
        "mean": 0.43020134228187923,
        "max": 0.4697986577181208,
        "min": 0.38926174496644295,
        "all": [
            0.436241610738255,
            0.40939597315436244,
            0.4161073825503356,
            0.4429530201342282,
            0.4429530201342282,
            0.38926174496644295,
            0.42953020134228187,
            0.4697986577181208,
            0.4228187919463087,
            0.4429530201342282
        ]
    },
    "8": {
        "mean": 0.44429530201342277,
        "max": 0.46308724832214765,
        "min": 0.4228187919463087,
        "all": [
            0.46308724832214765,
            0.4429530201342282,
            0.4563758389261745,
            0.44966442953020136,
            0.4228187919463087,
            0.44966442953020136,
            0.436241610738255,
            0.4429530201342282,
            0.436241610738255,
            0.4429530201342282
        ]
    },
    "16": {
        "mean": 0.4503355704697986,
        "max": 0.48322147651006714,
        "min": 0.4228187919463087,
        "all": [
            0.4697986577181208,
            0.48322147651006714,
            0.4228187919463087,
            0.4563758389261745,
            0.4429530201342282,
            0.44966442953020136,
            0.46308724832214765,
            0.44966442953020136,
            0.4429530201342282,
            0.4228187919463087
        ]
    },
    "32": {
        "mean": 0.4597315436241611,
        "max": 0.47651006711409394,
        "min": 0.436241610738255,
        "all": [
            0.4563758389261745,
            0.47651006711409394,
            0.46308724832214765,
            0.436241610738255,
            0.46308724832214765,
            0.4563758389261745,
            0.4563758389261745,
            0.44966442953020136,
            0.4697986577181208,
            0.4697986577181208
        ]
    },
    "64": {
        "mean": 0.4550335570469798,
        "max": 0.48322147651006714,
        "min": 0.4429530201342282,
        "all": [
            0.44966442953020136,
            0.46308724832214765,
            0.4563758389261745,
            0.48322147651006714,
            0.4429530201342282,
            0.44966442953020136,
            0.4429530201342282,
            0.4563758389261745,
            0.46308724832214765,
            0.4429530201342282
        ]
    },
    "128": {
        "mean": 0.4697986577181208,
        "max": 0.4697986577181208,
        "min": 0.4697986577181208,
        "all": [
            0.4697986577181208,
            0.4697986577181208,
            0.4697986577181208,
            0.4697986577181208,
            0.4697986577181208,
            0.4697986577181208,
            0.4697986577181208,
            0.4697986577181208,
            0.4697986577181208,
            0.4697986577181208
        ]
    }
}