{
    "1": {
        "mean": 0.48119999999999996,
        "max": 0.502,
        "min": 0.452,
        "all": [
            0.48,
            0.47,
            0.474,
            0.452,
            0.474,
            0.498,
            0.488,
            0.472,
            0.502,
            0.502
        ]
    },
    "2": {
        "mean": 0.5551999999999999,
        "max": 0.58,
        "min": 0.536,
        "all": [
            0.556,
            0.558,
            0.558,
            0.56,
            0.556,
            0.552,
            0.542,
            0.554,
            0.536,
            0.58
        ]
    },
    "4": {
        "mean": 0.6038,
        "max": 0.624,
        "min": 0.582,
        "all": [
            0.606,
            0.608,
            0.6,
            0.596,
            0.624,
            0.596,
            0.62,
            0.596,
            0.582,
            0.61
        ]
    },
    "8": {
        "mean": 0.6404000000000001,
        "max": 0.65,
        "min": 0.63,
        "all": [
            0.632,
            0.638,
            0.648,
            0.646,
            0.634,
            0.63,
            0.638,
            0.638,
            0.65,
            0.65
        ]
    },
    "16": {
        "mean": 0.6728000000000001,
        "max": 0.692,
        "min": 0.658,
        "all": [
            0.67,
            0.674,
            0.692,
            0.688,
            0.668,
            0.672,
            0.66,
            0.658,
            0.68,
            0.666
        ]
    },
    "32": {
        "mean": 0.6878,
        "max": 0.7,
        "min": 0.666,
        "all": [
            0.666,
            0.69,
            0.7,
            0.686,
            0.69,
            0.698,
            0.682,
            0.678,
            0.696,
            0.692
        ]
    },
    "64": {
        "mean": 0.6956,
        "max": 0.708,
        "min": 0.688,
        "all": [
            0.704,
            0.694,
            0.688,
            0.696,
            0.694,
            0.694,
            0.698,
            0.69,
            0.69,
            0.708
        ]
    },
    "100": {
        "mean": 0.6980000000000001,
        "max": 0.698,
        "min": 0.698,
        "all": [
            0.698,
            0.698,
            0.698,
            0.698,
            0.698,
            0.698,
            0.698,
            0.698,
            0.698,
            0.698
        ]
    }
}