{
    "1": {
        "mean": 0.48119999999999996,
        "max": 0.502,
        "min": 0.452,
        "all": [
            0.48,
            0.47,
            0.474,
            0.452,
            0.474,
            0.498,
            0.488,
            0.472,
            0.502,
            0.502
        ]
    },
    "2": {
        "mean": 0.5668,
        "max": 0.588,
        "min": 0.548,
        "all": [
            0.566,
            0.58,
            0.558,
            0.562,
            0.566,
            0.562,
            0.572,
            0.566,
            0.548,
            0.588
        ]
    },
    "4": {
        "mean": 0.6304000000000001,
        "max": 0.65,
        "min": 0.618,
        "all": [
            0.626,
            0.626,
            0.618,
            0.636,
            0.634,
            0.632,
            0.65,
            0.626,
            0.618,
            0.638
        ]
    },
    "8": {
        "mean": 0.6798,
        "max": 0.696,
        "min": 0.654,
        "all": [
            0.672,
            0.684,
            0.69,
            0.68,
            0.684,
            0.684,
            0.668,
            0.654,
            0.696,
            0.686
        ]
    },
    "16": {
        "mean": 0.7212,
        "max": 0.734,
        "min": 0.7,
        "all": [
            0.734,
            0.714,
            0.73,
            0.728,
            0.7,
            0.718,
            0.722,
            0.722,
            0.732,
            0.712
        ]
    },
    "32": {
        "mean": 0.7436,
        "max": 0.758,
        "min": 0.734,
        "all": [
            0.74,
            0.74,
            0.748,
            0.74,
            0.74,
            0.75,
            0.734,
            0.74,
            0.758,
            0.746
        ]
    },
    "64": {
        "mean": 0.749,
        "max": 0.756,
        "min": 0.744,
        "all": [
            0.756,
            0.748,
            0.748,
            0.746,
            0.744,
            0.75,
            0.75,
            0.748,
            0.75,
            0.75
        ]
    },
    "100": {
        "mean": 0.7460000000000001,
        "max": 0.746,
        "min": 0.746,
        "all": [
            0.746,
            0.746,
            0.746,
            0.746,
            0.746,
            0.746,
            0.746,
            0.746,
            0.746,
            0.746
        ]
    }
}