{
    "1": {
        "mean": 0.5248322147651007,
        "max": 0.5369127516778524,
        "min": 0.48322147651006714,
        "all": [
            0.5302013422818792,
            0.5369127516778524,
            0.5234899328859061,
            0.5302013422818792,
            0.5369127516778524,
            0.5369127516778524,
            0.5302013422818792,
            0.48322147651006714,
            0.5167785234899329,
            0.5234899328859061
        ]
    },
    "2": {
        "mean": 0.548993288590604,
        "max": 0.5906040268456376,
        "min": 0.5033557046979866,
        "all": [
            0.5570469798657718,
            0.5503355704697986,
            0.5704697986577181,
            0.5234899328859061,
            0.5234899328859061,
            0.5033557046979866,
            0.5637583892617449,
            0.5570469798657718,
            0.5503355704697986,
            0.5906040268456376
        ]
    },
    "4": {
        "mean": 0.6040268456375839,
        "max": 0.6375838926174496,
        "min": 0.5771812080536913,
        "all": [
            0.6040268456375839,
            0.5838926174496645,
            0.5973154362416108,
            0.6308724832214765,
            0.6040268456375839,
            0.5973154362416108,
            0.6375838926174496,
            0.6241610738255033,
            0.5838926174496645,
            0.5771812080536913
        ]
    },
    "8": {
        "mean": 0.6181208053691275,
        "max": 0.6308724832214765,
        "min": 0.5973154362416108,
        "all": [
            0.6241610738255033,
            0.5973154362416108,
            0.6241610738255033,
            0.6241610738255033,
            0.5973154362416108,
            0.610738255033557,
            0.6308724832214765,
            0.6308724832214765,
            0.610738255033557,
            0.6308724832214765
        ]
    },
    "16": {
        "mean": 0.6248322147651006,
        "max": 0.6577181208053692,
        "min": 0.5906040268456376,
        "all": [
            0.610738255033557,
            0.6241610738255033,
            0.6375838926174496,
            0.6308724832214765,
            0.6040268456375839,
            0.6577181208053692,
            0.6241610738255033,
            0.5906040268456376,
            0.6241610738255033,
            0.6442953020134228
        ]
    },
    "32": {
        "mean": 0.6456375838926175,
        "max": 0.6711409395973155,
        "min": 0.6241610738255033,
        "all": [
            0.6308724832214765,
            0.6308724832214765,
            0.6510067114093959,
            0.6442953020134228,
            0.6711409395973155,
            0.6241610738255033,
            0.6375838926174496,
            0.6577181208053692,
            0.6510067114093959,
            0.6577181208053692
        ]
    },
    "64": {
        "mean": 0.6402684563758388,
        "max": 0.6577181208053692,
        "min": 0.6174496644295302,
        "all": [
            0.6577181208053692,
            0.6510067114093959,
            0.6442953020134228,
            0.6174496644295302,
            0.6375838926174496,
            0.6442953020134228,
            0.6510067114093959,
            0.6308724832214765,
            0.6241610738255033,
            0.6442953020134228
        ]
    },
    "128": {
        "mean": 0.6442953020134228,
        "max": 0.6442953020134228,
        "min": 0.6442953020134228,
        "all": [
            0.6442953020134228,
            0.6442953020134228,
            0.6442953020134228,
            0.6442953020134228,
            0.6442953020134228,
            0.6442953020134228,
            0.6442953020134228,
            0.6442953020134228,
            0.6442953020134228,
            0.6442953020134228
        ]
    }
}