{
    "1": {
        "mean": 0.48133333333333334,
        "max": 0.52,
        "min": 0.43333333333333335,
        "all": [
            0.5,
            0.46,
            0.5066666666666667,
            0.43333333333333335,
            0.5,
            0.49333333333333335,
            0.44666666666666666,
            0.52,
            0.4533333333333333,
            0.5
        ]
    },
    "2": {
        "mean": 0.5193333333333333,
        "max": 0.54,
        "min": 0.49333333333333335,
        "all": [
            0.5333333333333333,
            0.54,
            0.5333333333333333,
            0.52,
            0.5266666666666666,
            0.5066666666666667,
            0.5066666666666667,
            0.5066666666666667,
            0.49333333333333335,
            0.5266666666666666
        ]
    },
    "4": {
        "mean": 0.5486666666666667,
        "max": 0.5733333333333334,
        "min": 0.52,
        "all": [
            0.52,
            0.5466666666666666,
            0.5733333333333334,
            0.5466666666666666,
            0.5666666666666667,
            0.56,
            0.5333333333333333,
            0.5333333333333333,
            0.5533333333333333,
            0.5533333333333333
        ]
    },
    "8": {
        "mean": 0.5713333333333334,
        "max": 0.6,
        "min": 0.54,
        "all": [
            0.5533333333333333,
            0.5733333333333334,
            0.6,
            0.54,
            0.5666666666666667,
            0.5866666666666667,
            0.5933333333333334,
            0.5666666666666667,
            0.58,
            0.5533333333333333
        ]
    },
    "16": {
        "mean": 0.5820000000000001,
        "max": 0.6266666666666667,
        "min": 0.56,
        "all": [
            0.6,
            0.5666666666666667,
            0.58,
            0.6266666666666667,
            0.56,
            0.5733333333333334,
            0.5733333333333334,
            0.5733333333333334,
            0.5933333333333334,
            0.5733333333333334
        ]
    },
    "32": {
        "mean": 0.6,
        "max": 0.6266666666666667,
        "min": 0.58,
        "all": [
            0.6066666666666667,
            0.6266666666666667,
            0.6,
            0.5866666666666667,
            0.5933333333333334,
            0.6066666666666667,
            0.58,
            0.6,
            0.6066666666666667,
            0.5933333333333334
        ]
    },
    "64": {
        "mean": 0.5846666666666668,
        "max": 0.6,
        "min": 0.56,
        "all": [
            0.56,
            0.5866666666666667,
            0.5933333333333334,
            0.58,
            0.5866666666666667,
            0.5933333333333334,
            0.6,
            0.5666666666666667,
            0.5866666666666667,
            0.5933333333333334
        ]
    },
    "128": {
        "mean": 0.5866666666666667,
        "max": 0.5866666666666667,
        "min": 0.5866666666666667,
        "all": [
            0.5866666666666667,
            0.5866666666666667,
            0.5866666666666667,
            0.5866666666666667,
            0.5866666666666667,
            0.5866666666666667,
            0.5866666666666667,
            0.5866666666666667,
            0.5866666666666667,
            0.5866666666666667
        ]
    }
}