{
    "1": {
        "mean": 0.31517241379310346,
        "max": 0.3448275862068966,
        "min": 0.2620689655172414,
        "all": [
            0.3448275862068966,
            0.2827586206896552,
            0.2689655172413793,
            0.33793103448275863,
            0.3310344827586207,
            0.2620689655172414,
            0.31724137931034485,
            0.3310344827586207,
            0.3310344827586207,
            0.3448275862068966
        ]
    },
    "2": {
        "mean": 0.31862068965517243,
        "max": 0.35172413793103446,
        "min": 0.2896551724137931,
        "all": [
            0.35172413793103446,
            0.3310344827586207,
            0.3310344827586207,
            0.31724137931034485,
            0.32413793103448274,
            0.3103448275862069,
            0.2896551724137931,
            0.31724137931034485,
            0.296551724137931,
            0.31724137931034485
        ]
    },
    "4": {
        "mean": 0.33379310344827584,
        "max": 0.4,
        "min": 0.27586206896551724,
        "all": [
            0.3586206896551724,
            0.296551724137931,
            0.35172413793103446,
            0.4,
            0.32413793103448274,
            0.27586206896551724,
            0.33793103448275863,
            0.3310344827586207,
            0.3310344827586207,
            0.3310344827586207
        ]
    },
    "8": {
        "mean": 0.3193103448275862,
        "max": 0.3586206896551724,
        "min": 0.2827586206896552,
        "all": [
            0.30344827586206896,
            0.2827586206896552,
            0.33793103448275863,
            0.3310344827586207,
            0.30344827586206896,
            0.32413793103448274,
            0.30344827586206896,
            0.33793103448275863,
            0.3103448275862069,
            0.3586206896551724
        ]
    },
    "16": {
        "mean": 0.31241379310344825,
        "max": 0.3448275862068966,
        "min": 0.2896551724137931,
        "all": [
            0.31724137931034485,
            0.3310344827586207,
            0.3103448275862069,
            0.3103448275862069,
            0.3103448275862069,
            0.296551724137931,
            0.2896551724137931,
            0.3448275862068966,
            0.296551724137931,
            0.31724137931034485
        ]
    },
    "32": {
        "mean": 0.30344827586206896,
        "max": 0.3310344827586207,
        "min": 0.2689655172413793,
        "all": [
            0.296551724137931,
            0.3310344827586207,
            0.2896551724137931,
            0.32413793103448274,
            0.3103448275862069,
            0.3103448275862069,
            0.2689655172413793,
            0.2827586206896552,
            0.296551724137931,
            0.32413793103448274
        ]
    },
    "64": {
        "mean": 0.3062068965517241,
        "max": 0.32413793103448274,
        "min": 0.2896551724137931,
        "all": [
            0.30344827586206896,
            0.3103448275862069,
            0.2896551724137931,
            0.30344827586206896,
            0.3103448275862069,
            0.32413793103448274,
            0.296551724137931,
            0.3103448275862069,
            0.3103448275862069,
            0.30344827586206896
        ]
    },
    "128": {
        "mean": 0.296551724137931,
        "max": 0.296551724137931,
        "min": 0.296551724137931,
        "all": [
            0.296551724137931,
            0.296551724137931,
            0.296551724137931,
            0.296551724137931,
            0.296551724137931,
            0.296551724137931,
            0.296551724137931,
            0.296551724137931,
            0.296551724137931,
            0.296551724137931
        ]
    }
}