{
    "1": {
        "mean": 0.3786666666666667,
        "max": 0.4666666666666667,
        "min": 0.31333333333333335,
        "all": [
            0.34,
            0.4066666666666667,
            0.3333333333333333,
            0.41333333333333333,
            0.4666666666666667,
            0.31333333333333335,
            0.38,
            0.32666666666666666,
            0.41333333333333333,
            0.3933333333333333
        ]
    },
    "2": {
        "mean": 0.4793333333333333,
        "max": 0.5466666666666666,
        "min": 0.4066666666666667,
        "all": [
            0.4533333333333333,
            0.47333333333333333,
            0.4066666666666667,
            0.5466666666666666,
            0.48,
            0.47333333333333333,
            0.5066666666666667,
            0.4666666666666667,
            0.54,
            0.44666666666666666
        ]
    },
    "4": {
        "mean": 0.5660000000000001,
        "max": 0.6133333333333333,
        "min": 0.5466666666666666,
        "all": [
            0.56,
            0.5533333333333333,
            0.6,
            0.56,
            0.6133333333333333,
            0.5466666666666666,
            0.56,
            0.5533333333333333,
            0.56,
            0.5533333333333333
        ]
    },
    "8": {
        "mean": 0.6326666666666666,
        "max": 0.6733333333333333,
        "min": 0.5866666666666667,
        "all": [
            0.6733333333333333,
            0.6066666666666667,
            0.66,
            0.5866666666666667,
            0.62,
            0.6733333333333333,
            0.62,
            0.62,
            0.6333333333333333,
            0.6333333333333333
        ]
    },
    "16": {
        "mean": 0.6646666666666666,
        "max": 0.6866666666666666,
        "min": 0.6466666666666666,
        "all": [
            0.6533333333333333,
            0.6666666666666666,
            0.6666666666666666,
            0.6866666666666666,
            0.68,
            0.68,
            0.6466666666666666,
            0.6533333333333333,
            0.6666666666666666,
            0.6466666666666666
        ]
    },
    "32": {
        "mean": 0.6746666666666667,
        "max": 0.7066666666666667,
        "min": 0.6466666666666666,
        "all": [
            0.6733333333333333,
            0.68,
            0.6466666666666666,
            0.68,
            0.6733333333333333,
            0.6733333333333333,
            0.6733333333333333,
            0.66,
            0.7066666666666667,
            0.68
        ]
    },
    "64": {
        "mean": 0.6853333333333333,
        "max": 0.7066666666666667,
        "min": 0.6666666666666666,
        "all": [
            0.6666666666666666,
            0.68,
            0.7066666666666667,
            0.6733333333333333,
            0.6666666666666666,
            0.6866666666666666,
            0.7,
            0.68,
            0.6933333333333334,
            0.7
        ]
    },
    "128": {
        "mean": 0.6933333333333334,
        "max": 0.6933333333333334,
        "min": 0.6933333333333334,
        "all": [
            0.6933333333333334,
            0.6933333333333334,
            0.6933333333333334,
            0.6933333333333334,
            0.6933333333333334,
            0.6933333333333334,
            0.6933333333333334,
            0.6933333333333334,
            0.6933333333333334,
            0.6933333333333334
        ]
    }
}