{
    "1": {
        "mean": 0.3786666666666667,
        "max": 0.4666666666666667,
        "min": 0.31333333333333335,
        "all": [
            0.34,
            0.4066666666666667,
            0.3333333333333333,
            0.41333333333333333,
            0.4666666666666667,
            0.31333333333333335,
            0.38,
            0.32666666666666666,
            0.41333333333333333,
            0.3933333333333333
        ]
    },
    "2": {
        "mean": 0.48200000000000004,
        "max": 0.5333333333333333,
        "min": 0.42,
        "all": [
            0.47333333333333333,
            0.48,
            0.42,
            0.5333333333333333,
            0.48,
            0.48,
            0.5333333333333333,
            0.4666666666666667,
            0.5333333333333333,
            0.42
        ]
    },
    "4": {
        "mean": 0.5566666666666668,
        "max": 0.62,
        "min": 0.52,
        "all": [
            0.5533333333333333,
            0.56,
            0.5533333333333333,
            0.5333333333333333,
            0.62,
            0.5733333333333334,
            0.5466666666666666,
            0.5533333333333333,
            0.52,
            0.5533333333333333
        ]
    },
    "8": {
        "mean": 0.614,
        "max": 0.6533333333333333,
        "min": 0.5733333333333334,
        "all": [
            0.6133333333333333,
            0.5933333333333334,
            0.64,
            0.5733333333333334,
            0.6133333333333333,
            0.6533333333333333,
            0.62,
            0.6,
            0.5933333333333334,
            0.64
        ]
    },
    "16": {
        "mean": 0.6279999999999999,
        "max": 0.68,
        "min": 0.6,
        "all": [
            0.6266666666666667,
            0.6466666666666666,
            0.6,
            0.68,
            0.62,
            0.6266666666666667,
            0.6133333333333333,
            0.62,
            0.6133333333333333,
            0.6333333333333333
        ]
    },
    "32": {
        "mean": 0.618,
        "max": 0.6733333333333333,
        "min": 0.5666666666666667,
        "all": [
            0.5733333333333334,
            0.6133333333333333,
            0.6133333333333333,
            0.62,
            0.5666666666666667,
            0.6133333333333333,
            0.6066666666666667,
            0.6666666666666666,
            0.6333333333333333,
            0.6733333333333333
        ]
    },
    "64": {
        "mean": 0.614,
        "max": 0.66,
        "min": 0.5866666666666667,
        "all": [
            0.6133333333333333,
            0.6266666666666667,
            0.6133333333333333,
            0.6066666666666667,
            0.5866666666666667,
            0.6,
            0.64,
            0.5933333333333334,
            0.6,
            0.66
        ]
    },
    "128": {
        "mean": 0.62,
        "max": 0.62,
        "min": 0.62,
        "all": [
            0.62,
            0.62,
            0.62,
            0.62,
            0.62,
            0.62,
            0.62,
            0.62,
            0.62,
            0.62
        ]
    }
}