{
    "1": {
        "mean": 0.33333333333333337,
        "max": 0.38666666666666666,
        "min": 0.29333333333333333,
        "all": [
            0.31333333333333335,
            0.36666666666666664,
            0.32666666666666666,
            0.38666666666666666,
            0.35333333333333333,
            0.34,
            0.30666666666666664,
            0.32,
            0.32666666666666666,
            0.29333333333333333
        ]
    },
    "2": {
        "mean": 0.40599999999999997,
        "max": 0.44666666666666666,
        "min": 0.35333333333333333,
        "all": [
            0.4066666666666667,
            0.4,
            0.4066666666666667,
            0.42,
            0.38666666666666666,
            0.35333333333333333,
            0.4266666666666667,
            0.38,
            0.44666666666666666,
            0.43333333333333335
        ]
    },
    "4": {
        "mean": 0.4173333333333334,
        "max": 0.48,
        "min": 0.38,
        "all": [
            0.4066666666666667,
            0.48,
            0.4066666666666667,
            0.38666666666666666,
            0.44,
            0.41333333333333333,
            0.38,
            0.4266666666666667,
            0.3933333333333333,
            0.44
        ]
    },
    "8": {
        "mean": 0.41666666666666663,
        "max": 0.4666666666666667,
        "min": 0.38666666666666666,
        "all": [
            0.42,
            0.3933333333333333,
            0.4,
            0.38666666666666666,
            0.4,
            0.44666666666666666,
            0.4666666666666667,
            0.4266666666666667,
            0.42,
            0.4066666666666667
        ]
    },
    "16": {
        "mean": 0.44800000000000006,
        "max": 0.5133333333333333,
        "min": 0.38666666666666666,
        "all": [
            0.46,
            0.46,
            0.41333333333333333,
            0.48,
            0.44666666666666666,
            0.44666666666666666,
            0.4066666666666667,
            0.38666666666666666,
            0.5133333333333333,
            0.4666666666666667
        ]
    },
    "32": {
        "mean": 0.44266666666666665,
        "max": 0.48,
        "min": 0.4066666666666667,
        "all": [
            0.42,
            0.4266666666666667,
            0.48,
            0.4266666666666667,
            0.48,
            0.4266666666666667,
            0.4066666666666667,
            0.4266666666666667,
            0.4666666666666667,
            0.4666666666666667
        ]
    },
    "64": {
        "mean": 0.44466666666666665,
        "max": 0.4666666666666667,
        "min": 0.42,
        "all": [
            0.44666666666666666,
            0.4533333333333333,
            0.4266666666666667,
            0.42,
            0.43333333333333335,
            0.4666666666666667,
            0.44666666666666666,
            0.46,
            0.4266666666666667,
            0.4666666666666667
        ]
    },
    "128": {
        "mean": 0.4333333333333334,
        "max": 0.43333333333333335,
        "min": 0.43333333333333335,
        "all": [
            0.43333333333333335,
            0.43333333333333335,
            0.43333333333333335,
            0.43333333333333335,
            0.43333333333333335,
            0.43333333333333335,
            0.43333333333333335,
            0.43333333333333335,
            0.43333333333333335,
            0.43333333333333335
        ]
    }
}