{
    "1": {
        "mean": 0.4815317498788172,
        "max": 0.4968492486669898,
        "min": 0.4692195831313621,
        "all": [
            0.4968492486669898,
            0.47649054774600097,
            0.48618516723218613,
            0.4881240911294232,
            0.48327678138633057,
            0.48327678138633057,
            0.4774600096946195,
            0.4774600096946195,
            0.4769752787203102,
            0.4692195831313621
        ]
    },
    "2": {
        "mean": 0.5125060591371788,
        "max": 0.5307804168686379,
        "min": 0.5016965584100824,
        "all": [
            0.5201163354338342,
            0.5191468734852157,
            0.5201163354338342,
            0.5089675230247213,
            0.5021812893843917,
            0.5016965584100824,
            0.5031507513330101,
            0.5307804168686379,
            0.5128453708191953,
            0.5060591371788657
        ]
    },
    "4": {
        "mean": 0.5379544352884149,
        "max": 0.5525933107125546,
        "min": 0.5307804168686379,
        "all": [
            0.5336888027144935,
            0.5332040717401842,
            0.5307804168686379,
            0.5390208434318953,
            0.5370819195346582,
            0.5399903053805138,
            0.5395055744062045,
            0.5375666505089676,
            0.5361124575860398,
            0.5525933107125546
        ]
    },
    "8": {
        "mean": 0.5486669898206495,
        "max": 0.5569558894813379,
        "min": 0.5375666505089676,
        "all": [
            0.5521085797382452,
            0.5453223460979156,
            0.5559864275327193,
            0.5506543868153175,
            0.5492001938923897,
            0.553562772661173,
            0.5569558894813379,
            0.5419292292777509,
            0.5375666505089676,
            0.5433834222006786
        ]
    },
    "16": {
        "mean": 0.5540959767329132,
        "max": 0.5622879301987397,
        "min": 0.5433834222006786,
        "all": [
            0.5559864275327193,
            0.5555016965584101,
            0.5584100824042656,
            0.5433834222006786,
            0.5525933107125546,
            0.5477460009694619,
            0.5588948133785749,
            0.5492001938923897,
            0.5569558894813379,
            0.5622879301987397
        ]
    },
    "32": {
        "mean": 0.5595249636451769,
        "max": 0.5642268540959767,
        "min": 0.5540475036354823,
        "all": [
            0.5588948133785749,
            0.5540475036354823,
            0.5613184682501212,
            0.5569558894813379,
            0.5618031992244304,
            0.5579253514299564,
            0.5608337372758119,
            0.5627726611730489,
            0.5642268540959767,
            0.5564711585070286
        ]
    },
    "64": {
        "mean": 0.5647600581677168,
        "max": 0.5700436257876879,
        "min": 0.5584100824042656,
        "all": [
            0.5651963160445953,
            0.5622879301987397,
            0.5651963160445953,
            0.5695588948133786,
            0.5627726611730489,
            0.566650508967523,
            0.5584100824042656,
            0.5622879301987397,
            0.5651963160445953,
            0.5700436257876879
        ]
    },
    "128": {
        "mean": 0.562094037809016,
        "max": 0.5622879301987397,
        "min": 0.5618031992244304,
        "all": [
            0.5622879301987397,
            0.5618031992244304,
            0.5618031992244304,
            0.5622879301987397,
            0.5622879301987397,
            0.5618031992244304,
            0.5622879301987397,
            0.5622879301987397,
            0.5622879301987397,
            0.5618031992244304
        ]
    }
}