{
    "1": {
        "mean": 0.4815317498788172,
        "max": 0.4968492486669898,
        "min": 0.4692195831313621,
        "all": [
            0.4968492486669898,
            0.47649054774600097,
            0.48618516723218613,
            0.4881240911294232,
            0.48327678138633057,
            0.48327678138633057,
            0.4774600096946195,
            0.4774600096946195,
            0.4769752787203102,
            0.4692195831313621
        ]
    },
    "2": {
        "mean": 0.5143480368395541,
        "max": 0.5283567619970916,
        "min": 0.5026660203587009,
        "all": [
            0.5118759088705769,
            0.5264178380998545,
            0.5133301017935046,
            0.5026660203587009,
            0.5147842947164324,
            0.5123606398448861,
            0.5094522539990305,
            0.5283567619970916,
            0.5172079495879787,
            0.5070285991274842
        ]
    },
    "4": {
        "mean": 0.543819680077557,
        "max": 0.5501696558410082,
        "min": 0.5293262239457102,
        "all": [
            0.5409597673291323,
            0.5458070770722249,
            0.5293262239457102,
            0.5477460009694619,
            0.549684924866699,
            0.5462918080465342,
            0.5472612699951527,
            0.5380513814832768,
            0.5428986912263694,
            0.5501696558410082
        ]
    },
    "8": {
        "mean": 0.5507513330101793,
        "max": 0.5593795443528842,
        "min": 0.5399903053805138,
        "all": [
            0.553562772661173,
            0.5458070770722249,
            0.5555016965584101,
            0.5399903053805138,
            0.5506543868153175,
            0.5588948133785749,
            0.5593795443528842,
            0.5588948133785749,
            0.5438681531749879,
            0.5409597673291323
        ]
    },
    "16": {
        "mean": 0.5638390693165294,
        "max": 0.5753756665050896,
        "min": 0.5492001938923897,
        "all": [
            0.5603490063015026,
            0.5753756665050896,
            0.553562772661173,
            0.5642268540959767,
            0.5642268540959767,
            0.5492001938923897,
            0.5695588948133786,
            0.5579253514299564,
            0.5690741638390693,
            0.5748909355307804
        ]
    },
    "32": {
        "mean": 0.5633543383422199,
        "max": 0.5690741638390693,
        "min": 0.5540475036354823,
        "all": [
            0.5627726611730489,
            0.5681047018904508,
            0.5637421231216675,
            0.5661657779932138,
            0.5681047018904508,
            0.5540475036354823,
            0.5622879301987397,
            0.5603490063015026,
            0.5588948133785749,
            0.5690741638390693
        ]
    },
    "64": {
        "mean": 0.5663596703829374,
        "max": 0.5734367426078526,
        "min": 0.5603490063015026,
        "all": [
            0.5622879301987397,
            0.5705283567619971,
            0.5734367426078526,
            0.5656810470189045,
            0.5700436257876879,
            0.5690741638390693,
            0.5603490063015026,
            0.56858943286476,
            0.5632573921473583,
            0.5603490063015026
        ]
    },
    "128": {
        "mean": 0.5705283567619971,
        "max": 0.5705283567619971,
        "min": 0.5705283567619971,
        "all": [
            0.5705283567619971,
            0.5705283567619971,
            0.5705283567619971,
            0.5705283567619971,
            0.5705283567619971,
            0.5705283567619971,
            0.5705283567619971,
            0.5705283567619971,
            0.5705283567619971,
            0.5705283567619971
        ]
    }
}