{
    "1": {
        "mean": 0.31517241379310346,
        "max": 0.3448275862068966,
        "min": 0.2620689655172414,
        "all": [
            0.3448275862068966,
            0.2827586206896552,
            0.2689655172413793,
            0.33793103448275863,
            0.3310344827586207,
            0.2620689655172414,
            0.31724137931034485,
            0.3310344827586207,
            0.3310344827586207,
            0.3448275862068966
        ]
    },
    "2": {
        "mean": 0.3696551724137931,
        "max": 0.41379310344827586,
        "min": 0.3310344827586207,
        "all": [
            0.3448275862068966,
            0.41379310344827586,
            0.3586206896551724,
            0.3310344827586207,
            0.4068965517241379,
            0.3724137931034483,
            0.3793103448275862,
            0.33793103448275863,
            0.41379310344827586,
            0.33793103448275863
        ]
    },
    "4": {
        "mean": 0.3875862068965517,
        "max": 0.41379310344827586,
        "min": 0.36551724137931035,
        "all": [
            0.41379310344827586,
            0.41379310344827586,
            0.3724137931034483,
            0.38620689655172413,
            0.4068965517241379,
            0.36551724137931035,
            0.3793103448275862,
            0.36551724137931035,
            0.38620689655172413,
            0.38620689655172413
        ]
    },
    "8": {
        "mean": 0.3972413793103448,
        "max": 0.43448275862068964,
        "min": 0.33793103448275863,
        "all": [
            0.33793103448275863,
            0.3448275862068966,
            0.43448275862068964,
            0.3931034482758621,
            0.41379310344827586,
            0.4206896551724138,
            0.4,
            0.43448275862068964,
            0.41379310344827586,
            0.3793103448275862
        ]
    },
    "16": {
        "mean": 0.41034482758620694,
        "max": 0.4206896551724138,
        "min": 0.38620689655172413,
        "all": [
            0.4068965517241379,
            0.4206896551724138,
            0.4206896551724138,
            0.4206896551724138,
            0.41379310344827586,
            0.4068965517241379,
            0.3931034482758621,
            0.38620689655172413,
            0.4206896551724138,
            0.41379310344827586
        ]
    },
    "32": {
        "mean": 0.4068965517241379,
        "max": 0.4206896551724138,
        "min": 0.38620689655172413,
        "all": [
            0.38620689655172413,
            0.4068965517241379,
            0.4068965517241379,
            0.4206896551724138,
            0.4,
            0.41379310344827586,
            0.41379310344827586,
            0.4068965517241379,
            0.4,
            0.41379310344827586
        ]
    },
    "64": {
        "mean": 0.4137931034482759,
        "max": 0.42758620689655175,
        "min": 0.3931034482758621,
        "all": [
            0.41379310344827586,
            0.41379310344827586,
            0.42758620689655175,
            0.3931034482758621,
            0.4068965517241379,
            0.42758620689655175,
            0.4206896551724138,
            0.41379310344827586,
            0.4068965517241379,
            0.41379310344827586
        ]
    },
    "128": {
        "mean": 0.4137931034482759,
        "max": 0.41379310344827586,
        "min": 0.41379310344827586,
        "all": [
            0.41379310344827586,
            0.41379310344827586,
            0.41379310344827586,
            0.41379310344827586,
            0.41379310344827586,
            0.41379310344827586,
            0.41379310344827586,
            0.41379310344827586,
            0.41379310344827586,
            0.41379310344827586
        ]
    }
}