{
    "1": {
        "mean": 0.3786666666666667,
        "max": 0.4666666666666667,
        "min": 0.31333333333333335,
        "all": [
            0.34,
            0.4066666666666667,
            0.3333333333333333,
            0.41333333333333333,
            0.4666666666666667,
            0.31333333333333335,
            0.38,
            0.32666666666666666,
            0.41333333333333333,
            0.3933333333333333
        ]
    },
    "2": {
        "mean": 0.4726666666666667,
        "max": 0.5333333333333333,
        "min": 0.42,
        "all": [
            0.4666666666666667,
            0.46,
            0.42,
            0.5333333333333333,
            0.48,
            0.47333333333333333,
            0.5,
            0.44,
            0.5266666666666666,
            0.4266666666666667
        ]
    },
    "4": {
        "mean": 0.5253333333333332,
        "max": 0.5466666666666666,
        "min": 0.49333333333333335,
        "all": [
            0.52,
            0.5466666666666666,
            0.5466666666666666,
            0.49333333333333335,
            0.52,
            0.5266666666666666,
            0.5333333333333333,
            0.52,
            0.5266666666666666,
            0.52
        ]
    },
    "8": {
        "mean": 0.5613333333333334,
        "max": 0.6,
        "min": 0.49333333333333335,
        "all": [
            0.5666666666666667,
            0.5733333333333334,
            0.6,
            0.49333333333333335,
            0.5733333333333334,
            0.5666666666666667,
            0.5466666666666666,
            0.5533333333333333,
            0.5666666666666667,
            0.5733333333333334
        ]
    },
    "16": {
        "mean": 0.582,
        "max": 0.6133333333333333,
        "min": 0.5466666666666666,
        "all": [
            0.6133333333333333,
            0.5866666666666667,
            0.56,
            0.5933333333333334,
            0.5666666666666667,
            0.5466666666666666,
            0.5933333333333334,
            0.5866666666666667,
            0.5733333333333334,
            0.6
        ]
    },
    "32": {
        "mean": 0.5666666666666667,
        "max": 0.62,
        "min": 0.54,
        "all": [
            0.5666666666666667,
            0.62,
            0.54,
            0.54,
            0.56,
            0.5733333333333334,
            0.56,
            0.5733333333333334,
            0.58,
            0.5533333333333333
        ]
    },
    "64": {
        "mean": 0.5660000000000001,
        "max": 0.5933333333333334,
        "min": 0.54,
        "all": [
            0.5733333333333334,
            0.5933333333333334,
            0.58,
            0.58,
            0.56,
            0.56,
            0.58,
            0.54,
            0.5533333333333333,
            0.54
        ]
    },
    "128": {
        "mean": 0.58,
        "max": 0.58,
        "min": 0.58,
        "all": [
            0.58,
            0.58,
            0.58,
            0.58,
            0.58,
            0.58,
            0.58,
            0.58,
            0.58,
            0.58
        ]
    }
}