{
    "1": {
        "mean": 0.4174496644295302,
        "max": 0.4563758389261745,
        "min": 0.3691275167785235,
        "all": [
            0.4228187919463087,
            0.4228187919463087,
            0.3825503355704698,
            0.436241610738255,
            0.44966442953020136,
            0.38926174496644295,
            0.42953020134228187,
            0.3691275167785235,
            0.4161073825503356,
            0.4563758389261745
        ]
    },
    "2": {
        "mean": 0.4422818791946309,
        "max": 0.4966442953020134,
        "min": 0.35570469798657717,
        "all": [
            0.44966442953020136,
            0.44966442953020136,
            0.44966442953020136,
            0.4966442953020134,
            0.46308724832214765,
            0.436241610738255,
            0.436241610738255,
            0.35570469798657717,
            0.4563758389261745,
            0.42953020134228187
        ]
    },
    "4": {
        "mean": 0.45302013422818793,
        "max": 0.5302013422818792,
        "min": 0.4161073825503356,
        "all": [
            0.46308724832214765,
            0.4429530201342282,
            0.4161073825503356,
            0.436241610738255,
            0.4697986577181208,
            0.42953020134228187,
            0.44966442953020136,
            0.5302013422818792,
            0.44966442953020136,
            0.4429530201342282
        ]
    },
    "8": {
        "mean": 0.4724832214765101,
        "max": 0.5234899328859061,
        "min": 0.42953020134228187,
        "all": [
            0.5234899328859061,
            0.47651006711409394,
            0.47651006711409394,
            0.46308724832214765,
            0.42953020134228187,
            0.48322147651006714,
            0.4429530201342282,
            0.48322147651006714,
            0.47651006711409394,
            0.4697986577181208
        ]
    },
    "16": {
        "mean": 0.47181208053691276,
        "max": 0.5100671140939598,
        "min": 0.40939597315436244,
        "all": [
            0.4966442953020134,
            0.47651006711409394,
            0.5100671140939598,
            0.44966442953020136,
            0.47651006711409394,
            0.47651006711409394,
            0.48322147651006714,
            0.4563758389261745,
            0.40939597315436244,
            0.48322147651006714
        ]
    },
    "32": {
        "mean": 0.47583892617449663,
        "max": 0.5100671140939598,
        "min": 0.42953020134228187,
        "all": [
            0.4966442953020134,
            0.48322147651006714,
            0.4697986577181208,
            0.4899328859060403,
            0.48322147651006714,
            0.44966442953020136,
            0.4697986577181208,
            0.47651006711409394,
            0.5100671140939598,
            0.42953020134228187
        ]
    },
    "64": {
        "mean": 0.47919463087248326,
        "max": 0.5100671140939598,
        "min": 0.44966442953020136,
        "all": [
            0.47651006711409394,
            0.4966442953020134,
            0.4899328859060403,
            0.4697986577181208,
            0.4697986577181208,
            0.44966442953020136,
            0.48322147651006714,
            0.44966442953020136,
            0.5100671140939598,
            0.4966442953020134
        ]
    },
    "128": {
        "mean": 0.4899328859060403,
        "max": 0.4899328859060403,
        "min": 0.4899328859060403,
        "all": [
            0.4899328859060403,
            0.4899328859060403,
            0.4899328859060403,
            0.4899328859060403,
            0.4899328859060403,
            0.4899328859060403,
            0.4899328859060403,
            0.4899328859060403,
            0.4899328859060403,
            0.4899328859060403
        ]
    }
}