{
    "1": {
        "mean": 0.4326666666666667,
        "max": 0.4866666666666667,
        "min": 0.36666666666666664,
        "all": [
            0.43333333333333335,
            0.42,
            0.47333333333333333,
            0.36666666666666664,
            0.44,
            0.4866666666666667,
            0.38,
            0.41333333333333333,
            0.4666666666666667,
            0.44666666666666666
        ]
    },
    "2": {
        "mean": 0.4833333333333333,
        "max": 0.5266666666666666,
        "min": 0.43333333333333335,
        "all": [
            0.49333333333333335,
            0.48,
            0.5266666666666666,
            0.5,
            0.4666666666666667,
            0.49333333333333335,
            0.49333333333333335,
            0.44666666666666666,
            0.43333333333333335,
            0.5
        ]
    },
    "4": {
        "mean": 0.4993333333333333,
        "max": 0.5333333333333333,
        "min": 0.4666666666666667,
        "all": [
            0.47333333333333333,
            0.5333333333333333,
            0.5266666666666666,
            0.47333333333333333,
            0.52,
            0.4666666666666667,
            0.52,
            0.52,
            0.4866666666666667,
            0.47333333333333333
        ]
    },
    "8": {
        "mean": 0.49800000000000005,
        "max": 0.5533333333333333,
        "min": 0.44666666666666666,
        "all": [
            0.5533333333333333,
            0.47333333333333333,
            0.44666666666666666,
            0.5066666666666667,
            0.4866666666666667,
            0.47333333333333333,
            0.5,
            0.52,
            0.47333333333333333,
            0.5466666666666666
        ]
    },
    "16": {
        "mean": 0.4659999999999999,
        "max": 0.49333333333333335,
        "min": 0.42,
        "all": [
            0.4666666666666667,
            0.4866666666666667,
            0.48,
            0.42,
            0.4666666666666667,
            0.44666666666666666,
            0.4266666666666667,
            0.4866666666666667,
            0.4866666666666667,
            0.49333333333333335
        ]
    },
    "32": {
        "mean": 0.44466666666666665,
        "max": 0.48,
        "min": 0.4066666666666667,
        "all": [
            0.43333333333333335,
            0.48,
            0.44,
            0.4066666666666667,
            0.47333333333333333,
            0.4533333333333333,
            0.4533333333333333,
            0.4666666666666667,
            0.42,
            0.42
        ]
    },
    "64": {
        "mean": 0.4246666666666667,
        "max": 0.4533333333333333,
        "min": 0.4066666666666667,
        "all": [
            0.4266666666666667,
            0.44,
            0.4066666666666667,
            0.4266666666666667,
            0.43333333333333335,
            0.4066666666666667,
            0.4533333333333333,
            0.4066666666666667,
            0.42,
            0.4266666666666667
        ]
    },
    "128": {
        "mean": 0.4033333333333333,
        "max": 0.42,
        "min": 0.3933333333333333,
        "all": [
            0.4066666666666667,
            0.42,
            0.4066666666666667,
            0.4066666666666667,
            0.3933333333333333,
            0.3933333333333333,
            0.4066666666666667,
            0.4,
            0.4,
            0.4
        ]
    }
}