{
    "1": {
        "mean": 0.45533333333333337,
        "max": 0.4866666666666667,
        "min": 0.43333333333333335,
        "all": [
            0.44666666666666666,
            0.4533333333333333,
            0.46,
            0.4666666666666667,
            0.43333333333333335,
            0.44,
            0.4866666666666667,
            0.43333333333333335,
            0.46,
            0.47333333333333333
        ]
    },
    "2": {
        "mean": 0.4659999999999999,
        "max": 0.52,
        "min": 0.4266666666666667,
        "all": [
            0.48,
            0.49333333333333335,
            0.4533333333333333,
            0.46,
            0.4533333333333333,
            0.44,
            0.52,
            0.44666666666666666,
            0.4266666666666667,
            0.4866666666666667
        ]
    },
    "4": {
        "mean": 0.46799999999999997,
        "max": 0.5,
        "min": 0.44666666666666666,
        "all": [
            0.5,
            0.4666666666666667,
            0.4866666666666667,
            0.44666666666666666,
            0.4533333333333333,
            0.47333333333333333,
            0.48,
            0.46,
            0.4666666666666667,
            0.44666666666666666
        ]
    },
    "8": {
        "mean": 0.4953333333333333,
        "max": 0.5066666666666667,
        "min": 0.4666666666666667,
        "all": [
            0.5066666666666667,
            0.49333333333333335,
            0.5066666666666667,
            0.5066666666666667,
            0.4666666666666667,
            0.49333333333333335,
            0.49333333333333335,
            0.4866666666666667,
            0.5066666666666667,
            0.49333333333333335
        ]
    },
    "16": {
        "mean": 0.4886666666666666,
        "max": 0.5133333333333333,
        "min": 0.47333333333333333,
        "all": [
            0.5133333333333333,
            0.4866666666666667,
            0.4866666666666667,
            0.47333333333333333,
            0.4866666666666667,
            0.5,
            0.4866666666666667,
            0.48,
            0.4866666666666667,
            0.4866666666666667
        ]
    },
    "32": {
        "mean": 0.496,
        "max": 0.5066666666666667,
        "min": 0.4866666666666667,
        "all": [
            0.5,
            0.49333333333333335,
            0.5,
            0.4866666666666667,
            0.5,
            0.49333333333333335,
            0.5,
            0.5066666666666667,
            0.4866666666666667,
            0.49333333333333335
        ]
    },
    "64": {
        "mean": 0.49866666666666665,
        "max": 0.5133333333333333,
        "min": 0.4866666666666667,
        "all": [
            0.49333333333333335,
            0.5133333333333333,
            0.49333333333333335,
            0.5133333333333333,
            0.4866666666666667,
            0.5,
            0.4866666666666667,
            0.5066666666666667,
            0.5,
            0.49333333333333335
        ]
    },
    "128": {
        "mean": 0.49333333333333335,
        "max": 0.49333333333333335,
        "min": 0.49333333333333335,
        "all": [
            0.49333333333333335,
            0.49333333333333335,
            0.49333333333333335,
            0.49333333333333335,
            0.49333333333333335,
            0.49333333333333335,
            0.49333333333333335,
            0.49333333333333335,
            0.49333333333333335,
            0.49333333333333335
        ]
    }
}