{
    "1": {
        "mean": 0.45533333333333337,
        "max": 0.4866666666666667,
        "min": 0.43333333333333335,
        "all": [
            0.44666666666666666,
            0.4533333333333333,
            0.46,
            0.4666666666666667,
            0.43333333333333335,
            0.44,
            0.4866666666666667,
            0.43333333333333335,
            0.46,
            0.47333333333333333
        ]
    },
    "2": {
        "mean": 0.4680000000000001,
        "max": 0.5266666666666666,
        "min": 0.4266666666666667,
        "all": [
            0.4866666666666667,
            0.5,
            0.44666666666666666,
            0.46,
            0.4666666666666667,
            0.44666666666666666,
            0.5266666666666666,
            0.4533333333333333,
            0.4266666666666667,
            0.4666666666666667
        ]
    },
    "4": {
        "mean": 0.4686666666666667,
        "max": 0.49333333333333335,
        "min": 0.44,
        "all": [
            0.4866666666666667,
            0.4866666666666667,
            0.49333333333333335,
            0.44,
            0.44666666666666666,
            0.4533333333333333,
            0.4866666666666667,
            0.46,
            0.48,
            0.4533333333333333
        ]
    },
    "8": {
        "mean": 0.4873333333333334,
        "max": 0.5,
        "min": 0.48,
        "all": [
            0.49333333333333335,
            0.48,
            0.49333333333333335,
            0.48,
            0.4866666666666667,
            0.48,
            0.4866666666666667,
            0.5,
            0.48,
            0.49333333333333335
        ]
    },
    "16": {
        "mean": 0.4766666666666667,
        "max": 0.49333333333333335,
        "min": 0.46,
        "all": [
            0.47333333333333333,
            0.48,
            0.48,
            0.48,
            0.47333333333333333,
            0.48,
            0.49333333333333335,
            0.48,
            0.4666666666666667,
            0.46
        ]
    },
    "32": {
        "mean": 0.4806666666666667,
        "max": 0.49333333333333335,
        "min": 0.46,
        "all": [
            0.4866666666666667,
            0.46,
            0.47333333333333333,
            0.48,
            0.4866666666666667,
            0.47333333333333333,
            0.4866666666666667,
            0.49333333333333335,
            0.49333333333333335,
            0.47333333333333333
        ]
    },
    "64": {
        "mean": 0.476,
        "max": 0.4866666666666667,
        "min": 0.4666666666666667,
        "all": [
            0.4666666666666667,
            0.48,
            0.47333333333333333,
            0.4866666666666667,
            0.48,
            0.48,
            0.48,
            0.4666666666666667,
            0.4666666666666667,
            0.48
        ]
    },
    "128": {
        "mean": 0.4666666666666667,
        "max": 0.4666666666666667,
        "min": 0.4666666666666667,
        "all": [
            0.4666666666666667,
            0.4666666666666667,
            0.4666666666666667,
            0.4666666666666667,
            0.4666666666666667,
            0.4666666666666667,
            0.4666666666666667,
            0.4666666666666667,
            0.4666666666666667,
            0.4666666666666667
        ]
    }
}