{
    "1": {
        "mean": 0.5293333333333334,
        "max": 0.5733333333333334,
        "min": 0.48,
        "all": [
            0.5133333333333333,
            0.49333333333333335,
            0.5066666666666667,
            0.56,
            0.48,
            0.56,
            0.5,
            0.5733333333333334,
            0.5533333333333333,
            0.5533333333333333
        ]
    },
    "2": {
        "mean": 0.5673333333333332,
        "max": 0.6133333333333333,
        "min": 0.52,
        "all": [
            0.5733333333333334,
            0.6066666666666667,
            0.52,
            0.5533333333333333,
            0.6133333333333333,
            0.5666666666666667,
            0.5666666666666667,
            0.5866666666666667,
            0.54,
            0.5466666666666666
        ]
    },
    "4": {
        "mean": 0.5853333333333334,
        "max": 0.6066666666666667,
        "min": 0.54,
        "all": [
            0.5666666666666667,
            0.6066666666666667,
            0.6,
            0.5733333333333334,
            0.54,
            0.5933333333333334,
            0.5933333333333334,
            0.6,
            0.5733333333333334,
            0.6066666666666667
        ]
    },
    "8": {
        "mean": 0.5933333333333335,
        "max": 0.6333333333333333,
        "min": 0.5533333333333333,
        "all": [
            0.5666666666666667,
            0.6066666666666667,
            0.5533333333333333,
            0.6333333333333333,
            0.6,
            0.6,
            0.6,
            0.5933333333333334,
            0.5866666666666667,
            0.5933333333333334
        ]
    },
    "16": {
        "mean": 0.602,
        "max": 0.62,
        "min": 0.58,
        "all": [
            0.6066666666666667,
            0.6,
            0.6,
            0.6066666666666667,
            0.6066666666666667,
            0.62,
            0.62,
            0.6,
            0.58,
            0.58
        ]
    },
    "32": {
        "mean": 0.5973333333333334,
        "max": 0.6066666666666667,
        "min": 0.58,
        "all": [
            0.6066666666666667,
            0.5933333333333334,
            0.6066666666666667,
            0.58,
            0.6066666666666667,
            0.6,
            0.6,
            0.5933333333333334,
            0.6,
            0.5866666666666667
        ]
    },
    "64": {
        "mean": 0.5940000000000001,
        "max": 0.62,
        "min": 0.58,
        "all": [
            0.6,
            0.6066666666666667,
            0.5866666666666667,
            0.5866666666666667,
            0.62,
            0.5933333333333334,
            0.5866666666666667,
            0.5933333333333334,
            0.58,
            0.5866666666666667
        ]
    },
    "128": {
        "mean": 0.5866666666666667,
        "max": 0.5866666666666667,
        "min": 0.5866666666666667,
        "all": [
            0.5866666666666667,
            0.5866666666666667,
            0.5866666666666667,
            0.5866666666666667,
            0.5866666666666667,
            0.5866666666666667,
            0.5866666666666667,
            0.5866666666666667,
            0.5866666666666667,
            0.5866666666666667
        ]
    }
}