{
    "1": {
        "mean": 0.5248322147651007,
        "max": 0.5369127516778524,
        "min": 0.48322147651006714,
        "all": [
            0.5302013422818792,
            0.5369127516778524,
            0.5234899328859061,
            0.5302013422818792,
            0.5369127516778524,
            0.5369127516778524,
            0.5302013422818792,
            0.48322147651006714,
            0.5167785234899329,
            0.5234899328859061
        ]
    },
    "2": {
        "mean": 0.5624161073825504,
        "max": 0.5973154362416108,
        "min": 0.5302013422818792,
        "all": [
            0.5436241610738255,
            0.5570469798657718,
            0.5771812080536913,
            0.5503355704697986,
            0.5704697986577181,
            0.5302013422818792,
            0.5771812080536913,
            0.5704697986577181,
            0.5503355704697986,
            0.5973154362416108
        ]
    },
    "4": {
        "mean": 0.6114093959731544,
        "max": 0.6442953020134228,
        "min": 0.5906040268456376,
        "all": [
            0.5906040268456376,
            0.5906040268456376,
            0.6174496644295302,
            0.6442953020134228,
            0.5973154362416108,
            0.6040268456375839,
            0.6375838926174496,
            0.6442953020134228,
            0.5973154362416108,
            0.5906040268456376
        ]
    },
    "8": {
        "mean": 0.6241610738255033,
        "max": 0.6442953020134228,
        "min": 0.5973154362416108,
        "all": [
            0.6375838926174496,
            0.6241610738255033,
            0.6308724832214765,
            0.6241610738255033,
            0.6241610738255033,
            0.6174496644295302,
            0.6241610738255033,
            0.6442953020134228,
            0.5973154362416108,
            0.6174496644295302
        ]
    },
    "16": {
        "mean": 0.6275167785234899,
        "max": 0.6644295302013423,
        "min": 0.5973154362416108,
        "all": [
            0.6174496644295302,
            0.610738255033557,
            0.6510067114093959,
            0.6308724832214765,
            0.6174496644295302,
            0.6644295302013423,
            0.6241610738255033,
            0.5973154362416108,
            0.6241610738255033,
            0.6375838926174496
        ]
    },
    "32": {
        "mean": 0.6369127516778523,
        "max": 0.6711409395973155,
        "min": 0.6174496644295302,
        "all": [
            0.6308724832214765,
            0.6241610738255033,
            0.6711409395973155,
            0.6375838926174496,
            0.6442953020134228,
            0.6174496644295302,
            0.6308724832214765,
            0.6375838926174496,
            0.6241610738255033,
            0.6510067114093959
        ]
    },
    "64": {
        "mean": 0.6416107382550335,
        "max": 0.6644295302013423,
        "min": 0.6241610738255033,
        "all": [
            0.6442953020134228,
            0.6442953020134228,
            0.6577181208053692,
            0.6241610738255033,
            0.6375838926174496,
            0.6510067114093959,
            0.6308724832214765,
            0.6241610738255033,
            0.6375838926174496,
            0.6644295302013423
        ]
    },
    "128": {
        "mean": 0.6442953020134228,
        "max": 0.6442953020134228,
        "min": 0.6442953020134228,
        "all": [
            0.6442953020134228,
            0.6442953020134228,
            0.6442953020134228,
            0.6442953020134228,
            0.6442953020134228,
            0.6442953020134228,
            0.6442953020134228,
            0.6442953020134228,
            0.6442953020134228,
            0.6442953020134228
        ]
    }
}