{
    "1": {
        "mean": 0.5248322147651007,
        "max": 0.5369127516778524,
        "min": 0.48322147651006714,
        "all": [
            0.5302013422818792,
            0.5369127516778524,
            0.5234899328859061,
            0.5302013422818792,
            0.5369127516778524,
            0.5369127516778524,
            0.5302013422818792,
            0.48322147651006714,
            0.5167785234899329,
            0.5234899328859061
        ]
    },
    "2": {
        "mean": 0.5590604026845638,
        "max": 0.5973154362416108,
        "min": 0.5234899328859061,
        "all": [
            0.5302013422818792,
            0.5704697986577181,
            0.5704697986577181,
            0.5234899328859061,
            0.5637583892617449,
            0.5302013422818792,
            0.5570469798657718,
            0.5906040268456376,
            0.5570469798657718,
            0.5973154362416108
        ]
    },
    "4": {
        "mean": 0.6120805369127517,
        "max": 0.6442953020134228,
        "min": 0.5704697986577181,
        "all": [
            0.6442953020134228,
            0.5973154362416108,
            0.610738255033557,
            0.6241610738255033,
            0.6375838926174496,
            0.610738255033557,
            0.6241610738255033,
            0.5973154362416108,
            0.6040268456375839,
            0.5704697986577181
        ]
    },
    "8": {
        "mean": 0.6228187919463087,
        "max": 0.6510067114093959,
        "min": 0.5973154362416108,
        "all": [
            0.6241610738255033,
            0.6174496644295302,
            0.6375838926174496,
            0.5973154362416108,
            0.6174496644295302,
            0.6174496644295302,
            0.6241610738255033,
            0.6510067114093959,
            0.6174496644295302,
            0.6241610738255033
        ]
    },
    "16": {
        "mean": 0.6328859060402684,
        "max": 0.6644295302013423,
        "min": 0.5973154362416108,
        "all": [
            0.610738255033557,
            0.6375838926174496,
            0.6375838926174496,
            0.6241610738255033,
            0.6644295302013423,
            0.6375838926174496,
            0.6577181208053692,
            0.6241610738255033,
            0.6375838926174496,
            0.5973154362416108
        ]
    },
    "32": {
        "mean": 0.6624161073825503,
        "max": 0.6912751677852349,
        "min": 0.6241610738255033,
        "all": [
            0.6845637583892618,
            0.6845637583892618,
            0.6442953020134228,
            0.6912751677852349,
            0.6644295302013423,
            0.6241610738255033,
            0.6510067114093959,
            0.6644295302013423,
            0.6577181208053692,
            0.6577181208053692
        ]
    },
    "64": {
        "mean": 0.6610738255033557,
        "max": 0.6845637583892618,
        "min": 0.6375838926174496,
        "all": [
            0.6778523489932886,
            0.6711409395973155,
            0.6375838926174496,
            0.6442953020134228,
            0.6845637583892618,
            0.6375838926174496,
            0.6778523489932886,
            0.6510067114093959,
            0.6711409395973155,
            0.6577181208053692
        ]
    },
    "128": {
        "mean": 0.6711409395973156,
        "max": 0.6711409395973155,
        "min": 0.6711409395973155,
        "all": [
            0.6711409395973155,
            0.6711409395973155,
            0.6711409395973155,
            0.6711409395973155,
            0.6711409395973155,
            0.6711409395973155,
            0.6711409395973155,
            0.6711409395973155,
            0.6711409395973155,
            0.6711409395973155
        ]
    }
}