{
    "1": {
        "mean": 0.31517241379310346,
        "max": 0.3448275862068966,
        "min": 0.2620689655172414,
        "all": [
            0.3448275862068966,
            0.2827586206896552,
            0.2689655172413793,
            0.33793103448275863,
            0.3310344827586207,
            0.2620689655172414,
            0.31724137931034485,
            0.3310344827586207,
            0.3310344827586207,
            0.3448275862068966
        ]
    },
    "2": {
        "mean": 0.3420689655172414,
        "max": 0.3793103448275862,
        "min": 0.30344827586206896,
        "all": [
            0.3448275862068966,
            0.32413793103448274,
            0.35172413793103446,
            0.3310344827586207,
            0.3586206896551724,
            0.35172413793103446,
            0.36551724137931035,
            0.3103448275862069,
            0.3793103448275862,
            0.30344827586206896
        ]
    },
    "4": {
        "mean": 0.37310344827586206,
        "max": 0.4,
        "min": 0.35172413793103446,
        "all": [
            0.3793103448275862,
            0.3586206896551724,
            0.3793103448275862,
            0.3931034482758621,
            0.38620689655172413,
            0.3586206896551724,
            0.3586206896551724,
            0.35172413793103446,
            0.4,
            0.36551724137931035
        ]
    },
    "8": {
        "mean": 0.36896551724137927,
        "max": 0.3931034482758621,
        "min": 0.33793103448275863,
        "all": [
            0.33793103448275863,
            0.3586206896551724,
            0.3724137931034483,
            0.3931034482758621,
            0.35172413793103446,
            0.38620689655172413,
            0.3724137931034483,
            0.3793103448275862,
            0.36551724137931035,
            0.3724137931034483
        ]
    },
    "16": {
        "mean": 0.3834482758620689,
        "max": 0.41379310344827586,
        "min": 0.35172413793103446,
        "all": [
            0.36551724137931035,
            0.38620689655172413,
            0.3793103448275862,
            0.3586206896551724,
            0.3586206896551724,
            0.4068965517241379,
            0.41379310344827586,
            0.35172413793103446,
            0.41379310344827586,
            0.4
        ]
    },
    "32": {
        "mean": 0.3855172413793103,
        "max": 0.41379310344827586,
        "min": 0.3586206896551724,
        "all": [
            0.3586206896551724,
            0.3931034482758621,
            0.36551724137931035,
            0.41379310344827586,
            0.4068965517241379,
            0.4,
            0.3724137931034483,
            0.3793103448275862,
            0.3724137931034483,
            0.3931034482758621
        ]
    },
    "64": {
        "mean": 0.3931034482758621,
        "max": 0.4068965517241379,
        "min": 0.3793103448275862,
        "all": [
            0.4,
            0.3931034482758621,
            0.38620689655172413,
            0.38620689655172413,
            0.3931034482758621,
            0.4068965517241379,
            0.4068965517241379,
            0.3793103448275862,
            0.4,
            0.3793103448275862
        ]
    },
    "128": {
        "mean": 0.4,
        "max": 0.4,
        "min": 0.4,
        "all": [
            0.4,
            0.4,
            0.4,
            0.4,
            0.4,
            0.4,
            0.4,
            0.4,
            0.4,
            0.4
        ]
    }
}