{
    "1": {
        "mean": 0.4326666666666667,
        "max": 0.4866666666666667,
        "min": 0.36666666666666664,
        "all": [
            0.43333333333333335,
            0.42,
            0.47333333333333333,
            0.36666666666666664,
            0.44,
            0.4866666666666667,
            0.38,
            0.41333333333333333,
            0.4666666666666667,
            0.44666666666666666
        ]
    },
    "2": {
        "mean": 0.48666666666666664,
        "max": 0.5266666666666666,
        "min": 0.4666666666666667,
        "all": [
            0.47333333333333333,
            0.4666666666666667,
            0.4666666666666667,
            0.49333333333333335,
            0.5066666666666667,
            0.5266666666666666,
            0.49333333333333335,
            0.47333333333333333,
            0.47333333333333333,
            0.49333333333333335
        ]
    },
    "4": {
        "mean": 0.5306666666666666,
        "max": 0.5666666666666667,
        "min": 0.5066666666666667,
        "all": [
            0.5266666666666666,
            0.5533333333333333,
            0.5333333333333333,
            0.5066666666666667,
            0.5666666666666667,
            0.5133333333333333,
            0.52,
            0.52,
            0.5266666666666666,
            0.54
        ]
    },
    "8": {
        "mean": 0.5586666666666666,
        "max": 0.6066666666666667,
        "min": 0.5066666666666667,
        "all": [
            0.54,
            0.5466666666666666,
            0.56,
            0.5066666666666667,
            0.6066666666666667,
            0.56,
            0.5933333333333334,
            0.5533333333333333,
            0.5333333333333333,
            0.5866666666666667
        ]
    },
    "16": {
        "mean": 0.548,
        "max": 0.58,
        "min": 0.5,
        "all": [
            0.52,
            0.5666666666666667,
            0.5,
            0.5666666666666667,
            0.5666666666666667,
            0.54,
            0.5133333333333333,
            0.58,
            0.58,
            0.5466666666666666
        ]
    },
    "32": {
        "mean": 0.5646666666666665,
        "max": 0.6,
        "min": 0.5333333333333333,
        "all": [
            0.54,
            0.5733333333333334,
            0.54,
            0.5666666666666667,
            0.58,
            0.5533333333333333,
            0.5333333333333333,
            0.5866666666666667,
            0.6,
            0.5733333333333334
        ]
    },
    "64": {
        "mean": 0.5399999999999999,
        "max": 0.5866666666666667,
        "min": 0.5066666666666667,
        "all": [
            0.5266666666666666,
            0.5266666666666666,
            0.5066666666666667,
            0.54,
            0.5333333333333333,
            0.54,
            0.5266666666666666,
            0.5466666666666666,
            0.5866666666666667,
            0.5666666666666667
        ]
    },
    "128": {
        "mean": 0.5333333333333333,
        "max": 0.5333333333333333,
        "min": 0.5333333333333333,
        "all": [
            0.5333333333333333,
            0.5333333333333333,
            0.5333333333333333,
            0.5333333333333333,
            0.5333333333333333,
            0.5333333333333333,
            0.5333333333333333,
            0.5333333333333333,
            0.5333333333333333,
            0.5333333333333333
        ]
    }
}