{
    "1": {
        "mean": 0.4326666666666667,
        "max": 0.4866666666666667,
        "min": 0.36666666666666664,
        "all": [
            0.43333333333333335,
            0.42,
            0.47333333333333333,
            0.36666666666666664,
            0.44,
            0.4866666666666667,
            0.38,
            0.41333333333333333,
            0.4666666666666667,
            0.44666666666666666
        ]
    },
    "2": {
        "mean": 0.5073333333333334,
        "max": 0.5466666666666666,
        "min": 0.4666666666666667,
        "all": [
            0.5133333333333333,
            0.5066666666666667,
            0.5133333333333333,
            0.5466666666666666,
            0.5266666666666666,
            0.5266666666666666,
            0.49333333333333335,
            0.4666666666666667,
            0.5066666666666667,
            0.47333333333333333
        ]
    },
    "4": {
        "mean": 0.5533333333333333,
        "max": 0.5866666666666667,
        "min": 0.4866666666666667,
        "all": [
            0.5866666666666667,
            0.5666666666666667,
            0.54,
            0.5466666666666666,
            0.58,
            0.5333333333333333,
            0.5666666666666667,
            0.58,
            0.5466666666666666,
            0.4866666666666667
        ]
    },
    "8": {
        "mean": 0.5926666666666667,
        "max": 0.6333333333333333,
        "min": 0.5466666666666666,
        "all": [
            0.5866666666666667,
            0.6133333333333333,
            0.5666666666666667,
            0.5466666666666666,
            0.58,
            0.6333333333333333,
            0.5933333333333334,
            0.6133333333333333,
            0.6,
            0.5933333333333334
        ]
    },
    "16": {
        "mean": 0.6033333333333333,
        "max": 0.6466666666666666,
        "min": 0.5466666666666666,
        "all": [
            0.6133333333333333,
            0.6466666666666666,
            0.5866666666666667,
            0.5466666666666666,
            0.6333333333333333,
            0.6133333333333333,
            0.5866666666666667,
            0.62,
            0.5866666666666667,
            0.6
        ]
    },
    "32": {
        "mean": 0.6126666666666667,
        "max": 0.6333333333333333,
        "min": 0.5666666666666667,
        "all": [
            0.6266666666666667,
            0.6333333333333333,
            0.6,
            0.5666666666666667,
            0.6333333333333333,
            0.6266666666666667,
            0.62,
            0.62,
            0.58,
            0.62
        ]
    },
    "64": {
        "mean": 0.6079999999999999,
        "max": 0.6666666666666666,
        "min": 0.5666666666666667,
        "all": [
            0.6133333333333333,
            0.6666666666666666,
            0.6133333333333333,
            0.62,
            0.6,
            0.5866666666666667,
            0.6266666666666667,
            0.6,
            0.5866666666666667,
            0.5666666666666667
        ]
    },
    "128": {
        "mean": 0.6133333333333333,
        "max": 0.6133333333333333,
        "min": 0.6133333333333333,
        "all": [
            0.6133333333333333,
            0.6133333333333333,
            0.6133333333333333,
            0.6133333333333333,
            0.6133333333333333,
            0.6133333333333333,
            0.6133333333333333,
            0.6133333333333333,
            0.6133333333333333,
            0.6133333333333333
        ]
    }
}