{
    "1": {
        "mean": 0.5753333333333335,
        "max": 0.62,
        "min": 0.5333333333333333,
        "all": [
            0.5333333333333333,
            0.5466666666666666,
            0.5933333333333334,
            0.6,
            0.56,
            0.58,
            0.54,
            0.62,
            0.5866666666666667,
            0.5933333333333334
        ]
    },
    "2": {
        "mean": 0.588,
        "max": 0.64,
        "min": 0.56,
        "all": [
            0.5866666666666667,
            0.5866666666666667,
            0.56,
            0.58,
            0.64,
            0.5733333333333334,
            0.5933333333333334,
            0.58,
            0.58,
            0.6
        ]
    },
    "4": {
        "mean": 0.5826666666666667,
        "max": 0.62,
        "min": 0.54,
        "all": [
            0.5866666666666667,
            0.5933333333333334,
            0.62,
            0.5933333333333334,
            0.54,
            0.6,
            0.58,
            0.5866666666666667,
            0.5733333333333334,
            0.5533333333333333
        ]
    },
    "8": {
        "mean": 0.5826666666666667,
        "max": 0.6,
        "min": 0.5533333333333333,
        "all": [
            0.5866666666666667,
            0.6,
            0.58,
            0.5933333333333334,
            0.5733333333333334,
            0.5866666666666667,
            0.5933333333333334,
            0.58,
            0.5533333333333333,
            0.58
        ]
    },
    "16": {
        "mean": 0.5893333333333334,
        "max": 0.62,
        "min": 0.54,
        "all": [
            0.5866666666666667,
            0.62,
            0.6,
            0.58,
            0.6,
            0.5733333333333334,
            0.62,
            0.5866666666666667,
            0.54,
            0.5866666666666667
        ]
    },
    "32": {
        "mean": 0.5553333333333332,
        "max": 0.6133333333333333,
        "min": 0.4866666666666667,
        "all": [
            0.5466666666666666,
            0.58,
            0.4866666666666667,
            0.5733333333333334,
            0.5333333333333333,
            0.58,
            0.5466666666666666,
            0.5333333333333333,
            0.6133333333333333,
            0.56
        ]
    },
    "64": {
        "mean": 0.5606666666666666,
        "max": 0.5866666666666667,
        "min": 0.54,
        "all": [
            0.56,
            0.5533333333333333,
            0.5466666666666666,
            0.5466666666666666,
            0.56,
            0.54,
            0.58,
            0.5866666666666667,
            0.56,
            0.5733333333333334
        ]
    },
    "128": {
        "mean": 0.538,
        "max": 0.54,
        "min": 0.5333333333333333,
        "all": [
            0.54,
            0.5333333333333333,
            0.54,
            0.5333333333333333,
            0.54,
            0.54,
            0.54,
            0.54,
            0.54,
            0.5333333333333333
        ]
    }
}