{
    "1": {
        "mean": 0.5753333333333335,
        "max": 0.62,
        "min": 0.5333333333333333,
        "all": [
            0.5333333333333333,
            0.5466666666666666,
            0.5933333333333334,
            0.6,
            0.56,
            0.58,
            0.54,
            0.62,
            0.5866666666666667,
            0.5933333333333334
        ]
    },
    "2": {
        "mean": 0.5906666666666667,
        "max": 0.6466666666666666,
        "min": 0.5333333333333333,
        "all": [
            0.6066666666666667,
            0.5666666666666667,
            0.56,
            0.6066666666666667,
            0.6466666666666666,
            0.5666666666666667,
            0.6,
            0.6066666666666667,
            0.5333333333333333,
            0.6133333333333333
        ]
    },
    "4": {
        "mean": 0.5926666666666666,
        "max": 0.6266666666666667,
        "min": 0.5466666666666666,
        "all": [
            0.6133333333333333,
            0.5666666666666667,
            0.58,
            0.6266666666666667,
            0.5466666666666666,
            0.6,
            0.58,
            0.6133333333333333,
            0.6,
            0.6
        ]
    },
    "8": {
        "mean": 0.6026666666666667,
        "max": 0.6666666666666666,
        "min": 0.5666666666666667,
        "all": [
            0.5666666666666667,
            0.6,
            0.6,
            0.6333333333333333,
            0.5933333333333334,
            0.58,
            0.6666666666666666,
            0.6066666666666667,
            0.6066666666666667,
            0.5733333333333334
        ]
    },
    "16": {
        "mean": 0.5920000000000001,
        "max": 0.6066666666666667,
        "min": 0.5733333333333334,
        "all": [
            0.6,
            0.5933333333333334,
            0.6066666666666667,
            0.58,
            0.5733333333333334,
            0.5733333333333334,
            0.6,
            0.6066666666666667,
            0.5933333333333334,
            0.5933333333333334
        ]
    },
    "32": {
        "mean": 0.61,
        "max": 0.6266666666666667,
        "min": 0.5866666666666667,
        "all": [
            0.6066666666666667,
            0.6066666666666667,
            0.5866666666666667,
            0.6133333333333333,
            0.6133333333333333,
            0.6133333333333333,
            0.6266666666666667,
            0.6266666666666667,
            0.5866666666666667,
            0.62
        ]
    },
    "64": {
        "mean": 0.5973333333333333,
        "max": 0.6133333333333333,
        "min": 0.58,
        "all": [
            0.6133333333333333,
            0.6,
            0.58,
            0.5933333333333334,
            0.6,
            0.6066666666666667,
            0.5866666666666667,
            0.6,
            0.5933333333333334,
            0.6
        ]
    },
    "128": {
        "mean": 0.5999999999999999,
        "max": 0.6,
        "min": 0.6,
        "all": [
            0.6,
            0.6,
            0.6,
            0.6,
            0.6,
            0.6,
            0.6,
            0.6,
            0.6,
            0.6
        ]
    }
}