{
    "1": {
        "mean": 0.3786666666666667,
        "max": 0.4666666666666667,
        "min": 0.31333333333333335,
        "all": [
            0.34,
            0.4066666666666667,
            0.3333333333333333,
            0.41333333333333333,
            0.4666666666666667,
            0.31333333333333335,
            0.38,
            0.32666666666666666,
            0.41333333333333333,
            0.3933333333333333
        ]
    },
    "2": {
        "mean": 0.4619999999999999,
        "max": 0.5333333333333333,
        "min": 0.4,
        "all": [
            0.4533333333333333,
            0.4533333333333333,
            0.4,
            0.5333333333333333,
            0.4533333333333333,
            0.46,
            0.5066666666666667,
            0.43333333333333335,
            0.52,
            0.4066666666666667
        ]
    },
    "4": {
        "mean": 0.5006666666666666,
        "max": 0.5266666666666666,
        "min": 0.4666666666666667,
        "all": [
            0.5266666666666666,
            0.5133333333333333,
            0.5066666666666667,
            0.47333333333333333,
            0.5066666666666667,
            0.52,
            0.5066666666666667,
            0.4666666666666667,
            0.5,
            0.4866666666666667
        ]
    },
    "8": {
        "mean": 0.5213333333333334,
        "max": 0.5866666666666667,
        "min": 0.46,
        "all": [
            0.5533333333333333,
            0.4866666666666667,
            0.5466666666666666,
            0.46,
            0.49333333333333335,
            0.5333333333333333,
            0.5866666666666667,
            0.5333333333333333,
            0.5133333333333333,
            0.5066666666666667
        ]
    },
    "16": {
        "mean": 0.5426666666666666,
        "max": 0.58,
        "min": 0.5,
        "all": [
            0.5,
            0.58,
            0.5266666666666666,
            0.5533333333333333,
            0.56,
            0.5533333333333333,
            0.54,
            0.5133333333333333,
            0.5333333333333333,
            0.5666666666666667
        ]
    },
    "32": {
        "mean": 0.5413333333333333,
        "max": 0.5666666666666667,
        "min": 0.5066666666666667,
        "all": [
            0.5266666666666666,
            0.54,
            0.56,
            0.5466666666666666,
            0.5066666666666667,
            0.5266666666666666,
            0.5666666666666667,
            0.5466666666666666,
            0.5666666666666667,
            0.5266666666666666
        ]
    },
    "64": {
        "mean": 0.552,
        "max": 0.5866666666666667,
        "min": 0.5133333333333333,
        "all": [
            0.5266666666666666,
            0.5533333333333333,
            0.5866666666666667,
            0.5466666666666666,
            0.58,
            0.56,
            0.56,
            0.5666666666666667,
            0.5133333333333333,
            0.5266666666666666
        ]
    },
    "128": {
        "mean": 0.5333333333333333,
        "max": 0.5333333333333333,
        "min": 0.5333333333333333,
        "all": [
            0.5333333333333333,
            0.5333333333333333,
            0.5333333333333333,
            0.5333333333333333,
            0.5333333333333333,
            0.5333333333333333,
            0.5333333333333333,
            0.5333333333333333,
            0.5333333333333333,
            0.5333333333333333
        ]
    }
}