{
    "1": {
        "mean": 0.4174496644295302,
        "max": 0.4563758389261745,
        "min": 0.3691275167785235,
        "all": [
            0.4228187919463087,
            0.4228187919463087,
            0.3825503355704698,
            0.436241610738255,
            0.44966442953020136,
            0.38926174496644295,
            0.42953020134228187,
            0.3691275167785235,
            0.4161073825503356,
            0.4563758389261745
        ]
    },
    "2": {
        "mean": 0.42147651006711406,
        "max": 0.44966442953020136,
        "min": 0.3691275167785235,
        "all": [
            0.4228187919463087,
            0.4161073825503356,
            0.42953020134228187,
            0.4429530201342282,
            0.44966442953020136,
            0.3959731543624161,
            0.42953020134228187,
            0.3691275167785235,
            0.42953020134228187,
            0.42953020134228187
        ]
    },
    "4": {
        "mean": 0.42080536912751676,
        "max": 0.44966442953020136,
        "min": 0.3825503355704698,
        "all": [
            0.42953020134228187,
            0.44966442953020136,
            0.40268456375838924,
            0.436241610738255,
            0.4228187919463087,
            0.3825503355704698,
            0.40939597315436244,
            0.3959731543624161,
            0.436241610738255,
            0.4429530201342282
        ]
    },
    "8": {
        "mean": 0.425503355704698,
        "max": 0.44966442953020136,
        "min": 0.3959731543624161,
        "all": [
            0.44966442953020136,
            0.3959731543624161,
            0.42953020134228187,
            0.436241610738255,
            0.40939597315436244,
            0.4228187919463087,
            0.4228187919463087,
            0.40268456375838924,
            0.4429530201342282,
            0.4429530201342282
        ]
    },
    "16": {
        "mean": 0.4114093959731543,
        "max": 0.48322147651006714,
        "min": 0.3825503355704698,
        "all": [
            0.40939597315436244,
            0.48322147651006714,
            0.40939597315436244,
            0.4228187919463087,
            0.4161073825503356,
            0.38926174496644295,
            0.3959731543624161,
            0.40268456375838924,
            0.40268456375838924,
            0.3825503355704698
        ]
    },
    "32": {
        "mean": 0.39932885906040266,
        "max": 0.4228187919463087,
        "min": 0.3825503355704698,
        "all": [
            0.40939597315436244,
            0.40939597315436244,
            0.4228187919463087,
            0.3959731543624161,
            0.3825503355704698,
            0.40268456375838924,
            0.3959731543624161,
            0.3959731543624161,
            0.3825503355704698,
            0.3959731543624161
        ]
    },
    "64": {
        "mean": 0.39865771812080536,
        "max": 0.4161073825503356,
        "min": 0.3691275167785235,
        "all": [
            0.3959731543624161,
            0.3959731543624161,
            0.40939597315436244,
            0.3959731543624161,
            0.38926174496644295,
            0.4161073825503356,
            0.40268456375838924,
            0.3691275167785235,
            0.40939597315436244,
            0.40268456375838924
        ]
    },
    "128": {
        "mean": 0.38926174496644295,
        "max": 0.38926174496644295,
        "min": 0.38926174496644295,
        "all": [
            0.38926174496644295,
            0.38926174496644295,
            0.38926174496644295,
            0.38926174496644295,
            0.38926174496644295,
            0.38926174496644295,
            0.38926174496644295,
            0.38926174496644295,
            0.38926174496644295,
            0.38926174496644295
        ]
    }
}