{
    "1": {
        "mean": 0.5753333333333335,
        "max": 0.62,
        "min": 0.5333333333333333,
        "all": [
            0.5333333333333333,
            0.5466666666666666,
            0.5933333333333334,
            0.6,
            0.56,
            0.58,
            0.54,
            0.62,
            0.5866666666666667,
            0.5933333333333334
        ]
    },
    "2": {
        "mean": 0.608,
        "max": 0.68,
        "min": 0.5666666666666667,
        "all": [
            0.6,
            0.5866666666666667,
            0.6133333333333333,
            0.64,
            0.68,
            0.5733333333333334,
            0.6133333333333333,
            0.6133333333333333,
            0.5666666666666667,
            0.5933333333333334
        ]
    },
    "4": {
        "mean": 0.6326666666666666,
        "max": 0.6533333333333333,
        "min": 0.6,
        "all": [
            0.64,
            0.6533333333333333,
            0.6466666666666666,
            0.6266666666666667,
            0.6133333333333333,
            0.6333333333333333,
            0.64,
            0.64,
            0.6333333333333333,
            0.6
        ]
    },
    "8": {
        "mean": 0.6413333333333333,
        "max": 0.66,
        "min": 0.62,
        "all": [
            0.66,
            0.6533333333333333,
            0.6266666666666667,
            0.6533333333333333,
            0.6266666666666667,
            0.62,
            0.6466666666666666,
            0.66,
            0.64,
            0.6266666666666667
        ]
    },
    "16": {
        "mean": 0.6499999999999999,
        "max": 0.6733333333333333,
        "min": 0.6333333333333333,
        "all": [
            0.6733333333333333,
            0.6466666666666666,
            0.6333333333333333,
            0.66,
            0.6666666666666666,
            0.6333333333333333,
            0.6466666666666666,
            0.6533333333333333,
            0.6333333333333333,
            0.6533333333333333
        ]
    },
    "32": {
        "mean": 0.6620000000000001,
        "max": 0.6733333333333333,
        "min": 0.6533333333333333,
        "all": [
            0.6533333333333333,
            0.66,
            0.6533333333333333,
            0.6733333333333333,
            0.66,
            0.6666666666666666,
            0.6666666666666666,
            0.6666666666666666,
            0.66,
            0.66
        ]
    },
    "64": {
        "mean": 0.6573333333333333,
        "max": 0.6733333333333333,
        "min": 0.64,
        "all": [
            0.6533333333333333,
            0.6666666666666666,
            0.66,
            0.6733333333333333,
            0.6733333333333333,
            0.66,
            0.6466666666666666,
            0.6466666666666666,
            0.64,
            0.6533333333333333
        ]
    },
    "128": {
        "mean": 0.66,
        "max": 0.66,
        "min": 0.66,
        "all": [
            0.66,
            0.66,
            0.66,
            0.66,
            0.66,
            0.66,
            0.66,
            0.66,
            0.66,
            0.66
        ]
    }
}