{
    "1": {
        "mean": 0.3786666666666667,
        "max": 0.4666666666666667,
        "min": 0.31333333333333335,
        "all": [
            0.34,
            0.4066666666666667,
            0.3333333333333333,
            0.41333333333333333,
            0.4666666666666667,
            0.31333333333333335,
            0.38,
            0.32666666666666666,
            0.41333333333333333,
            0.3933333333333333
        ]
    },
    "2": {
        "mean": 0.45533333333333337,
        "max": 0.5333333333333333,
        "min": 0.38666666666666666,
        "all": [
            0.46,
            0.46,
            0.38666666666666666,
            0.52,
            0.4666666666666667,
            0.47333333333333333,
            0.4666666666666667,
            0.4,
            0.5333333333333333,
            0.38666666666666666
        ]
    },
    "4": {
        "mean": 0.5253333333333334,
        "max": 0.5733333333333334,
        "min": 0.49333333333333335,
        "all": [
            0.5733333333333334,
            0.52,
            0.54,
            0.49333333333333335,
            0.56,
            0.5066666666666667,
            0.5266666666666666,
            0.52,
            0.5133333333333333,
            0.5
        ]
    },
    "8": {
        "mean": 0.562,
        "max": 0.5933333333333334,
        "min": 0.52,
        "all": [
            0.5933333333333334,
            0.5533333333333333,
            0.5733333333333334,
            0.52,
            0.5733333333333334,
            0.5866666666666667,
            0.5533333333333333,
            0.54,
            0.5733333333333334,
            0.5533333333333333
        ]
    },
    "16": {
        "mean": 0.6046666666666666,
        "max": 0.6266666666666667,
        "min": 0.5866666666666667,
        "all": [
            0.6066666666666667,
            0.6066666666666667,
            0.6,
            0.5866666666666667,
            0.6133333333333333,
            0.5866666666666667,
            0.6266666666666667,
            0.6,
            0.6133333333333333,
            0.6066666666666667
        ]
    },
    "32": {
        "mean": 0.6286666666666667,
        "max": 0.6666666666666666,
        "min": 0.5933333333333334,
        "all": [
            0.6133333333333333,
            0.6533333333333333,
            0.64,
            0.64,
            0.6133333333333333,
            0.5933333333333334,
            0.64,
            0.6066666666666667,
            0.6666666666666666,
            0.62
        ]
    },
    "64": {
        "mean": 0.6566666666666666,
        "max": 0.6733333333333333,
        "min": 0.64,
        "all": [
            0.6533333333333333,
            0.64,
            0.6533333333333333,
            0.6533333333333333,
            0.6733333333333333,
            0.66,
            0.6666666666666666,
            0.6733333333333333,
            0.6466666666666666,
            0.6466666666666666
        ]
    },
    "128": {
        "mean": 0.66,
        "max": 0.66,
        "min": 0.66,
        "all": [
            0.66,
            0.66,
            0.66,
            0.66,
            0.66,
            0.66,
            0.66,
            0.66,
            0.66,
            0.66
        ]
    }
}