{
    "1": {
        "mean": 0.3786666666666667,
        "max": 0.4666666666666667,
        "min": 0.31333333333333335,
        "all": [
            0.34,
            0.4066666666666667,
            0.3333333333333333,
            0.41333333333333333,
            0.4666666666666667,
            0.31333333333333335,
            0.38,
            0.32666666666666666,
            0.41333333333333333,
            0.3933333333333333
        ]
    },
    "2": {
        "mean": 0.45266666666666666,
        "max": 0.52,
        "min": 0.38,
        "all": [
            0.4866666666666667,
            0.44666666666666666,
            0.3933333333333333,
            0.52,
            0.47333333333333333,
            0.4533333333333333,
            0.4666666666666667,
            0.4,
            0.5066666666666667,
            0.38
        ]
    },
    "4": {
        "mean": 0.5213333333333334,
        "max": 0.5666666666666667,
        "min": 0.47333333333333333,
        "all": [
            0.5666666666666667,
            0.5133333333333333,
            0.5533333333333333,
            0.5133333333333333,
            0.56,
            0.5066666666666667,
            0.52,
            0.5066666666666667,
            0.5,
            0.47333333333333333
        ]
    },
    "8": {
        "mean": 0.5606666666666666,
        "max": 0.6066666666666667,
        "min": 0.49333333333333335,
        "all": [
            0.6066666666666667,
            0.52,
            0.58,
            0.49333333333333335,
            0.5733333333333334,
            0.5733333333333334,
            0.5733333333333334,
            0.5533333333333333,
            0.5666666666666667,
            0.5666666666666667
        ]
    },
    "16": {
        "mean": 0.5973333333333333,
        "max": 0.62,
        "min": 0.56,
        "all": [
            0.5866666666666667,
            0.6133333333333333,
            0.6,
            0.6,
            0.5866666666666667,
            0.6,
            0.62,
            0.56,
            0.6066666666666667,
            0.6
        ]
    },
    "32": {
        "mean": 0.6140000000000001,
        "max": 0.64,
        "min": 0.5866666666666667,
        "all": [
            0.6066666666666667,
            0.6266666666666667,
            0.62,
            0.6133333333333333,
            0.5866666666666667,
            0.5933333333333334,
            0.64,
            0.6133333333333333,
            0.62,
            0.62
        ]
    },
    "64": {
        "mean": 0.642,
        "max": 0.66,
        "min": 0.6266666666666667,
        "all": [
            0.6333333333333333,
            0.6266666666666667,
            0.6533333333333333,
            0.6333333333333333,
            0.6466666666666666,
            0.64,
            0.6533333333333333,
            0.66,
            0.64,
            0.6333333333333333
        ]
    },
    "128": {
        "mean": 0.6533333333333333,
        "max": 0.6533333333333333,
        "min": 0.6533333333333333,
        "all": [
            0.6533333333333333,
            0.6533333333333333,
            0.6533333333333333,
            0.6533333333333333,
            0.6533333333333333,
            0.6533333333333333,
            0.6533333333333333,
            0.6533333333333333,
            0.6533333333333333,
            0.6533333333333333
        ]
    }
}