{
    "1": {
        "mean": 0.45533333333333337,
        "max": 0.4866666666666667,
        "min": 0.43333333333333335,
        "all": [
            0.44666666666666666,
            0.4533333333333333,
            0.46,
            0.4666666666666667,
            0.43333333333333335,
            0.44,
            0.4866666666666667,
            0.43333333333333335,
            0.46,
            0.47333333333333333
        ]
    },
    "2": {
        "mean": 0.47333333333333333,
        "max": 0.5133333333333333,
        "min": 0.43333333333333335,
        "all": [
            0.46,
            0.49333333333333335,
            0.48,
            0.5133333333333333,
            0.44,
            0.48,
            0.49333333333333335,
            0.48,
            0.46,
            0.43333333333333335
        ]
    },
    "4": {
        "mean": 0.47733333333333333,
        "max": 0.5133333333333333,
        "min": 0.4266666666666667,
        "all": [
            0.4666666666666667,
            0.47333333333333333,
            0.49333333333333335,
            0.4866666666666667,
            0.48,
            0.4866666666666667,
            0.4533333333333333,
            0.4266666666666667,
            0.49333333333333335,
            0.5133333333333333
        ]
    },
    "8": {
        "mean": 0.47733333333333344,
        "max": 0.5133333333333333,
        "min": 0.44,
        "all": [
            0.4866666666666667,
            0.5,
            0.49333333333333335,
            0.4666666666666667,
            0.48,
            0.47333333333333333,
            0.47333333333333333,
            0.44666666666666666,
            0.5133333333333333,
            0.44
        ]
    },
    "16": {
        "mean": 0.48200000000000004,
        "max": 0.5,
        "min": 0.4533333333333333,
        "all": [
            0.48,
            0.49333333333333335,
            0.47333333333333333,
            0.4533333333333333,
            0.5,
            0.49333333333333335,
            0.48,
            0.48,
            0.49333333333333335,
            0.47333333333333333
        ]
    },
    "32": {
        "mean": 0.4773333333333333,
        "max": 0.5066666666666667,
        "min": 0.44666666666666666,
        "all": [
            0.5,
            0.4866666666666667,
            0.47333333333333333,
            0.48,
            0.4666666666666667,
            0.46,
            0.5066666666666667,
            0.4533333333333333,
            0.5,
            0.44666666666666666
        ]
    },
    "64": {
        "mean": 0.476,
        "max": 0.5,
        "min": 0.4533333333333333,
        "all": [
            0.48,
            0.4866666666666667,
            0.48,
            0.4666666666666667,
            0.46,
            0.47333333333333333,
            0.4533333333333333,
            0.5,
            0.4866666666666667,
            0.47333333333333333
        ]
    },
    "128": {
        "mean": 0.4533333333333333,
        "max": 0.4533333333333333,
        "min": 0.4533333333333333,
        "all": [
            0.4533333333333333,
            0.4533333333333333,
            0.4533333333333333,
            0.4533333333333333,
            0.4533333333333333,
            0.4533333333333333,
            0.4533333333333333,
            0.4533333333333333,
            0.4533333333333333,
            0.4533333333333333
        ]
    }
}