{
    "1": {
        "mean": 0.31517241379310346,
        "max": 0.3448275862068966,
        "min": 0.2620689655172414,
        "all": [
            0.3448275862068966,
            0.2827586206896552,
            0.2689655172413793,
            0.33793103448275863,
            0.3310344827586207,
            0.2620689655172414,
            0.31724137931034485,
            0.3310344827586207,
            0.3310344827586207,
            0.3448275862068966
        ]
    },
    "2": {
        "mean": 0.3551724137931035,
        "max": 0.38620689655172413,
        "min": 0.31724137931034485,
        "all": [
            0.3724137931034483,
            0.38620689655172413,
            0.35172413793103446,
            0.35172413793103446,
            0.36551724137931035,
            0.33793103448275863,
            0.36551724137931035,
            0.31724137931034485,
            0.36551724137931035,
            0.33793103448275863
        ]
    },
    "4": {
        "mean": 0.37034482758620685,
        "max": 0.3931034482758621,
        "min": 0.3310344827586207,
        "all": [
            0.3586206896551724,
            0.38620689655172413,
            0.3310344827586207,
            0.3931034482758621,
            0.3793103448275862,
            0.35172413793103446,
            0.3793103448275862,
            0.3931034482758621,
            0.3724137931034483,
            0.3586206896551724
        ]
    },
    "8": {
        "mean": 0.37310344827586206,
        "max": 0.3931034482758621,
        "min": 0.3448275862068966,
        "all": [
            0.3448275862068966,
            0.3724137931034483,
            0.3931034482758621,
            0.3724137931034483,
            0.3586206896551724,
            0.3931034482758621,
            0.3793103448275862,
            0.36551724137931035,
            0.3793103448275862,
            0.3724137931034483
        ]
    },
    "16": {
        "mean": 0.37724137931034485,
        "max": 0.4068965517241379,
        "min": 0.3586206896551724,
        "all": [
            0.36551724137931035,
            0.3586206896551724,
            0.3931034482758621,
            0.36551724137931035,
            0.3586206896551724,
            0.3724137931034483,
            0.38620689655172413,
            0.4068965517241379,
            0.3724137931034483,
            0.3931034482758621
        ]
    },
    "32": {
        "mean": 0.376551724137931,
        "max": 0.38620689655172413,
        "min": 0.35172413793103446,
        "all": [
            0.38620689655172413,
            0.35172413793103446,
            0.3793103448275862,
            0.3793103448275862,
            0.3793103448275862,
            0.38620689655172413,
            0.35172413793103446,
            0.3793103448275862,
            0.38620689655172413,
            0.38620689655172413
        ]
    },
    "64": {
        "mean": 0.3655172413793103,
        "max": 0.3793103448275862,
        "min": 0.33793103448275863,
        "all": [
            0.3586206896551724,
            0.3793103448275862,
            0.3724137931034483,
            0.3724137931034483,
            0.35172413793103446,
            0.3724137931034483,
            0.36551724137931035,
            0.3724137931034483,
            0.33793103448275863,
            0.3724137931034483
        ]
    },
    "128": {
        "mean": 0.3793103448275862,
        "max": 0.3793103448275862,
        "min": 0.3793103448275862,
        "all": [
            0.3793103448275862,
            0.3793103448275862,
            0.3793103448275862,
            0.3793103448275862,
            0.3793103448275862,
            0.3793103448275862,
            0.3793103448275862,
            0.3793103448275862,
            0.3793103448275862,
            0.3793103448275862
        ]
    }
}