{
    "1": {
        "mean": 0.4815317498788172,
        "max": 0.4968492486669898,
        "min": 0.4692195831313621,
        "all": [
            0.4968492486669898,
            0.47649054774600097,
            0.48618516723218613,
            0.4881240911294232,
            0.48327678138633057,
            0.48327678138633057,
            0.4774600096946195,
            0.4774600096946195,
            0.4769752787203102,
            0.4692195831313621
        ]
    },
    "2": {
        "mean": 0.5262724188075618,
        "max": 0.5370819195346582,
        "min": 0.5104217159476491,
        "all": [
            0.5181774115365972,
            0.5370819195346582,
            0.5273873000484731,
            0.5239941832283083,
            0.5273873000484731,
            0.5264178380998545,
            0.5104217159476491,
            0.5302956858943286,
            0.5356277266117305,
            0.5259331071255453
        ]
    },
    "4": {
        "mean": 0.5618516723218614,
        "max": 0.5705283567619971,
        "min": 0.553562772661173,
        "all": [
            0.5579253514299564,
            0.5574406204556471,
            0.5651963160445953,
            0.5656810470189045,
            0.5690741638390693,
            0.5593795443528842,
            0.5564711585070286,
            0.5632573921473583,
            0.553562772661173,
            0.5705283567619971
        ]
    },
    "8": {
        "mean": 0.5785264178381,
        "max": 0.5841008240426563,
        "min": 0.5724672806592341,
        "all": [
            0.5826466311197286,
            0.5768298594280175,
            0.5841008240426563,
            0.5773145904023267,
            0.5831313620940378,
            0.5768298594280175,
            0.5826466311197286,
            0.5744062045564712,
            0.5748909355307804,
            0.5724672806592341
        ]
    },
    "16": {
        "mean": 0.5939408628211343,
        "max": 0.5996122152205526,
        "min": 0.5874939408628211,
        "all": [
            0.59476490547746,
            0.5996122152205526,
            0.5884634028114396,
            0.5874939408628211,
            0.590887057682986,
            0.5962190984003878,
            0.5957343674260785,
            0.5913717886572952,
            0.5996122152205526,
            0.5952496364517693
        ]
    },
    "32": {
        "mean": 0.6036354823073194,
        "max": 0.6078526417838099,
        "min": 0.5991274842462433,
        "all": [
            0.6049442559379544,
            0.6015511391177897,
            0.605913717886573,
            0.6078526417838099,
            0.5991274842462433,
            0.6044595249636452,
            0.6073679108095007,
            0.6000969461948619,
            0.6025206010664081,
            0.6025206010664081
        ]
    },
    "64": {
        "mean": 0.610421715947649,
        "max": 0.6199709161415414,
        "min": 0.6034900630150266,
        "all": [
            0.6112457586039748,
            0.6034900630150266,
            0.6112457586039748,
            0.6088221037324285,
            0.611730489578284,
            0.6088221037324285,
            0.6199709161415414,
            0.6073679108095007,
            0.6151236063984489,
            0.6063984488608822
        ]
    },
    "128": {
        "mean": 0.6136694134755211,
        "max": 0.6136694134755211,
        "min": 0.6136694134755211,
        "all": [
            0.6136694134755211,
            0.6136694134755211,
            0.6136694134755211,
            0.6136694134755211,
            0.6136694134755211,
            0.6136694134755211,
            0.6136694134755211,
            0.6136694134755211,
            0.6136694134755211,
            0.6136694134755211
        ]
    }
}