{
    "1": {
        "mean": 0.4815317498788172,
        "max": 0.4968492486669898,
        "min": 0.4692195831313621,
        "all": [
            0.4968492486669898,
            0.47649054774600097,
            0.48618516723218613,
            0.4881240911294232,
            0.48327678138633057,
            0.48327678138633057,
            0.4774600096946195,
            0.4774600096946195,
            0.4769752787203102,
            0.4692195831313621
        ]
    },
    "2": {
        "mean": 0.5270964614638876,
        "max": 0.5380513814832768,
        "min": 0.5152690256907416,
        "all": [
            0.5244789142026175,
            0.5380513814832768,
            0.5220552593310712,
            0.5210857973824528,
            0.5327193407658749,
            0.5283567619970916,
            0.5152690256907416,
            0.534658264663112,
            0.5327193407658749,
            0.521570528356762
        ]
    },
    "4": {
        "mean": 0.5621909840038779,
        "max": 0.575860397479399,
        "min": 0.5501696558410082,
        "all": [
            0.5598642753271934,
            0.5632573921473583,
            0.5613184682501212,
            0.5724672806592341,
            0.5656810470189045,
            0.5613184682501212,
            0.5501696558410082,
            0.5559864275327193,
            0.5559864275327193,
            0.575860397479399
        ]
    },
    "8": {
        "mean": 0.576490547746001,
        "max": 0.5865244789142026,
        "min": 0.5681047018904508,
        "all": [
            0.5729520116335434,
            0.5782840523509453,
            0.5865244789142026,
            0.5690741638390693,
            0.5777993213766359,
            0.5763451284537082,
            0.5865244789142026,
            0.5700436257876879,
            0.5792535142995637,
            0.5681047018904508
        ]
    },
    "16": {
        "mean": 0.5897237033446436,
        "max": 0.5986427532719341,
        "min": 0.5768298594280175,
        "all": [
            0.596703829374697,
            0.59476490547746,
            0.5855550169655841,
            0.5913717886572952,
            0.5807077072224915,
            0.5899175957343674,
            0.5986427532719341,
            0.5768298594280175,
            0.5952496364517693,
            0.5874939408628211
        ]
    },
    "32": {
        "mean": 0.5955404750363548,
        "max": 0.6000969461948619,
        "min": 0.5904023267086767,
        "all": [
            0.596703829374697,
            0.59476490547746,
            0.5971885603490062,
            0.5991274842462433,
            0.5933107125545323,
            0.59476490547746,
            0.6000969461948619,
            0.5904023267086767,
            0.5957343674260785,
            0.5933107125545323
        ]
    },
    "64": {
        "mean": 0.6010179350460495,
        "max": 0.603974793989336,
        "min": 0.5962190984003878,
        "all": [
            0.603974793989336,
            0.5962190984003878,
            0.6030053320407174,
            0.6000969461948619,
            0.6025206010664081,
            0.5991274842462433,
            0.6005816771691711,
            0.6010664081434803,
            0.6020358700920989,
            0.6015511391177897
        ]
    },
    "128": {
        "mean": 0.6005816771691712,
        "max": 0.6005816771691711,
        "min": 0.6005816771691711,
        "all": [
            0.6005816771691711,
            0.6005816771691711,
            0.6005816771691711,
            0.6005816771691711,
            0.6005816771691711,
            0.6005816771691711,
            0.6005816771691711,
            0.6005816771691711,
            0.6005816771691711,
            0.6005816771691711
        ]
    }
}