{
    "1": {
        "mean": 0.4815317498788172,
        "max": 0.4968492486669898,
        "min": 0.4692195831313621,
        "all": [
            0.4968492486669898,
            0.47649054774600097,
            0.48618516723218613,
            0.4881240911294232,
            0.48327678138633057,
            0.48327678138633057,
            0.4774600096946195,
            0.4774600096946195,
            0.4769752787203102,
            0.4692195831313621
        ]
    },
    "2": {
        "mean": 0.5253514299563742,
        "max": 0.538536112457586,
        "min": 0.5094522539990305,
        "all": [
            0.5210857973824528,
            0.538536112457586,
            0.5249636451769268,
            0.5220552593310712,
            0.5259331071255453,
            0.5249636451769268,
            0.5094522539990305,
            0.5269025690741639,
            0.5332040717401842,
            0.5264178380998545
        ]
    },
    "4": {
        "mean": 0.5506059137178865,
        "max": 0.5613184682501212,
        "min": 0.5433834222006786,
        "all": [
            0.5453223460979156,
            0.5574406204556471,
            0.5501696558410082,
            0.5448376151236064,
            0.5525933107125546,
            0.5501696558410082,
            0.5433834222006786,
            0.5550169655841009,
            0.5458070770722249,
            0.5613184682501212
        ]
    },
    "8": {
        "mean": 0.5651963160445953,
        "max": 0.5724672806592341,
        "min": 0.5530780416868638,
        "all": [
            0.5724672806592341,
            0.5632573921473583,
            0.5695588948133786,
            0.5550169655841009,
            0.5724672806592341,
            0.566650508967523,
            0.5719825496849249,
            0.5622879301987397,
            0.5530780416868638,
            0.5651963160445953
        ]
    },
    "16": {
        "mean": 0.5798351914687349,
        "max": 0.5855550169655841,
        "min": 0.573921473582162,
        "all": [
            0.5787687833252545,
            0.5855550169655841,
            0.5748909355307804,
            0.5777993213766359,
            0.5753756665050896,
            0.5811924381968008,
            0.5841008240426563,
            0.573921473582162,
            0.5845855550169656,
            0.5821619001454192
        ]
    },
    "32": {
        "mean": 0.5845855550169655,
        "max": 0.5918565196316045,
        "min": 0.5773145904023267,
        "all": [
            0.5870092098885119,
            0.5773145904023267,
            0.583616093068347,
            0.5821619001454192,
            0.5894328647600582,
            0.5918565196316045,
            0.590887057682986,
            0.5807077072224915,
            0.583616093068347,
            0.5792535142995637
        ]
    },
    "64": {
        "mean": 0.590159961221522,
        "max": 0.5937954435288415,
        "min": 0.5845855550169656,
        "all": [
            0.5845855550169656,
            0.5923412506059137,
            0.5933107125545323,
            0.5923412506059137,
            0.5860397479398933,
            0.590887057682986,
            0.5899175957343674,
            0.5913717886572952,
            0.5937954435288415,
            0.5870092098885119
        ]
    },
    "128": {
        "mean": 0.5933107125545323,
        "max": 0.5933107125545323,
        "min": 0.5933107125545323,
        "all": [
            0.5933107125545323,
            0.5933107125545323,
            0.5933107125545323,
            0.5933107125545323,
            0.5933107125545323,
            0.5933107125545323,
            0.5933107125545323,
            0.5933107125545323,
            0.5933107125545323,
            0.5933107125545323
        ]
    }
}