{
    "1": {
        "mean": 0.31517241379310346,
        "max": 0.3448275862068966,
        "min": 0.2620689655172414,
        "all": [
            0.3448275862068966,
            0.2827586206896552,
            0.2689655172413793,
            0.33793103448275863,
            0.3310344827586207,
            0.2620689655172414,
            0.31724137931034485,
            0.3310344827586207,
            0.3310344827586207,
            0.3448275862068966
        ]
    },
    "2": {
        "mean": 0.3220689655172414,
        "max": 0.3793103448275862,
        "min": 0.2689655172413793,
        "all": [
            0.3448275862068966,
            0.33793103448275863,
            0.3103448275862069,
            0.2827586206896552,
            0.3793103448275862,
            0.33793103448275863,
            0.30344827586206896,
            0.2689655172413793,
            0.32413793103448274,
            0.3310344827586207
        ]
    },
    "4": {
        "mean": 0.32000000000000006,
        "max": 0.3724137931034483,
        "min": 0.2689655172413793,
        "all": [
            0.32413793103448274,
            0.32413793103448274,
            0.3724137931034483,
            0.33793103448275863,
            0.33793103448275863,
            0.2689655172413793,
            0.2827586206896552,
            0.296551724137931,
            0.31724137931034485,
            0.33793103448275863
        ]
    },
    "8": {
        "mean": 0.31034482758620696,
        "max": 0.3448275862068966,
        "min": 0.27586206896551724,
        "all": [
            0.2896551724137931,
            0.31724137931034485,
            0.3448275862068966,
            0.31724137931034485,
            0.2896551724137931,
            0.27586206896551724,
            0.33793103448275863,
            0.31724137931034485,
            0.31724137931034485,
            0.296551724137931
        ]
    },
    "16": {
        "mean": 0.31034482758620696,
        "max": 0.33793103448275863,
        "min": 0.2896551724137931,
        "all": [
            0.3103448275862069,
            0.2896551724137931,
            0.3103448275862069,
            0.31724137931034485,
            0.3310344827586207,
            0.31724137931034485,
            0.3103448275862069,
            0.33793103448275863,
            0.2896551724137931,
            0.2896551724137931
        ]
    },
    "32": {
        "mean": 0.3179310344827586,
        "max": 0.3448275862068966,
        "min": 0.2827586206896552,
        "all": [
            0.3448275862068966,
            0.31724137931034485,
            0.2896551724137931,
            0.32413793103448274,
            0.3448275862068966,
            0.3448275862068966,
            0.30344827586206896,
            0.296551724137931,
            0.2827586206896552,
            0.3310344827586207
        ]
    },
    "64": {
        "mean": 0.3,
        "max": 0.3586206896551724,
        "min": 0.2620689655172414,
        "all": [
            0.3448275862068966,
            0.30344827586206896,
            0.3586206896551724,
            0.2827586206896552,
            0.2827586206896552,
            0.30344827586206896,
            0.30344827586206896,
            0.2620689655172414,
            0.2620689655172414,
            0.296551724137931
        ]
    },
    "128": {
        "mean": 0.303448275862069,
        "max": 0.30344827586206896,
        "min": 0.30344827586206896,
        "all": [
            0.30344827586206896,
            0.30344827586206896,
            0.30344827586206896,
            0.30344827586206896,
            0.30344827586206896,
            0.30344827586206896,
            0.30344827586206896,
            0.30344827586206896,
            0.30344827586206896,
            0.30344827586206896
        ]
    }
}