{
    "1": {
        "mean": 0.4326666666666667,
        "max": 0.4866666666666667,
        "min": 0.36666666666666664,
        "all": [
            0.43333333333333335,
            0.42,
            0.47333333333333333,
            0.36666666666666664,
            0.44,
            0.4866666666666667,
            0.38,
            0.41333333333333333,
            0.4666666666666667,
            0.44666666666666666
        ]
    },
    "2": {
        "mean": 0.5173333333333333,
        "max": 0.54,
        "min": 0.4533333333333333,
        "all": [
            0.54,
            0.52,
            0.5266666666666666,
            0.54,
            0.5266666666666666,
            0.52,
            0.5,
            0.4533333333333333,
            0.52,
            0.5266666666666666
        ]
    },
    "4": {
        "mean": 0.5820000000000001,
        "max": 0.6266666666666667,
        "min": 0.5466666666666666,
        "all": [
            0.5666666666666667,
            0.5933333333333334,
            0.5533333333333333,
            0.5866666666666667,
            0.6,
            0.6266666666666667,
            0.6,
            0.5733333333333334,
            0.5733333333333334,
            0.5466666666666666
        ]
    },
    "8": {
        "mean": 0.6279999999999999,
        "max": 0.66,
        "min": 0.5866666666666667,
        "all": [
            0.5866666666666667,
            0.6333333333333333,
            0.6133333333333333,
            0.5866666666666667,
            0.6533333333333333,
            0.66,
            0.62,
            0.64,
            0.6533333333333333,
            0.6333333333333333
        ]
    },
    "16": {
        "mean": 0.6326666666666666,
        "max": 0.6666666666666666,
        "min": 0.58,
        "all": [
            0.58,
            0.5933333333333334,
            0.6466666666666666,
            0.6333333333333333,
            0.6466666666666666,
            0.6666666666666666,
            0.6333333333333333,
            0.6466666666666666,
            0.6533333333333333,
            0.6266666666666667
        ]
    },
    "32": {
        "mean": 0.6746666666666667,
        "max": 0.7066666666666667,
        "min": 0.6133333333333333,
        "all": [
            0.68,
            0.7066666666666667,
            0.6133333333333333,
            0.6933333333333334,
            0.7,
            0.6733333333333333,
            0.6533333333333333,
            0.68,
            0.66,
            0.6866666666666666
        ]
    },
    "64": {
        "mean": 0.6653333333333332,
        "max": 0.7,
        "min": 0.6133333333333333,
        "all": [
            0.6733333333333333,
            0.6666666666666666,
            0.6333333333333333,
            0.6666666666666666,
            0.6533333333333333,
            0.7,
            0.6933333333333334,
            0.6733333333333333,
            0.6133333333333333,
            0.68
        ]
    },
    "128": {
        "mean": 0.6733333333333335,
        "max": 0.6733333333333333,
        "min": 0.6733333333333333,
        "all": [
            0.6733333333333333,
            0.6733333333333333,
            0.6733333333333333,
            0.6733333333333333,
            0.6733333333333333,
            0.6733333333333333,
            0.6733333333333333,
            0.6733333333333333,
            0.6733333333333333,
            0.6733333333333333
        ]
    }
}