{
    "1": {
        "mean": 0.5864285714285713,
        "max": 0.6071428571428571,
        "min": 0.5642857142857143,
        "all": [
            0.5714285714285714,
            0.5785714285714286,
            0.6,
            0.5928571428571429,
            0.5928571428571429,
            0.6,
            0.6071428571428571,
            0.5642857142857143,
            0.5928571428571429,
            0.5642857142857143
        ]
    },
    "2": {
        "mean": 0.5764285714285713,
        "max": 0.6357142857142857,
        "min": 0.5071428571428571,
        "all": [
            0.6357142857142857,
            0.5071428571428571,
            0.5928571428571429,
            0.5642857142857143,
            0.6357142857142857,
            0.6,
            0.5642857142857143,
            0.5571428571428572,
            0.5642857142857143,
            0.5428571428571428
        ]
    },
    "4": {
        "mean": 0.6135714285714287,
        "max": 0.6285714285714286,
        "min": 0.5928571428571429,
        "all": [
            0.6142857142857143,
            0.6071428571428571,
            0.5928571428571429,
            0.6214285714285714,
            0.6142857142857143,
            0.6142857142857143,
            0.6285714285714286,
            0.6285714285714286,
            0.5928571428571429,
            0.6214285714285714
        ]
    },
    "8": {
        "mean": 0.6171428571428571,
        "max": 0.6428571428571429,
        "min": 0.6,
        "all": [
            0.6,
            0.6,
            0.6142857142857143,
            0.6,
            0.6,
            0.6428571428571429,
            0.6357142857142857,
            0.6142857142857143,
            0.6357142857142857,
            0.6285714285714286
        ]
    },
    "16": {
        "mean": 0.6278571428571429,
        "max": 0.6428571428571429,
        "min": 0.6142857142857143,
        "all": [
            0.6214285714285714,
            0.6285714285714286,
            0.6428571428571429,
            0.6285714285714286,
            0.6357142857142857,
            0.6142857142857143,
            0.6214285714285714,
            0.6214285714285714,
            0.6357142857142857,
            0.6285714285714286
        ]
    },
    "32": {
        "mean": 0.6314285714285715,
        "max": 0.6428571428571429,
        "min": 0.6071428571428571,
        "all": [
            0.6428571428571429,
            0.6357142857142857,
            0.6428571428571429,
            0.6357142857142857,
            0.6285714285714286,
            0.6214285714285714,
            0.6071428571428571,
            0.6214285714285714,
            0.6428571428571429,
            0.6357142857142857
        ]
    },
    "64": {
        "mean": 0.6407142857142858,
        "max": 0.65,
        "min": 0.6214285714285714,
        "all": [
            0.6285714285714286,
            0.6214285714285714,
            0.6428571428571429,
            0.6428571428571429,
            0.65,
            0.65,
            0.6428571428571429,
            0.6357142857142857,
            0.6428571428571429,
            0.65
        ]
    },
    "128": {
        "mean": 0.6357142857142858,
        "max": 0.6357142857142857,
        "min": 0.6357142857142857,
        "all": [
            0.6357142857142857,
            0.6357142857142857,
            0.6357142857142857,
            0.6357142857142857,
            0.6357142857142857,
            0.6357142857142857,
            0.6357142857142857,
            0.6357142857142857,
            0.6357142857142857,
            0.6357142857142857
        ]
    }
}