{
    "1": {
        "mean": 0.33333333333333337,
        "max": 0.38666666666666666,
        "min": 0.29333333333333333,
        "all": [
            0.31333333333333335,
            0.36666666666666664,
            0.32666666666666666,
            0.38666666666666666,
            0.35333333333333333,
            0.34,
            0.30666666666666664,
            0.32,
            0.32666666666666666,
            0.29333333333333333
        ]
    },
    "2": {
        "mean": 0.41866666666666663,
        "max": 0.46,
        "min": 0.32666666666666666,
        "all": [
            0.43333333333333335,
            0.43333333333333335,
            0.42,
            0.41333333333333333,
            0.3933333333333333,
            0.32666666666666666,
            0.44666666666666666,
            0.42,
            0.44,
            0.46
        ]
    },
    "4": {
        "mean": 0.4706666666666666,
        "max": 0.5133333333333333,
        "min": 0.4266666666666667,
        "all": [
            0.47333333333333333,
            0.4866666666666667,
            0.5133333333333333,
            0.48,
            0.5133333333333333,
            0.44,
            0.43333333333333335,
            0.4533333333333333,
            0.4266666666666667,
            0.4866666666666667
        ]
    },
    "8": {
        "mean": 0.5113333333333333,
        "max": 0.5333333333333333,
        "min": 0.4866666666666667,
        "all": [
            0.5266666666666666,
            0.5,
            0.5266666666666666,
            0.49333333333333335,
            0.5,
            0.4866666666666667,
            0.5333333333333333,
            0.5266666666666666,
            0.4866666666666667,
            0.5333333333333333
        ]
    },
    "16": {
        "mean": 0.5366666666666667,
        "max": 0.56,
        "min": 0.5066666666666667,
        "all": [
            0.56,
            0.5333333333333333,
            0.5466666666666666,
            0.5333333333333333,
            0.5066666666666667,
            0.5466666666666666,
            0.5266666666666666,
            0.52,
            0.5466666666666666,
            0.5466666666666666
        ]
    },
    "32": {
        "mean": 0.5640000000000001,
        "max": 0.5933333333333334,
        "min": 0.54,
        "all": [
            0.5733333333333334,
            0.58,
            0.54,
            0.5933333333333334,
            0.5533333333333333,
            0.5666666666666667,
            0.5533333333333333,
            0.5666666666666667,
            0.5733333333333334,
            0.54
        ]
    },
    "64": {
        "mean": 0.5639999999999998,
        "max": 0.5866666666666667,
        "min": 0.5466666666666666,
        "all": [
            0.5533333333333333,
            0.5466666666666666,
            0.56,
            0.5666666666666667,
            0.58,
            0.5866666666666667,
            0.5533333333333333,
            0.56,
            0.5666666666666667,
            0.5666666666666667
        ]
    },
    "128": {
        "mean": 0.5666666666666667,
        "max": 0.5666666666666667,
        "min": 0.5666666666666667,
        "all": [
            0.5666666666666667,
            0.5666666666666667,
            0.5666666666666667,
            0.5666666666666667,
            0.5666666666666667,
            0.5666666666666667,
            0.5666666666666667,
            0.5666666666666667,
            0.5666666666666667,
            0.5666666666666667
        ]
    }
}