{
    "1": {
        "mean": 0.45533333333333337,
        "max": 0.4866666666666667,
        "min": 0.43333333333333335,
        "all": [
            0.44666666666666666,
            0.4533333333333333,
            0.46,
            0.4666666666666667,
            0.43333333333333335,
            0.44,
            0.4866666666666667,
            0.43333333333333335,
            0.46,
            0.47333333333333333
        ]
    },
    "2": {
        "mean": 0.4653333333333333,
        "max": 0.5,
        "min": 0.41333333333333333,
        "all": [
            0.48,
            0.47333333333333333,
            0.41333333333333333,
            0.49333333333333335,
            0.4533333333333333,
            0.46,
            0.5,
            0.4533333333333333,
            0.4533333333333333,
            0.47333333333333333
        ]
    },
    "4": {
        "mean": 0.4806666666666667,
        "max": 0.5066666666666667,
        "min": 0.44,
        "all": [
            0.49333333333333335,
            0.4666666666666667,
            0.5066666666666667,
            0.44666666666666666,
            0.4866666666666667,
            0.4666666666666667,
            0.5,
            0.44,
            0.49333333333333335,
            0.5066666666666667
        ]
    },
    "8": {
        "mean": 0.4993333333333333,
        "max": 0.52,
        "min": 0.48,
        "all": [
            0.5,
            0.5,
            0.52,
            0.52,
            0.48,
            0.5,
            0.49333333333333335,
            0.5,
            0.4866666666666667,
            0.49333333333333335
        ]
    },
    "16": {
        "mean": 0.4966666666666667,
        "max": 0.52,
        "min": 0.47333333333333333,
        "all": [
            0.52,
            0.49333333333333335,
            0.48,
            0.47333333333333333,
            0.5,
            0.5066666666666667,
            0.5,
            0.49333333333333335,
            0.5,
            0.5
        ]
    },
    "32": {
        "mean": 0.506,
        "max": 0.52,
        "min": 0.49333333333333335,
        "all": [
            0.49333333333333335,
            0.5133333333333333,
            0.5066666666666667,
            0.52,
            0.5066666666666667,
            0.5066666666666667,
            0.5066666666666667,
            0.5066666666666667,
            0.49333333333333335,
            0.5066666666666667
        ]
    },
    "64": {
        "mean": 0.5046666666666667,
        "max": 0.5133333333333333,
        "min": 0.48,
        "all": [
            0.5,
            0.5066666666666667,
            0.5133333333333333,
            0.5066666666666667,
            0.48,
            0.5066666666666667,
            0.5066666666666667,
            0.5133333333333333,
            0.5133333333333333,
            0.5
        ]
    },
    "128": {
        "mean": 0.5066666666666667,
        "max": 0.5066666666666667,
        "min": 0.5066666666666667,
        "all": [
            0.5066666666666667,
            0.5066666666666667,
            0.5066666666666667,
            0.5066666666666667,
            0.5066666666666667,
            0.5066666666666667,
            0.5066666666666667,
            0.5066666666666667,
            0.5066666666666667,
            0.5066666666666667
        ]
    }
}