{
    "1": {
        "mean": 0.5248322147651007,
        "max": 0.5369127516778524,
        "min": 0.48322147651006714,
        "all": [
            0.5302013422818792,
            0.5369127516778524,
            0.5234899328859061,
            0.5302013422818792,
            0.5369127516778524,
            0.5369127516778524,
            0.5302013422818792,
            0.48322147651006714,
            0.5167785234899329,
            0.5234899328859061
        ]
    },
    "2": {
        "mean": 0.5570469798657719,
        "max": 0.6040268456375839,
        "min": 0.5234899328859061,
        "all": [
            0.5369127516778524,
            0.5637583892617449,
            0.5369127516778524,
            0.5570469798657718,
            0.5570469798657718,
            0.5234899328859061,
            0.5771812080536913,
            0.5570469798657718,
            0.5570469798657718,
            0.6040268456375839
        ]
    },
    "4": {
        "mean": 0.5872483221476511,
        "max": 0.6174496644295302,
        "min": 0.5436241610738255,
        "all": [
            0.6174496644295302,
            0.5704697986577181,
            0.5704697986577181,
            0.610738255033557,
            0.5704697986577181,
            0.5906040268456376,
            0.610738255033557,
            0.6040268456375839,
            0.5838926174496645,
            0.5436241610738255
        ]
    },
    "8": {
        "mean": 0.5885906040268456,
        "max": 0.6375838926174496,
        "min": 0.5503355704697986,
        "all": [
            0.6040268456375839,
            0.5503355704697986,
            0.5906040268456376,
            0.5704697986577181,
            0.6040268456375839,
            0.5704697986577181,
            0.6375838926174496,
            0.5570469798657718,
            0.6040268456375839,
            0.5973154362416108
        ]
    },
    "16": {
        "mean": 0.5738255033557047,
        "max": 0.610738255033557,
        "min": 0.5436241610738255,
        "all": [
            0.5436241610738255,
            0.5771812080536913,
            0.5637583892617449,
            0.5503355704697986,
            0.5704697986577181,
            0.610738255033557,
            0.5906040268456376,
            0.5637583892617449,
            0.5838926174496645,
            0.5838926174496645
        ]
    },
    "32": {
        "mean": 0.5543624161073826,
        "max": 0.5771812080536913,
        "min": 0.5167785234899329,
        "all": [
            0.5436241610738255,
            0.5704697986577181,
            0.5167785234899329,
            0.5637583892617449,
            0.5503355704697986,
            0.5637583892617449,
            0.5771812080536913,
            0.5704697986577181,
            0.5570469798657718,
            0.5302013422818792
        ]
    },
    "64": {
        "mean": 0.534228187919463,
        "max": 0.5704697986577181,
        "min": 0.4966442953020134,
        "all": [
            0.5369127516778524,
            0.5234899328859061,
            0.5100671140939598,
            0.5436241610738255,
            0.4966442953020134,
            0.5436241610738255,
            0.5704697986577181,
            0.5436241610738255,
            0.5100671140939598,
            0.5637583892617449
        ]
    },
    "128": {
        "mean": 0.5302013422818792,
        "max": 0.5302013422818792,
        "min": 0.5302013422818792,
        "all": [
            0.5302013422818792,
            0.5302013422818792,
            0.5302013422818792,
            0.5302013422818792,
            0.5302013422818792,
            0.5302013422818792,
            0.5302013422818792,
            0.5302013422818792,
            0.5302013422818792,
            0.5302013422818792
        ]
    }
}