{
    "1": {
        "mean": 0.4815317498788172,
        "max": 0.4968492486669898,
        "min": 0.4692195831313621,
        "all": [
            0.4968492486669898,
            0.47649054774600097,
            0.48618516723218613,
            0.4881240911294232,
            0.48327678138633057,
            0.48327678138633057,
            0.4774600096946195,
            0.4774600096946195,
            0.4769752787203102,
            0.4692195831313621
        ]
    },
    "2": {
        "mean": 0.5083373727581193,
        "max": 0.5220552593310712,
        "min": 0.5007270964614638,
        "all": [
            0.5089675230247213,
            0.5220552593310712,
            0.5094522539990305,
            0.5036354823073195,
            0.5007270964614638,
            0.5050896752302472,
            0.5007270964614638,
            0.5172079495879787,
            0.5138148327678138,
            0.5016965584100824
        ]
    },
    "4": {
        "mean": 0.5448376151236063,
        "max": 0.5550169655841009,
        "min": 0.5351429956374212,
        "all": [
            0.5487154629180805,
            0.5482307319437713,
            0.5390208434318953,
            0.5414444983034415,
            0.5511391177896268,
            0.5390208434318953,
            0.5409597673291323,
            0.549684924866699,
            0.5351429956374212,
            0.5550169655841009
        ]
    },
    "8": {
        "mean": 0.5649539505574406,
        "max": 0.5734367426078526,
        "min": 0.5521085797382452,
        "all": [
            0.5661657779932138,
            0.5637421231216675,
            0.5719825496849249,
            0.5603490063015026,
            0.5734367426078526,
            0.5642268540959767,
            0.5661657779932138,
            0.5676199709161416,
            0.5521085797382452,
            0.5637421231216675
        ]
    },
    "16": {
        "mean": 0.5801260300533204,
        "max": 0.5865244789142026,
        "min": 0.5719825496849249,
        "all": [
            0.5811924381968008,
            0.5865244789142026,
            0.5744062045564712,
            0.579738245273873,
            0.5748909355307804,
            0.5787687833252545,
            0.5841008240426563,
            0.5719825496849249,
            0.5850702859912749,
            0.5845855550169656
        ]
    },
    "32": {
        "mean": 0.5876878332525448,
        "max": 0.5928259815802229,
        "min": 0.5831313620940378,
        "all": [
            0.5894328647600582,
            0.5884634028114396,
            0.5870092098885119,
            0.5831313620940378,
            0.5904023267086767,
            0.5879786718371304,
            0.5928259815802229,
            0.5841008240426563,
            0.5894328647600582,
            0.5841008240426563
        ]
    },
    "64": {
        "mean": 0.5920019389238972,
        "max": 0.5986427532719341,
        "min": 0.5884634028114396,
        "all": [
            0.5894328647600582,
            0.5933107125545323,
            0.5899175957343674,
            0.5899175957343674,
            0.5884634028114396,
            0.5937954435288415,
            0.59476490547746,
            0.5913717886572952,
            0.5986427532719341,
            0.5904023267086767
        ]
    },
    "128": {
        "mean": 0.5971885603490062,
        "max": 0.5971885603490062,
        "min": 0.5971885603490062,
        "all": [
            0.5971885603490062,
            0.5971885603490062,
            0.5971885603490062,
            0.5971885603490062,
            0.5971885603490062,
            0.5971885603490062,
            0.5971885603490062,
            0.5971885603490062,
            0.5971885603490062,
            0.5971885603490062
        ]
    }
}