{
    "1": {
        "mean": 0.4815317498788172,
        "max": 0.4968492486669898,
        "min": 0.4692195831313621,
        "all": [
            0.4968492486669898,
            0.47649054774600097,
            0.48618516723218613,
            0.4881240911294232,
            0.48327678138633057,
            0.48327678138633057,
            0.4774600096946195,
            0.4774600096946195,
            0.4769752787203102,
            0.4692195831313621
        ]
    },
    "2": {
        "mean": 0.506495395055744,
        "max": 0.5191468734852157,
        "min": 0.4983034415899176,
        "all": [
            0.5099369849733398,
            0.5191468734852157,
            0.5060591371788657,
            0.5007270964614638,
            0.5050896752302472,
            0.5007270964614638,
            0.4983034415899176,
            0.508482792050412,
            0.5133301017935046,
            0.5031507513330101
        ]
    },
    "4": {
        "mean": 0.54188075618032,
        "max": 0.5530780416868638,
        "min": 0.5327193407658749,
        "all": [
            0.5399903053805138,
            0.5443528841492972,
            0.5428986912263694,
            0.5375666505089676,
            0.5530780416868638,
            0.5336888027144935,
            0.5375666505089676,
            0.5482307319437713,
            0.5327193407658749,
            0.5487154629180805
        ]
    },
    "8": {
        "mean": 0.5623364032961705,
        "max": 0.56858943286476,
        "min": 0.553562772661173,
        "all": [
            0.5627726611730489,
            0.5564711585070286,
            0.5627726611730489,
            0.5613184682501212,
            0.5642268540959767,
            0.5671352399418322,
            0.564711585070286,
            0.56858943286476,
            0.553562772661173,
            0.5618031992244304
        ]
    },
    "16": {
        "mean": 0.5762966553562773,
        "max": 0.5831313620940378,
        "min": 0.56858943286476,
        "all": [
            0.5777993213766359,
            0.5807077072224915,
            0.56858943286476,
            0.5753756665050896,
            0.5719825496849249,
            0.5787687833252545,
            0.5831313620940378,
            0.56858943286476,
            0.575860397479399,
            0.5821619001454192
        ]
    },
    "32": {
        "mean": 0.5838584585555017,
        "max": 0.588948133785749,
        "min": 0.5782840523509453,
        "all": [
            0.5860397479398933,
            0.5792535142995637,
            0.5782840523509453,
            0.5860397479398933,
            0.5855550169655841,
            0.5865244789142026,
            0.588948133785749,
            0.5821619001454192,
            0.5855550169655841,
            0.5802229762481823
        ]
    },
    "64": {
        "mean": 0.588172564226854,
        "max": 0.5918565196316045,
        "min": 0.583616093068347,
        "all": [
            0.5860397479398933,
            0.588948133785749,
            0.5870092098885119,
            0.5904023267086767,
            0.583616093068347,
            0.5894328647600582,
            0.5884634028114396,
            0.5874939408628211,
            0.5918565196316045,
            0.5884634028114396
        ]
    },
    "128": {
        "mean": 0.5913717886572953,
        "max": 0.5913717886572952,
        "min": 0.5913717886572952,
        "all": [
            0.5913717886572952,
            0.5913717886572952,
            0.5913717886572952,
            0.5913717886572952,
            0.5913717886572952,
            0.5913717886572952,
            0.5913717886572952,
            0.5913717886572952,
            0.5913717886572952,
            0.5913717886572952
        ]
    }
}