{
    "1": {
        "mean": 0.48133333333333334,
        "max": 0.52,
        "min": 0.43333333333333335,
        "all": [
            0.5,
            0.46,
            0.5066666666666667,
            0.43333333333333335,
            0.5,
            0.49333333333333335,
            0.44666666666666666,
            0.52,
            0.4533333333333333,
            0.5
        ]
    },
    "2": {
        "mean": 0.48,
        "max": 0.5066666666666667,
        "min": 0.4266666666666667,
        "all": [
            0.49333333333333335,
            0.4866666666666667,
            0.5,
            0.4666666666666667,
            0.47333333333333333,
            0.48,
            0.4266666666666667,
            0.4866666666666667,
            0.48,
            0.5066666666666667
        ]
    },
    "4": {
        "mean": 0.5353333333333333,
        "max": 0.5666666666666667,
        "min": 0.5,
        "all": [
            0.5066666666666667,
            0.52,
            0.5266666666666666,
            0.5666666666666667,
            0.56,
            0.56,
            0.5,
            0.5466666666666666,
            0.54,
            0.5266666666666666
        ]
    },
    "8": {
        "mean": 0.5453333333333333,
        "max": 0.58,
        "min": 0.52,
        "all": [
            0.5466666666666666,
            0.5466666666666666,
            0.5266666666666666,
            0.52,
            0.54,
            0.5266666666666666,
            0.5666666666666667,
            0.5266666666666666,
            0.58,
            0.5733333333333334
        ]
    },
    "16": {
        "mean": 0.558,
        "max": 0.58,
        "min": 0.5333333333333333,
        "all": [
            0.56,
            0.54,
            0.5666666666666667,
            0.5333333333333333,
            0.58,
            0.5666666666666667,
            0.56,
            0.58,
            0.54,
            0.5533333333333333
        ]
    },
    "32": {
        "mean": 0.5599999999999999,
        "max": 0.5866666666666667,
        "min": 0.54,
        "all": [
            0.54,
            0.5466666666666666,
            0.5666666666666667,
            0.56,
            0.58,
            0.5466666666666666,
            0.5466666666666666,
            0.5866666666666667,
            0.56,
            0.5666666666666667
        ]
    },
    "64": {
        "mean": 0.5700000000000001,
        "max": 0.5933333333333334,
        "min": 0.5533333333333333,
        "all": [
            0.56,
            0.56,
            0.56,
            0.58,
            0.5533333333333333,
            0.56,
            0.5933333333333334,
            0.58,
            0.5733333333333334,
            0.58
        ]
    },
    "128": {
        "mean": 0.5733333333333334,
        "max": 0.5733333333333334,
        "min": 0.5733333333333334,
        "all": [
            0.5733333333333334,
            0.5733333333333334,
            0.5733333333333334,
            0.5733333333333334,
            0.5733333333333334,
            0.5733333333333334,
            0.5733333333333334,
            0.5733333333333334,
            0.5733333333333334,
            0.5733333333333334
        ]
    }
}