{
    "1": {
        "mean": 0.6838461538461539,
        "max": 0.7384615384615385,
        "min": 0.6384615384615384,
        "all": [
            0.6846153846153846,
            0.676923076923077,
            0.6538461538461539,
            0.7,
            0.6923076923076923,
            0.7384615384615385,
            0.6615384615384615,
            0.6384615384615384,
            0.6692307692307692,
            0.7230769230769231
        ]
    },
    "2": {
        "mean": 0.7384615384615385,
        "max": 0.7769230769230769,
        "min": 0.7076923076923077,
        "all": [
            0.7615384615384615,
            0.7769230769230769,
            0.7307692307692307,
            0.7384615384615385,
            0.7461538461538462,
            0.7076923076923077,
            0.7307692307692307,
            0.7384615384615385,
            0.7230769230769231,
            0.7307692307692307
        ]
    },
    "4": {
        "mean": 0.7692307692307692,
        "max": 0.7923076923076923,
        "min": 0.7461538461538462,
        "all": [
            0.7692307692307693,
            0.7923076923076923,
            0.7615384615384615,
            0.7538461538461538,
            0.7692307692307693,
            0.7461538461538462,
            0.7461538461538462,
            0.7769230769230769,
            0.7846153846153846,
            0.7923076923076923
        ]
    },
    "8": {
        "mean": 0.7823076923076921,
        "max": 0.8,
        "min": 0.7615384615384615,
        "all": [
            0.7769230769230769,
            0.7923076923076923,
            0.7692307692307693,
            0.7846153846153846,
            0.7846153846153846,
            0.7846153846153846,
            0.7923076923076923,
            0.7615384615384615,
            0.8,
            0.7769230769230769
        ]
    },
    "16": {
        "mean": 0.8069230769230769,
        "max": 0.8538461538461538,
        "min": 0.7846153846153846,
        "all": [
            0.7846153846153846,
            0.8076923076923077,
            0.8076923076923077,
            0.7923076923076923,
            0.8307692307692308,
            0.7846153846153846,
            0.8153846153846154,
            0.8538461538461538,
            0.8076923076923077,
            0.7846153846153846
        ]
    },
    "32": {
        "mean": 0.8,
        "max": 0.8153846153846154,
        "min": 0.7846153846153846,
        "all": [
            0.7846153846153846,
            0.8,
            0.8153846153846154,
            0.8,
            0.7846153846153846,
            0.8076923076923077,
            0.7923076923076923,
            0.8,
            0.8076923076923077,
            0.8076923076923077
        ]
    },
    "64": {
        "mean": 0.8107692307692307,
        "max": 0.823076923076923,
        "min": 0.7923076923076923,
        "all": [
            0.8153846153846154,
            0.8153846153846154,
            0.8153846153846154,
            0.823076923076923,
            0.8,
            0.8076923076923077,
            0.8153846153846154,
            0.8153846153846154,
            0.7923076923076923,
            0.8076923076923077
        ]
    },
    "128": {
        "mean": 0.8153846153846154,
        "max": 0.8153846153846154,
        "min": 0.8153846153846154,
        "all": [
            0.8153846153846154,
            0.8153846153846154,
            0.8153846153846154,
            0.8153846153846154,
            0.8153846153846154,
            0.8153846153846154,
            0.8153846153846154,
            0.8153846153846154,
            0.8153846153846154,
            0.8153846153846154
        ]
    }
}