{
    "1": {
        "mean": 0.4174496644295302,
        "max": 0.4563758389261745,
        "min": 0.3691275167785235,
        "all": [
            0.4228187919463087,
            0.4228187919463087,
            0.3825503355704698,
            0.436241610738255,
            0.44966442953020136,
            0.38926174496644295,
            0.42953020134228187,
            0.3691275167785235,
            0.4161073825503356,
            0.4563758389261745
        ]
    },
    "2": {
        "mean": 0.4496644295302013,
        "max": 0.48322147651006714,
        "min": 0.3825503355704698,
        "all": [
            0.4563758389261745,
            0.4429530201342282,
            0.4429530201342282,
            0.48322147651006714,
            0.47651006711409394,
            0.4429530201342282,
            0.44966442953020136,
            0.3825503355704698,
            0.4563758389261745,
            0.46308724832214765
        ]
    },
    "4": {
        "mean": 0.461744966442953,
        "max": 0.48322147651006714,
        "min": 0.42953020134228187,
        "all": [
            0.48322147651006714,
            0.47651006711409394,
            0.42953020134228187,
            0.47651006711409394,
            0.48322147651006714,
            0.436241610738255,
            0.4697986577181208,
            0.44966442953020136,
            0.44966442953020136,
            0.46308724832214765
        ]
    },
    "8": {
        "mean": 0.46442953020134237,
        "max": 0.48322147651006714,
        "min": 0.42953020134228187,
        "all": [
            0.46308724832214765,
            0.4429530201342282,
            0.48322147651006714,
            0.47651006711409394,
            0.46308724832214765,
            0.4563758389261745,
            0.47651006711409394,
            0.42953020134228187,
            0.4697986577181208,
            0.48322147651006714
        ]
    },
    "16": {
        "mean": 0.48657718120805377,
        "max": 0.5033557046979866,
        "min": 0.4563758389261745,
        "all": [
            0.47651006711409394,
            0.4966442953020134,
            0.5033557046979866,
            0.48322147651006714,
            0.4563758389261745,
            0.4697986577181208,
            0.4966442953020134,
            0.5033557046979866,
            0.48322147651006714,
            0.4966442953020134
        ]
    },
    "32": {
        "mean": 0.489261744966443,
        "max": 0.5234899328859061,
        "min": 0.4563758389261745,
        "all": [
            0.5234899328859061,
            0.4966442953020134,
            0.4899328859060403,
            0.4966442953020134,
            0.4697986577181208,
            0.48322147651006714,
            0.4899328859060403,
            0.4966442953020134,
            0.4563758389261745,
            0.4899328859060403
        ]
    },
    "64": {
        "mean": 0.5073825503355704,
        "max": 0.5234899328859061,
        "min": 0.48322147651006714,
        "all": [
            0.5033557046979866,
            0.5033557046979866,
            0.5234899328859061,
            0.5167785234899329,
            0.5167785234899329,
            0.5100671140939598,
            0.5100671140939598,
            0.5033557046979866,
            0.48322147651006714,
            0.5033557046979866
        ]
    },
    "128": {
        "mean": 0.5100671140939597,
        "max": 0.5100671140939598,
        "min": 0.5100671140939598,
        "all": [
            0.5100671140939598,
            0.5100671140939598,
            0.5100671140939598,
            0.5100671140939598,
            0.5100671140939598,
            0.5100671140939598,
            0.5100671140939598,
            0.5100671140939598,
            0.5100671140939598,
            0.5100671140939598
        ]
    }
}