{
    "1": {
        "mean": 0.4174496644295302,
        "max": 0.4563758389261745,
        "min": 0.3691275167785235,
        "all": [
            0.4228187919463087,
            0.4228187919463087,
            0.3825503355704698,
            0.436241610738255,
            0.44966442953020136,
            0.38926174496644295,
            0.42953020134228187,
            0.3691275167785235,
            0.4161073825503356,
            0.4563758389261745
        ]
    },
    "2": {
        "mean": 0.44899328859060406,
        "max": 0.47651006711409394,
        "min": 0.3691275167785235,
        "all": [
            0.44966442953020136,
            0.4429530201342282,
            0.4429530201342282,
            0.47651006711409394,
            0.47651006711409394,
            0.4563758389261745,
            0.44966442953020136,
            0.3691275167785235,
            0.4563758389261745,
            0.4697986577181208
        ]
    },
    "4": {
        "mean": 0.4624161073825503,
        "max": 0.4899328859060403,
        "min": 0.4161073825503356,
        "all": [
            0.4899328859060403,
            0.47651006711409394,
            0.4161073825503356,
            0.47651006711409394,
            0.47651006711409394,
            0.42953020134228187,
            0.4697986577181208,
            0.46308724832214765,
            0.47651006711409394,
            0.44966442953020136
        ]
    },
    "8": {
        "mean": 0.4731543624161074,
        "max": 0.4966442953020134,
        "min": 0.436241610738255,
        "all": [
            0.48322147651006714,
            0.47651006711409394,
            0.4899328859060403,
            0.47651006711409394,
            0.47651006711409394,
            0.46308724832214765,
            0.46308724832214765,
            0.436241610738255,
            0.4697986577181208,
            0.4966442953020134
        ]
    },
    "16": {
        "mean": 0.48657718120805366,
        "max": 0.5100671140939598,
        "min": 0.4697986577181208,
        "all": [
            0.47651006711409394,
            0.5033557046979866,
            0.4899328859060403,
            0.47651006711409394,
            0.4697986577181208,
            0.48322147651006714,
            0.48322147651006714,
            0.4966442953020134,
            0.47651006711409394,
            0.5100671140939598
        ]
    },
    "32": {
        "mean": 0.4859060402684564,
        "max": 0.5033557046979866,
        "min": 0.4697986577181208,
        "all": [
            0.5033557046979866,
            0.5033557046979866,
            0.48322147651006714,
            0.4697986577181208,
            0.47651006711409394,
            0.4899328859060403,
            0.4899328859060403,
            0.48322147651006714,
            0.48322147651006714,
            0.47651006711409394
        ]
    },
    "64": {
        "mean": 0.5033557046979866,
        "max": 0.5302013422818792,
        "min": 0.4697986577181208,
        "all": [
            0.5167785234899329,
            0.5100671140939598,
            0.5302013422818792,
            0.5100671140939598,
            0.5234899328859061,
            0.4697986577181208,
            0.5033557046979866,
            0.5033557046979866,
            0.48322147651006714,
            0.48322147651006714
        ]
    },
    "128": {
        "mean": 0.5100671140939597,
        "max": 0.5100671140939598,
        "min": 0.5100671140939598,
        "all": [
            0.5100671140939598,
            0.5100671140939598,
            0.5100671140939598,
            0.5100671140939598,
            0.5100671140939598,
            0.5100671140939598,
            0.5100671140939598,
            0.5100671140939598,
            0.5100671140939598,
            0.5100671140939598
        ]
    }
}