{
    "1": {
        "mean": 0.45533333333333337,
        "max": 0.4866666666666667,
        "min": 0.43333333333333335,
        "all": [
            0.44666666666666666,
            0.4533333333333333,
            0.46,
            0.4666666666666667,
            0.43333333333333335,
            0.44,
            0.4866666666666667,
            0.43333333333333335,
            0.46,
            0.47333333333333333
        ]
    },
    "2": {
        "mean": 0.44666666666666666,
        "max": 0.4866666666666667,
        "min": 0.41333333333333333,
        "all": [
            0.4533333333333333,
            0.46,
            0.41333333333333333,
            0.4866666666666667,
            0.43333333333333335,
            0.42,
            0.4866666666666667,
            0.44,
            0.42,
            0.4533333333333333
        ]
    },
    "4": {
        "mean": 0.42733333333333334,
        "max": 0.46,
        "min": 0.3933333333333333,
        "all": [
            0.43333333333333335,
            0.42,
            0.4266666666666667,
            0.4266666666666667,
            0.44,
            0.3933333333333333,
            0.46,
            0.41333333333333333,
            0.4266666666666667,
            0.43333333333333335
        ]
    },
    "8": {
        "mean": 0.41133333333333333,
        "max": 0.43333333333333335,
        "min": 0.3933333333333333,
        "all": [
            0.42,
            0.3933333333333333,
            0.4066666666666667,
            0.43333333333333335,
            0.41333333333333333,
            0.4,
            0.4066666666666667,
            0.42,
            0.3933333333333333,
            0.4266666666666667
        ]
    },
    "16": {
        "mean": 0.4,
        "max": 0.43333333333333335,
        "min": 0.37333333333333335,
        "all": [
            0.38,
            0.37333333333333335,
            0.38,
            0.4066666666666667,
            0.43333333333333335,
            0.41333333333333333,
            0.4,
            0.38666666666666666,
            0.41333333333333333,
            0.41333333333333333
        ]
    },
    "32": {
        "mean": 0.37733333333333335,
        "max": 0.4066666666666667,
        "min": 0.3466666666666667,
        "all": [
            0.4066666666666667,
            0.4066666666666667,
            0.36,
            0.3466666666666667,
            0.38,
            0.36666666666666664,
            0.38,
            0.37333333333333335,
            0.38666666666666666,
            0.36666666666666664
        ]
    },
    "64": {
        "mean": 0.37133333333333335,
        "max": 0.3933333333333333,
        "min": 0.34,
        "all": [
            0.38666666666666666,
            0.38,
            0.37333333333333335,
            0.36666666666666664,
            0.34,
            0.37333333333333335,
            0.3933333333333333,
            0.36,
            0.38,
            0.36
        ]
    },
    "128": {
        "mean": 0.36,
        "max": 0.36,
        "min": 0.36,
        "all": [
            0.36,
            0.36,
            0.36,
            0.36,
            0.36,
            0.36,
            0.36,
            0.36,
            0.36,
            0.36
        ]
    }
}