{
    "1": {
        "mean": 0.33333333333333337,
        "max": 0.38666666666666666,
        "min": 0.29333333333333333,
        "all": [
            0.31333333333333335,
            0.36666666666666664,
            0.32666666666666666,
            0.38666666666666666,
            0.35333333333333333,
            0.34,
            0.30666666666666664,
            0.32,
            0.32666666666666666,
            0.29333333333333333
        ]
    },
    "2": {
        "mean": 0.44266666666666665,
        "max": 0.4866666666666667,
        "min": 0.37333333333333335,
        "all": [
            0.44,
            0.44666666666666666,
            0.43333333333333335,
            0.46,
            0.42,
            0.37333333333333335,
            0.4866666666666667,
            0.41333333333333333,
            0.47333333333333333,
            0.48
        ]
    },
    "4": {
        "mean": 0.5053333333333334,
        "max": 0.5466666666666666,
        "min": 0.46,
        "all": [
            0.48,
            0.5466666666666666,
            0.54,
            0.4666666666666667,
            0.5333333333333333,
            0.5066666666666667,
            0.4866666666666667,
            0.52,
            0.46,
            0.5133333333333333
        ]
    },
    "8": {
        "mean": 0.5313333333333333,
        "max": 0.5666666666666667,
        "min": 0.4866666666666667,
        "all": [
            0.5666666666666667,
            0.54,
            0.52,
            0.5466666666666666,
            0.4866666666666667,
            0.5133333333333333,
            0.52,
            0.5666666666666667,
            0.5066666666666667,
            0.5466666666666666
        ]
    },
    "16": {
        "mean": 0.5566666666666666,
        "max": 0.58,
        "min": 0.5,
        "all": [
            0.5666666666666667,
            0.5,
            0.5666666666666667,
            0.5666666666666667,
            0.5466666666666666,
            0.56,
            0.5733333333333334,
            0.54,
            0.58,
            0.5666666666666667
        ]
    },
    "32": {
        "mean": 0.556,
        "max": 0.5866666666666667,
        "min": 0.5266666666666666,
        "all": [
            0.56,
            0.56,
            0.5266666666666666,
            0.5866666666666667,
            0.5266666666666666,
            0.54,
            0.5733333333333334,
            0.5866666666666667,
            0.5533333333333333,
            0.5466666666666666
        ]
    },
    "64": {
        "mean": 0.5693333333333335,
        "max": 0.6066666666666667,
        "min": 0.5333333333333333,
        "all": [
            0.56,
            0.5466666666666666,
            0.5733333333333334,
            0.6,
            0.6066666666666667,
            0.5533333333333333,
            0.5333333333333333,
            0.5666666666666667,
            0.58,
            0.5733333333333334
        ]
    },
    "128": {
        "mean": 0.58,
        "max": 0.58,
        "min": 0.58,
        "all": [
            0.58,
            0.58,
            0.58,
            0.58,
            0.58,
            0.58,
            0.58,
            0.58,
            0.58,
            0.58
        ]
    }
}