{
    "1": {
        "mean": 0.3786666666666667,
        "max": 0.4666666666666667,
        "min": 0.31333333333333335,
        "all": [
            0.34,
            0.4066666666666667,
            0.3333333333333333,
            0.41333333333333333,
            0.4666666666666667,
            0.31333333333333335,
            0.38,
            0.32666666666666666,
            0.41333333333333333,
            0.3933333333333333
        ]
    },
    "2": {
        "mean": 0.4826666666666667,
        "max": 0.54,
        "min": 0.41333333333333333,
        "all": [
            0.46,
            0.5,
            0.41333333333333333,
            0.5333333333333333,
            0.47333333333333333,
            0.4666666666666667,
            0.54,
            0.4666666666666667,
            0.54,
            0.43333333333333335
        ]
    },
    "4": {
        "mean": 0.5486666666666669,
        "max": 0.6133333333333333,
        "min": 0.5,
        "all": [
            0.5466666666666666,
            0.5333333333333333,
            0.5866666666666667,
            0.5466666666666666,
            0.6133333333333333,
            0.5,
            0.5333333333333333,
            0.5533333333333333,
            0.5533333333333333,
            0.52
        ]
    },
    "8": {
        "mean": 0.6206666666666667,
        "max": 0.6533333333333333,
        "min": 0.56,
        "all": [
            0.6466666666666666,
            0.5933333333333334,
            0.6533333333333333,
            0.56,
            0.6,
            0.6466666666666666,
            0.6333333333333333,
            0.6333333333333333,
            0.6066666666666667,
            0.6333333333333333
        ]
    },
    "16": {
        "mean": 0.6426666666666667,
        "max": 0.68,
        "min": 0.6,
        "all": [
            0.64,
            0.68,
            0.64,
            0.64,
            0.62,
            0.6466666666666666,
            0.6733333333333333,
            0.62,
            0.6666666666666666,
            0.6
        ]
    },
    "32": {
        "mean": 0.6679999999999999,
        "max": 0.7,
        "min": 0.6333333333333333,
        "all": [
            0.66,
            0.68,
            0.66,
            0.6666666666666666,
            0.6466666666666666,
            0.6333333333333333,
            0.68,
            0.68,
            0.7,
            0.6733333333333333
        ]
    },
    "64": {
        "mean": 0.6846666666666666,
        "max": 0.7,
        "min": 0.6666666666666666,
        "all": [
            0.7,
            0.6866666666666666,
            0.6933333333333334,
            0.6933333333333334,
            0.6733333333333333,
            0.6666666666666666,
            0.6733333333333333,
            0.6933333333333334,
            0.68,
            0.6866666666666666
        ]
    },
    "128": {
        "mean": 0.6933333333333334,
        "max": 0.6933333333333334,
        "min": 0.6933333333333334,
        "all": [
            0.6933333333333334,
            0.6933333333333334,
            0.6933333333333334,
            0.6933333333333334,
            0.6933333333333334,
            0.6933333333333334,
            0.6933333333333334,
            0.6933333333333334,
            0.6933333333333334,
            0.6933333333333334
        ]
    }
}