{
    "1": {
        "mean": 0.4174496644295302,
        "max": 0.4563758389261745,
        "min": 0.3691275167785235,
        "all": [
            0.4228187919463087,
            0.4228187919463087,
            0.3825503355704698,
            0.436241610738255,
            0.44966442953020136,
            0.38926174496644295,
            0.42953020134228187,
            0.3691275167785235,
            0.4161073825503356,
            0.4563758389261745
        ]
    },
    "2": {
        "mean": 0.42885906040268457,
        "max": 0.47651006711409394,
        "min": 0.35570469798657717,
        "all": [
            0.4228187919463087,
            0.42953020134228187,
            0.436241610738255,
            0.47651006711409394,
            0.42953020134228187,
            0.4563758389261745,
            0.436241610738255,
            0.35570469798657717,
            0.4228187919463087,
            0.4228187919463087
        ]
    },
    "4": {
        "mean": 0.4100671140939598,
        "max": 0.4429530201342282,
        "min": 0.3691275167785235,
        "all": [
            0.4161073825503356,
            0.40268456375838924,
            0.3959731543624161,
            0.40268456375838924,
            0.4228187919463087,
            0.40939597315436244,
            0.4429530201342282,
            0.40939597315436244,
            0.3691275167785235,
            0.42953020134228187
        ]
    },
    "8": {
        "mean": 0.41140939597315435,
        "max": 0.4563758389261745,
        "min": 0.3825503355704698,
        "all": [
            0.3959731543624161,
            0.3825503355704698,
            0.38926174496644295,
            0.40939597315436244,
            0.42953020134228187,
            0.3959731543624161,
            0.42953020134228187,
            0.4228187919463087,
            0.40268456375838924,
            0.4563758389261745
        ]
    },
    "16": {
        "mean": 0.39932885906040266,
        "max": 0.4429530201342282,
        "min": 0.37583892617449666,
        "all": [
            0.4429530201342282,
            0.4161073825503356,
            0.40939597315436244,
            0.3825503355704698,
            0.38926174496644295,
            0.40268456375838924,
            0.40268456375838924,
            0.37583892617449666,
            0.3825503355704698,
            0.38926174496644295
        ]
    },
    "32": {
        "mean": 0.38791946308724834,
        "max": 0.40268456375838924,
        "min": 0.3691275167785235,
        "all": [
            0.3691275167785235,
            0.3825503355704698,
            0.38926174496644295,
            0.3959731543624161,
            0.40268456375838924,
            0.40268456375838924,
            0.3825503355704698,
            0.3825503355704698,
            0.40268456375838924,
            0.3691275167785235
        ]
    },
    "64": {
        "mean": 0.37449664429530205,
        "max": 0.40939597315436244,
        "min": 0.35570469798657717,
        "all": [
            0.3825503355704698,
            0.3691275167785235,
            0.3825503355704698,
            0.3624161073825503,
            0.3691275167785235,
            0.37583892617449666,
            0.3825503355704698,
            0.35570469798657717,
            0.35570469798657717,
            0.40939597315436244
        ]
    },
    "128": {
        "mean": 0.35570469798657717,
        "max": 0.35570469798657717,
        "min": 0.35570469798657717,
        "all": [
            0.35570469798657717,
            0.35570469798657717,
            0.35570469798657717,
            0.35570469798657717,
            0.35570469798657717,
            0.35570469798657717,
            0.35570469798657717,
            0.35570469798657717,
            0.35570469798657717,
            0.35570469798657717
        ]
    }
}