{
    "1": {
        "mean": 0.4174496644295302,
        "max": 0.4563758389261745,
        "min": 0.3691275167785235,
        "all": [
            0.4228187919463087,
            0.4228187919463087,
            0.3825503355704698,
            0.436241610738255,
            0.44966442953020136,
            0.38926174496644295,
            0.42953020134228187,
            0.3691275167785235,
            0.4161073825503356,
            0.4563758389261745
        ]
    },
    "2": {
        "mean": 0.4275167785234899,
        "max": 0.48322147651006714,
        "min": 0.35570469798657717,
        "all": [
            0.4228187919463087,
            0.42953020134228187,
            0.4228187919463087,
            0.48322147651006714,
            0.4429530201342282,
            0.436241610738255,
            0.436241610738255,
            0.35570469798657717,
            0.4228187919463087,
            0.4228187919463087
        ]
    },
    "4": {
        "mean": 0.42348993288590603,
        "max": 0.4429530201342282,
        "min": 0.40268456375838924,
        "all": [
            0.436241610738255,
            0.40268456375838924,
            0.4161073825503356,
            0.40268456375838924,
            0.436241610738255,
            0.42953020134228187,
            0.4429530201342282,
            0.436241610738255,
            0.40268456375838924,
            0.42953020134228187
        ]
    },
    "8": {
        "mean": 0.4328859060402685,
        "max": 0.44966442953020136,
        "min": 0.40939597315436244,
        "all": [
            0.42953020134228187,
            0.40939597315436244,
            0.44966442953020136,
            0.4429530201342282,
            0.42953020134228187,
            0.436241610738255,
            0.436241610738255,
            0.4429530201342282,
            0.40939597315436244,
            0.4429530201342282
        ]
    },
    "16": {
        "mean": 0.43355704697986575,
        "max": 0.47651006711409394,
        "min": 0.40939597315436244,
        "all": [
            0.4563758389261745,
            0.47651006711409394,
            0.46308724832214765,
            0.4161073825503356,
            0.4161073825503356,
            0.40939597315436244,
            0.4228187919463087,
            0.42953020134228187,
            0.42953020134228187,
            0.4161073825503356
        ]
    },
    "32": {
        "mean": 0.4241610738255034,
        "max": 0.44966442953020136,
        "min": 0.3959731543624161,
        "all": [
            0.4161073825503356,
            0.40939597315436244,
            0.436241610738255,
            0.4161073825503356,
            0.42953020134228187,
            0.436241610738255,
            0.44966442953020136,
            0.3959731543624161,
            0.42953020134228187,
            0.4228187919463087
        ]
    },
    "64": {
        "mean": 0.4167785234899329,
        "max": 0.4429530201342282,
        "min": 0.37583892617449666,
        "all": [
            0.436241610738255,
            0.40939597315436244,
            0.4228187919463087,
            0.40939597315436244,
            0.4429530201342282,
            0.40939597315436244,
            0.4228187919463087,
            0.40939597315436244,
            0.37583892617449666,
            0.42953020134228187
        ]
    },
    "128": {
        "mean": 0.39597315436241604,
        "max": 0.3959731543624161,
        "min": 0.3959731543624161,
        "all": [
            0.3959731543624161,
            0.3959731543624161,
            0.3959731543624161,
            0.3959731543624161,
            0.3959731543624161,
            0.3959731543624161,
            0.3959731543624161,
            0.3959731543624161,
            0.3959731543624161,
            0.3959731543624161
        ]
    }
}