{
    "1": {
        "mean": 0.4815317498788172,
        "max": 0.4968492486669898,
        "min": 0.4692195831313621,
        "all": [
            0.4968492486669898,
            0.47649054774600097,
            0.48618516723218613,
            0.4881240911294232,
            0.48327678138633057,
            0.48327678138633057,
            0.4774600096946195,
            0.4774600096946195,
            0.4769752787203102,
            0.4692195831313621
        ]
    },
    "2": {
        "mean": 0.5226369365002423,
        "max": 0.5336888027144935,
        "min": 0.5142995637421232,
        "all": [
            0.5142995637421232,
            0.5336888027144935,
            0.521570528356762,
            0.5162384876393602,
            0.5259331071255453,
            0.5220552593310712,
            0.5142995637421232,
            0.5283567619970916,
            0.5298109549200194,
            0.5201163354338342
        ]
    },
    "4": {
        "mean": 0.5501696558410083,
        "max": 0.553562772661173,
        "min": 0.5448376151236064,
        "all": [
            0.5462918080465342,
            0.553562772661173,
            0.5492001938923897,
            0.5501696558410082,
            0.551623848763936,
            0.553562772661173,
            0.5501696558410082,
            0.5506543868153175,
            0.5448376151236064,
            0.551623848763936
        ]
    },
    "8": {
        "mean": 0.5666020358700921,
        "max": 0.5734367426078526,
        "min": 0.5632573921473583,
        "all": [
            0.5642268540959767,
            0.5637421231216675,
            0.5676199709161416,
            0.566650508967523,
            0.5734367426078526,
            0.5637421231216675,
            0.5724672806592341,
            0.566650508967523,
            0.5642268540959767,
            0.5632573921473583
        ]
    },
    "16": {
        "mean": 0.5782840523509452,
        "max": 0.5841008240426563,
        "min": 0.5719825496849249,
        "all": [
            0.5802229762481823,
            0.5777993213766359,
            0.5719825496849249,
            0.5841008240426563,
            0.5768298594280175,
            0.5792535142995637,
            0.5792535142995637,
            0.5748909355307804,
            0.5777993213766359,
            0.5807077072224915
        ]
    },
    "32": {
        "mean": 0.5853126514784295,
        "max": 0.5913717886572952,
        "min": 0.5811924381968008,
        "all": [
            0.5855550169655841,
            0.58167716917111,
            0.5860397479398933,
            0.5855550169655841,
            0.5850702859912749,
            0.5874939408628211,
            0.5913717886572952,
            0.5811924381968008,
            0.5870092098885119,
            0.5821619001454192
        ]
    },
    "64": {
        "mean": 0.5890935530780417,
        "max": 0.5933107125545323,
        "min": 0.5845855550169656,
        "all": [
            0.5860397479398933,
            0.5884634028114396,
            0.590887057682986,
            0.5845855550169656,
            0.5879786718371304,
            0.5928259815802229,
            0.5865244789142026,
            0.5879786718371304,
            0.5923412506059137,
            0.5933107125545323
        ]
    },
    "128": {
        "mean": 0.5923412506059138,
        "max": 0.5923412506059137,
        "min": 0.5923412506059137,
        "all": [
            0.5923412506059137,
            0.5923412506059137,
            0.5923412506059137,
            0.5923412506059137,
            0.5923412506059137,
            0.5923412506059137,
            0.5923412506059137,
            0.5923412506059137,
            0.5923412506059137,
            0.5923412506059137
        ]
    }
}