{
    "1": {
        "mean": 0.4815317498788172,
        "max": 0.4968492486669898,
        "min": 0.4692195831313621,
        "all": [
            0.4968492486669898,
            0.47649054774600097,
            0.48618516723218613,
            0.4881240911294232,
            0.48327678138633057,
            0.48327678138633057,
            0.4774600096946195,
            0.4774600096946195,
            0.4769752787203102,
            0.4692195831313621
        ]
    },
    "2": {
        "mean": 0.5191468734852156,
        "max": 0.5322346097915657,
        "min": 0.5109064469219583,
        "all": [
            0.5138148327678138,
            0.5322346097915657,
            0.5176926805622879,
            0.5109064469219583,
            0.5244789142026175,
            0.5210857973824528,
            0.5113911778962675,
            0.5244789142026175,
            0.521570528356762,
            0.5138148327678138
        ]
    },
    "4": {
        "mean": 0.5480368395540475,
        "max": 0.5613184682501212,
        "min": 0.5370819195346582,
        "all": [
            0.5448376151236064,
            0.5506543868153175,
            0.5399903053805138,
            0.553562772661173,
            0.5467765390208434,
            0.5501696558410082,
            0.5506543868153175,
            0.5453223460979156,
            0.5370819195346582,
            0.5613184682501212
        ]
    },
    "8": {
        "mean": 0.5628696073679108,
        "max": 0.573921473582162,
        "min": 0.5569558894813379,
        "all": [
            0.5622879301987397,
            0.5637421231216675,
            0.5632573921473583,
            0.5603490063015026,
            0.5651963160445953,
            0.5642268540959767,
            0.573921473582162,
            0.5608337372758119,
            0.5579253514299564,
            0.5569558894813379
        ]
    },
    "16": {
        "mean": 0.5746970431410567,
        "max": 0.5826466311197286,
        "min": 0.5651963160445953,
        "all": [
            0.5773145904023267,
            0.5802229762481823,
            0.5651963160445953,
            0.5768298594280175,
            0.56858943286476,
            0.5729520116335434,
            0.5768298594280175,
            0.5681047018904508,
            0.5826466311197286,
            0.5782840523509453
        ]
    },
    "32": {
        "mean": 0.5825012118274359,
        "max": 0.5855550169655841,
        "min": 0.5782840523509453,
        "all": [
            0.5850702859912749,
            0.5782840523509453,
            0.5826466311197286,
            0.5807077072224915,
            0.5855550169655841,
            0.579738245273873,
            0.5855550169655841,
            0.5826466311197286,
            0.5850702859912749,
            0.579738245273873
        ]
    },
    "64": {
        "mean": 0.5866698982064953,
        "max": 0.590887057682986,
        "min": 0.5821619001454192,
        "all": [
            0.5845855550169656,
            0.583616093068347,
            0.590887057682986,
            0.5855550169655841,
            0.5821619001454192,
            0.5899175957343674,
            0.5860397479398933,
            0.5855550169655841,
            0.588948133785749,
            0.5894328647600582
        ]
    },
    "128": {
        "mean": 0.5870092098885119,
        "max": 0.5870092098885119,
        "min": 0.5870092098885119,
        "all": [
            0.5870092098885119,
            0.5870092098885119,
            0.5870092098885119,
            0.5870092098885119,
            0.5870092098885119,
            0.5870092098885119,
            0.5870092098885119,
            0.5870092098885119,
            0.5870092098885119,
            0.5870092098885119
        ]
    }
}