{
    "1": {
        "mean": 0.4815317498788172,
        "max": 0.4968492486669898,
        "min": 0.4692195831313621,
        "all": [
            0.4968492486669898,
            0.47649054774600097,
            0.48618516723218613,
            0.4881240911294232,
            0.48327678138633057,
            0.48327678138633057,
            0.4774600096946195,
            0.4774600096946195,
            0.4769752787203102,
            0.4692195831313621
        ]
    },
    "2": {
        "mean": 0.5188560349006301,
        "max": 0.5312651478429472,
        "min": 0.5113911778962675,
        "all": [
            0.5133301017935046,
            0.5312651478429472,
            0.5225399903053806,
            0.5191468734852157,
            0.5186621425109065,
            0.5147842947164324,
            0.5113911778962675,
            0.5230247212796898,
            0.5206010664081435,
            0.5138148327678138
        ]
    },
    "4": {
        "mean": 0.546340281143965,
        "max": 0.5555016965584101,
        "min": 0.538536112457586,
        "all": [
            0.5419292292777509,
            0.553562772661173,
            0.5443528841492972,
            0.538536112457586,
            0.5482307319437713,
            0.5482307319437713,
            0.5424139602520601,
            0.5501696558410082,
            0.5404750363548231,
            0.5555016965584101
        ]
    },
    "8": {
        "mean": 0.5622394571013087,
        "max": 0.5734367426078526,
        "min": 0.5511391177896268,
        "all": [
            0.5656810470189045,
            0.5584100824042656,
            0.5632573921473583,
            0.5579253514299564,
            0.5734367426078526,
            0.5608337372758119,
            0.5705283567619971,
            0.5613184682501212,
            0.5511391177896268,
            0.5598642753271934
        ]
    },
    "16": {
        "mean": 0.5752302472127969,
        "max": 0.579738245273873,
        "min": 0.5671352399418322,
        "all": [
            0.5744062045564712,
            0.579738245273873,
            0.5671352399418322,
            0.573921473582162,
            0.5744062045564712,
            0.5777993213766359,
            0.5753756665050896,
            0.5714978187106156,
            0.5787687833252545,
            0.5792535142995637
        ]
    },
    "32": {
        "mean": 0.5819195346582646,
        "max": 0.5904023267086767,
        "min": 0.5768298594280175,
        "all": [
            0.5821619001454192,
            0.5777993213766359,
            0.5807077072224915,
            0.58167716917111,
            0.583616093068347,
            0.5821619001454192,
            0.5855550169655841,
            0.5768298594280175,
            0.5904023267086767,
            0.5782840523509453
        ]
    },
    "64": {
        "mean": 0.5865729520116336,
        "max": 0.5899175957343674,
        "min": 0.5792535142995637,
        "all": [
            0.5855550169655841,
            0.5865244789142026,
            0.5879786718371304,
            0.5874939408628211,
            0.5792535142995637,
            0.5899175957343674,
            0.5855550169655841,
            0.5874939408628211,
            0.5899175957343674,
            0.5860397479398933
        ]
    },
    "128": {
        "mean": 0.588948133785749,
        "max": 0.588948133785749,
        "min": 0.588948133785749,
        "all": [
            0.588948133785749,
            0.588948133785749,
            0.588948133785749,
            0.588948133785749,
            0.588948133785749,
            0.588948133785749,
            0.588948133785749,
            0.588948133785749,
            0.588948133785749,
            0.588948133785749
        ]
    }
}