{
    "1": {
        "mean": 0.2694,
        "max": 0.284,
        "min": 0.256,
        "all": [
            0.256,
            0.258,
            0.278,
            0.282,
            0.266,
            0.268,
            0.284,
            0.272,
            0.27,
            0.26
        ]
    },
    "2": {
        "mean": 0.3444,
        "max": 0.366,
        "min": 0.312,
        "all": [
            0.354,
            0.338,
            0.354,
            0.34,
            0.364,
            0.328,
            0.338,
            0.35,
            0.366,
            0.312
        ]
    },
    "4": {
        "mean": 0.397,
        "max": 0.416,
        "min": 0.378,
        "all": [
            0.392,
            0.384,
            0.4,
            0.414,
            0.416,
            0.396,
            0.378,
            0.388,
            0.406,
            0.396
        ]
    },
    "8": {
        "mean": 0.42139999999999994,
        "max": 0.448,
        "min": 0.404,
        "all": [
            0.44,
            0.418,
            0.448,
            0.416,
            0.412,
            0.404,
            0.412,
            0.422,
            0.428,
            0.414
        ]
    },
    "16": {
        "mean": 0.4356,
        "max": 0.454,
        "min": 0.418,
        "all": [
            0.43,
            0.418,
            0.454,
            0.452,
            0.424,
            0.446,
            0.43,
            0.434,
            0.44,
            0.428
        ]
    },
    "32": {
        "mean": 0.445,
        "max": 0.462,
        "min": 0.43,
        "all": [
            0.446,
            0.44,
            0.438,
            0.452,
            0.45,
            0.432,
            0.446,
            0.454,
            0.43,
            0.462
        ]
    },
    "64": {
        "mean": 0.4316000000000001,
        "max": 0.446,
        "min": 0.41,
        "all": [
            0.434,
            0.41,
            0.434,
            0.432,
            0.42,
            0.424,
            0.446,
            0.442,
            0.442,
            0.432
        ]
    },
    "128": {
        "mean": 0.40859999999999996,
        "max": 0.43,
        "min": 0.396,
        "all": [
            0.412,
            0.4,
            0.414,
            0.408,
            0.396,
            0.4,
            0.424,
            0.43,
            0.404,
            0.398
        ]
    },
    "256": {
        "mean": 0.382,
        "max": 0.382,
        "min": 0.382,
        "all": [
            0.382,
            0.382,
            0.382,
            0.382,
            0.382,
            0.382,
            0.382,
            0.382,
            0.382,
            0.382
        ]
    }
}