{
    "1": {
        "mean": 0.2694,
        "max": 0.284,
        "min": 0.256,
        "all": [
            0.256,
            0.258,
            0.278,
            0.282,
            0.266,
            0.268,
            0.284,
            0.272,
            0.27,
            0.26
        ]
    },
    "2": {
        "mean": 0.3444,
        "max": 0.366,
        "min": 0.324,
        "all": [
            0.35,
            0.34,
            0.342,
            0.33,
            0.366,
            0.336,
            0.344,
            0.346,
            0.366,
            0.324
        ]
    },
    "4": {
        "mean": 0.4022,
        "max": 0.436,
        "min": 0.376,
        "all": [
            0.402,
            0.404,
            0.394,
            0.416,
            0.416,
            0.39,
            0.378,
            0.376,
            0.436,
            0.41
        ]
    },
    "8": {
        "mean": 0.4274,
        "max": 0.446,
        "min": 0.416,
        "all": [
            0.436,
            0.416,
            0.446,
            0.416,
            0.43,
            0.418,
            0.43,
            0.432,
            0.422,
            0.428
        ]
    },
    "16": {
        "mean": 0.4526,
        "max": 0.466,
        "min": 0.434,
        "all": [
            0.456,
            0.434,
            0.466,
            0.462,
            0.446,
            0.464,
            0.458,
            0.44,
            0.438,
            0.462
        ]
    },
    "32": {
        "mean": 0.4718,
        "max": 0.5,
        "min": 0.454,
        "all": [
            0.456,
            0.454,
            0.472,
            0.47,
            0.482,
            0.472,
            0.5,
            0.456,
            0.46,
            0.496
        ]
    },
    "64": {
        "mean": 0.4774,
        "max": 0.5,
        "min": 0.454,
        "all": [
            0.454,
            0.46,
            0.49,
            0.478,
            0.476,
            0.49,
            0.474,
            0.5,
            0.482,
            0.47
        ]
    },
    "128": {
        "mean": 0.48340000000000005,
        "max": 0.498,
        "min": 0.468,
        "all": [
            0.478,
            0.498,
            0.476,
            0.484,
            0.476,
            0.492,
            0.468,
            0.49,
            0.482,
            0.49
        ]
    },
    "256": {
        "mean": 0.49540000000000006,
        "max": 0.496,
        "min": 0.494,
        "all": [
            0.496,
            0.494,
            0.496,
            0.494,
            0.496,
            0.494,
            0.496,
            0.496,
            0.496,
            0.496
        ]
    }
}