{
    "1": {
        "mean": 0.6838461538461539,
        "max": 0.7384615384615385,
        "min": 0.6384615384615384,
        "all": [
            0.6846153846153846,
            0.676923076923077,
            0.6538461538461539,
            0.7,
            0.6923076923076923,
            0.7384615384615385,
            0.6615384615384615,
            0.6384615384615384,
            0.6692307692307692,
            0.7230769230769231
        ]
    },
    "2": {
        "mean": 0.7146153846153847,
        "max": 0.7384615384615385,
        "min": 0.6846153846153846,
        "all": [
            0.7307692307692307,
            0.7076923076923077,
            0.6923076923076923,
            0.7384615384615385,
            0.7384615384615385,
            0.6846153846153846,
            0.7230769230769231,
            0.7153846153846154,
            0.6846153846153846,
            0.7307692307692307
        ]
    },
    "4": {
        "mean": 0.7115384615384615,
        "max": 0.7461538461538462,
        "min": 0.6923076923076923,
        "all": [
            0.7,
            0.7461538461538462,
            0.7230769230769231,
            0.6923076923076923,
            0.7153846153846154,
            0.7,
            0.7153846153846154,
            0.7076923076923077,
            0.6923076923076923,
            0.7230769230769231
        ]
    },
    "8": {
        "mean": 0.6876923076923077,
        "max": 0.7538461538461538,
        "min": 0.6461538461538462,
        "all": [
            0.6615384615384615,
            0.7,
            0.6692307692307692,
            0.676923076923077,
            0.6923076923076923,
            0.6846153846153846,
            0.7538461538461538,
            0.7076923076923077,
            0.6461538461538462,
            0.6846153846153846
        ]
    },
    "16": {
        "mean": 0.6900000000000001,
        "max": 0.7230769230769231,
        "min": 0.6615384615384615,
        "all": [
            0.6615384615384615,
            0.676923076923077,
            0.7,
            0.6846153846153846,
            0.676923076923077,
            0.7,
            0.6846153846153846,
            0.676923076923077,
            0.7153846153846154,
            0.7230769230769231
        ]
    },
    "32": {
        "mean": 0.6715384615384616,
        "max": 0.7076923076923077,
        "min": 0.6538461538461539,
        "all": [
            0.6692307692307692,
            0.7076923076923077,
            0.6538461538461539,
            0.6692307692307692,
            0.6615384615384615,
            0.6615384615384615,
            0.676923076923077,
            0.6846153846153846,
            0.6692307692307692,
            0.6615384615384615
        ]
    },
    "64": {
        "mean": 0.6469230769230769,
        "max": 0.6615384615384615,
        "min": 0.6307692307692307,
        "all": [
            0.6384615384615384,
            0.6538461538461539,
            0.6307692307692307,
            0.6615384615384615,
            0.6384615384615384,
            0.6461538461538462,
            0.6384615384615384,
            0.6461538461538462,
            0.6615384615384615,
            0.6538461538461539
        ]
    },
    "128": {
        "mean": 0.6461538461538463,
        "max": 0.6461538461538462,
        "min": 0.6461538461538462,
        "all": [
            0.6461538461538462,
            0.6461538461538462,
            0.6461538461538462,
            0.6461538461538462,
            0.6461538461538462,
            0.6461538461538462,
            0.6461538461538462,
            0.6461538461538462,
            0.6461538461538462,
            0.6461538461538462
        ]
    }
}