{
    "1": {
        "mean": 0.48200000000000004,
        "max": 0.5266666666666666,
        "min": 0.43333333333333335,
        "all": [
            0.47333333333333333,
            0.48,
            0.5066666666666667,
            0.5066666666666667,
            0.4666666666666667,
            0.5266666666666666,
            0.4666666666666667,
            0.49333333333333335,
            0.4666666666666667,
            0.43333333333333335
        ]
    },
    "2": {
        "mean": 0.528,
        "max": 0.5933333333333334,
        "min": 0.4866666666666667,
        "all": [
            0.5466666666666666,
            0.54,
            0.4866666666666667,
            0.4866666666666667,
            0.52,
            0.5933333333333334,
            0.52,
            0.5066666666666667,
            0.54,
            0.54
        ]
    },
    "4": {
        "mean": 0.5533333333333333,
        "max": 0.6,
        "min": 0.5,
        "all": [
            0.56,
            0.56,
            0.6,
            0.5133333333333333,
            0.56,
            0.56,
            0.5533333333333333,
            0.58,
            0.5466666666666666,
            0.5
        ]
    },
    "8": {
        "mean": 0.5353333333333333,
        "max": 0.5666666666666667,
        "min": 0.49333333333333335,
        "all": [
            0.5466666666666666,
            0.52,
            0.49333333333333335,
            0.54,
            0.5533333333333333,
            0.54,
            0.5666666666666667,
            0.5133333333333333,
            0.54,
            0.54
        ]
    },
    "16": {
        "mean": 0.52,
        "max": 0.5533333333333333,
        "min": 0.49333333333333335,
        "all": [
            0.5333333333333333,
            0.5,
            0.5066666666666667,
            0.5333333333333333,
            0.49333333333333335,
            0.5533333333333333,
            0.5066666666666667,
            0.5266666666666666,
            0.5333333333333333,
            0.5133333333333333
        ]
    },
    "32": {
        "mean": 0.5106666666666666,
        "max": 0.56,
        "min": 0.49333333333333335,
        "all": [
            0.49333333333333335,
            0.49333333333333335,
            0.5066666666666667,
            0.56,
            0.5066666666666667,
            0.49333333333333335,
            0.49333333333333335,
            0.5133333333333333,
            0.52,
            0.5266666666666666
        ]
    },
    "64": {
        "mean": 0.5073333333333334,
        "max": 0.5466666666666666,
        "min": 0.48,
        "all": [
            0.5466666666666666,
            0.52,
            0.48,
            0.49333333333333335,
            0.49333333333333335,
            0.5266666666666666,
            0.4866666666666667,
            0.5066666666666667,
            0.5133333333333333,
            0.5066666666666667
        ]
    },
    "128": {
        "mean": 0.48666666666666664,
        "max": 0.4866666666666667,
        "min": 0.4866666666666667,
        "all": [
            0.4866666666666667,
            0.4866666666666667,
            0.4866666666666667,
            0.4866666666666667,
            0.4866666666666667,
            0.4866666666666667,
            0.4866666666666667,
            0.4866666666666667,
            0.4866666666666667,
            0.4866666666666667
        ]
    }
}