{
    "1": {
        "mean": 0.33333333333333337,
        "max": 0.38666666666666666,
        "min": 0.29333333333333333,
        "all": [
            0.31333333333333335,
            0.36666666666666664,
            0.32666666666666666,
            0.38666666666666666,
            0.35333333333333333,
            0.34,
            0.30666666666666664,
            0.32,
            0.32666666666666666,
            0.29333333333333333
        ]
    },
    "2": {
        "mean": 0.4206666666666667,
        "max": 0.49333333333333335,
        "min": 0.36,
        "all": [
            0.4066666666666667,
            0.4266666666666667,
            0.41333333333333333,
            0.4266666666666667,
            0.38666666666666666,
            0.36,
            0.49333333333333335,
            0.3933333333333333,
            0.44,
            0.46
        ]
    },
    "4": {
        "mean": 0.45999999999999996,
        "max": 0.5,
        "min": 0.3933333333333333,
        "all": [
            0.44,
            0.5,
            0.4866666666666667,
            0.4266666666666667,
            0.5,
            0.48,
            0.3933333333333333,
            0.4533333333333333,
            0.4533333333333333,
            0.4666666666666667
        ]
    },
    "8": {
        "mean": 0.4966666666666666,
        "max": 0.5333333333333333,
        "min": 0.44666666666666666,
        "all": [
            0.5266666666666666,
            0.4866666666666667,
            0.47333333333333333,
            0.49333333333333335,
            0.5133333333333333,
            0.44666666666666666,
            0.5333333333333333,
            0.4866666666666667,
            0.48,
            0.5266666666666666
        ]
    },
    "16": {
        "mean": 0.5226666666666667,
        "max": 0.54,
        "min": 0.5,
        "all": [
            0.5266666666666666,
            0.5333333333333333,
            0.54,
            0.5266666666666666,
            0.5066666666666667,
            0.5333333333333333,
            0.5066666666666667,
            0.5,
            0.54,
            0.5133333333333333
        ]
    },
    "32": {
        "mean": 0.5359999999999999,
        "max": 0.5666666666666667,
        "min": 0.5066666666666667,
        "all": [
            0.5333333333333333,
            0.5333333333333333,
            0.54,
            0.5666666666666667,
            0.56,
            0.5133333333333333,
            0.5466666666666666,
            0.5066666666666667,
            0.5333333333333333,
            0.5266666666666666
        ]
    },
    "64": {
        "mean": 0.5306666666666666,
        "max": 0.5466666666666666,
        "min": 0.5066666666666667,
        "all": [
            0.54,
            0.5266666666666666,
            0.5066666666666667,
            0.5466666666666666,
            0.5133333333333333,
            0.54,
            0.5333333333333333,
            0.52,
            0.5333333333333333,
            0.5466666666666666
        ]
    },
    "128": {
        "mean": 0.5199999999999999,
        "max": 0.52,
        "min": 0.52,
        "all": [
            0.52,
            0.52,
            0.52,
            0.52,
            0.52,
            0.52,
            0.52,
            0.52,
            0.52,
            0.52
        ]
    }
}