{
    "1": {
        "mean": 0.5864285714285713,
        "max": 0.6071428571428571,
        "min": 0.5642857142857143,
        "all": [
            0.5714285714285714,
            0.5785714285714286,
            0.6,
            0.5928571428571429,
            0.5928571428571429,
            0.6,
            0.6071428571428571,
            0.5642857142857143,
            0.5928571428571429,
            0.5642857142857143
        ]
    },
    "2": {
        "mean": 0.5728571428571427,
        "max": 0.6285714285714286,
        "min": 0.5214285714285715,
        "all": [
            0.6214285714285714,
            0.5428571428571428,
            0.6,
            0.5642857142857143,
            0.6285714285714286,
            0.6,
            0.5214285714285715,
            0.5357142857142857,
            0.5642857142857143,
            0.55
        ]
    },
    "4": {
        "mean": 0.5692857142857142,
        "max": 0.6071428571428571,
        "min": 0.5428571428571428,
        "all": [
            0.5714285714285714,
            0.5571428571428572,
            0.5857142857142857,
            0.5571428571428572,
            0.5785714285714286,
            0.5428571428571428,
            0.5571428571428572,
            0.5714285714285714,
            0.5642857142857143,
            0.6071428571428571
        ]
    },
    "8": {
        "mean": 0.5728571428571427,
        "max": 0.6,
        "min": 0.5285714285714286,
        "all": [
            0.6,
            0.5285714285714286,
            0.6,
            0.5785714285714286,
            0.5785714285714286,
            0.5857142857142857,
            0.55,
            0.5571428571428572,
            0.6,
            0.55
        ]
    },
    "16": {
        "mean": 0.5628571428571428,
        "max": 0.5928571428571429,
        "min": 0.5357142857142857,
        "all": [
            0.5785714285714286,
            0.5428571428571428,
            0.55,
            0.5857142857142857,
            0.5571428571428572,
            0.5928571428571429,
            0.5357142857142857,
            0.55,
            0.55,
            0.5857142857142857
        ]
    },
    "32": {
        "mean": 0.5492857142857143,
        "max": 0.5571428571428572,
        "min": 0.5357142857142857,
        "all": [
            0.5571428571428572,
            0.5357142857142857,
            0.5571428571428572,
            0.55,
            0.5428571428571428,
            0.5428571428571428,
            0.5571428571428572,
            0.5357142857142857,
            0.5571428571428572,
            0.5571428571428572
        ]
    },
    "64": {
        "mean": 0.5528571428571428,
        "max": 0.5714285714285714,
        "min": 0.5357142857142857,
        "all": [
            0.5642857142857143,
            0.5357142857142857,
            0.5714285714285714,
            0.5571428571428572,
            0.55,
            0.5357142857142857,
            0.5428571428571428,
            0.5571428571428572,
            0.5642857142857143,
            0.55
        ]
    },
    "128": {
        "mean": 0.5535714285714286,
        "max": 0.5642857142857143,
        "min": 0.55,
        "all": [
            0.55,
            0.5571428571428572,
            0.55,
            0.55,
            0.55,
            0.55,
            0.5571428571428572,
            0.5571428571428572,
            0.55,
            0.5642857142857143
        ]
    }
}