{
    "1": {
        "mean": 0.5864285714285713,
        "max": 0.6071428571428571,
        "min": 0.5642857142857143,
        "all": [
            0.5714285714285714,
            0.5785714285714286,
            0.6,
            0.5928571428571429,
            0.5928571428571429,
            0.6,
            0.6071428571428571,
            0.5642857142857143,
            0.5928571428571429,
            0.5642857142857143
        ]
    },
    "2": {
        "mean": 0.57,
        "max": 0.6142857142857143,
        "min": 0.5214285714285715,
        "all": [
            0.6142857142857143,
            0.55,
            0.5928571428571429,
            0.5714285714285714,
            0.6071428571428571,
            0.5857142857142857,
            0.5214285714285715,
            0.5428571428571428,
            0.5642857142857143,
            0.55
        ]
    },
    "4": {
        "mean": 0.5842857142857142,
        "max": 0.6071428571428571,
        "min": 0.5642857142857143,
        "all": [
            0.5714285714285714,
            0.6071428571428571,
            0.5857142857142857,
            0.5714285714285714,
            0.6,
            0.5642857142857143,
            0.5785714285714286,
            0.5714285714285714,
            0.6,
            0.5928571428571429
        ]
    },
    "8": {
        "mean": 0.5892857142857142,
        "max": 0.6357142857142857,
        "min": 0.55,
        "all": [
            0.6071428571428571,
            0.55,
            0.5714285714285714,
            0.6,
            0.5928571428571429,
            0.6214285714285714,
            0.5714285714285714,
            0.5714285714285714,
            0.6357142857142857,
            0.5714285714285714
        ]
    },
    "16": {
        "mean": 0.5807142857142856,
        "max": 0.6214285714285714,
        "min": 0.5571428571428572,
        "all": [
            0.5928571428571429,
            0.5785714285714286,
            0.5571428571428572,
            0.5928571428571429,
            0.5642857142857143,
            0.6214285714285714,
            0.5857142857142857,
            0.5714285714285714,
            0.5785714285714286,
            0.5642857142857143
        ]
    },
    "32": {
        "mean": 0.5778571428571427,
        "max": 0.6071428571428571,
        "min": 0.5357142857142857,
        "all": [
            0.5714285714285714,
            0.5714285714285714,
            0.6,
            0.5928571428571429,
            0.5714285714285714,
            0.6071428571428571,
            0.5928571428571429,
            0.5357142857142857,
            0.5642857142857143,
            0.5714285714285714
        ]
    },
    "64": {
        "mean": 0.5664285714285714,
        "max": 0.5857142857142857,
        "min": 0.5357142857142857,
        "all": [
            0.5857142857142857,
            0.5642857142857143,
            0.5785714285714286,
            0.5642857142857143,
            0.5357142857142857,
            0.5642857142857143,
            0.5642857142857143,
            0.5571428571428572,
            0.5785714285714286,
            0.5714285714285714
        ]
    },
    "128": {
        "mean": 0.5571428571428572,
        "max": 0.5571428571428572,
        "min": 0.5571428571428572,
        "all": [
            0.5571428571428572,
            0.5571428571428572,
            0.5571428571428572,
            0.5571428571428572,
            0.5571428571428572,
            0.5571428571428572,
            0.5571428571428572,
            0.5571428571428572,
            0.5571428571428572,
            0.5571428571428572
        ]
    }
}