{
    "1": {
        "mean": 0.4815317498788172,
        "max": 0.4968492486669898,
        "min": 0.4692195831313621,
        "all": [
            0.4968492486669898,
            0.47649054774600097,
            0.48618516723218613,
            0.4881240911294232,
            0.48327678138633057,
            0.48327678138633057,
            0.4774600096946195,
            0.4774600096946195,
            0.4769752787203102,
            0.4692195831313621
        ]
    },
    "2": {
        "mean": 0.5339796412990789,
        "max": 0.5453223460979156,
        "min": 0.5220552593310712,
        "all": [
            0.5317498788172564,
            0.5453223460979156,
            0.5327193407658749,
            0.5220552593310712,
            0.5409597673291323,
            0.536597188560349,
            0.5293262239457102,
            0.538536112457586,
            0.534658264663112,
            0.5278720310227824
        ]
    },
    "4": {
        "mean": 0.5750848279205042,
        "max": 0.5831313620940378,
        "min": 0.56858943286476,
        "all": [
            0.5719825496849249,
            0.5777993213766359,
            0.5700436257876879,
            0.5802229762481823,
            0.5773145904023267,
            0.5724672806592341,
            0.56858943286476,
            0.5807077072224915,
            0.56858943286476,
            0.5831313620940378
        ]
    },
    "8": {
        "mean": 0.5926320891904991,
        "max": 0.605913717886573,
        "min": 0.5811924381968008,
        "all": [
            0.5981580222976248,
            0.5904023267086767,
            0.5928259815802229,
            0.5894328647600582,
            0.59476490547746,
            0.596703829374697,
            0.605913717886573,
            0.5884634028114396,
            0.5884634028114396,
            0.5811924381968008
        ]
    },
    "16": {
        "mean": 0.610421715947649,
        "max": 0.619001454192923,
        "min": 0.6030053320407174,
        "all": [
            0.6175472612699952,
            0.619001454192923,
            0.6030053320407174,
            0.6112457586039748,
            0.6078526417838099,
            0.6107610276296656,
            0.6088221037324285,
            0.603974793989336,
            0.6141541444498303,
            0.6078526417838099
        ]
    },
    "32": {
        "mean": 0.616335433834222,
        "max": 0.6219098400387785,
        "min": 0.6136694134755211,
        "all": [
            0.6165777993213767,
            0.6151236063984489,
            0.6160930683470673,
            0.6151236063984489,
            0.6219098400387785,
            0.6156083373727581,
            0.6141541444498303,
            0.6175472612699952,
            0.6175472612699952,
            0.6136694134755211
        ]
    },
    "64": {
        "mean": 0.6233155598642753,
        "max": 0.6291808046534173,
        "min": 0.619001454192923,
        "all": [
            0.6291808046534173,
            0.6214251090644692,
            0.6214251090644692,
            0.6253029568589433,
            0.6238487639360155,
            0.6199709161415414,
            0.6253029568589433,
            0.619001454192923,
            0.6238487639360155,
            0.6238487639360155
        ]
    },
    "128": {
        "mean": 0.6238487639360155,
        "max": 0.6238487639360155,
        "min": 0.6238487639360155,
        "all": [
            0.6238487639360155,
            0.6238487639360155,
            0.6238487639360155,
            0.6238487639360155,
            0.6238487639360155,
            0.6238487639360155,
            0.6238487639360155,
            0.6238487639360155,
            0.6238487639360155,
            0.6238487639360155
        ]
    }
}