{
    "1": {
        "mean": 0.4815317498788172,
        "max": 0.4968492486669898,
        "min": 0.4692195831313621,
        "all": [
            0.4968492486669898,
            0.47649054774600097,
            0.48618516723218613,
            0.4881240911294232,
            0.48327678138633057,
            0.48327678138633057,
            0.4774600096946195,
            0.4774600096946195,
            0.4769752787203102,
            0.4692195831313621
        ]
    },
    "2": {
        "mean": 0.5307319437712069,
        "max": 0.5419292292777509,
        "min": 0.5196316044595249,
        "all": [
            0.5264178380998545,
            0.5419292292777509,
            0.5327193407658749,
            0.5302956858943286,
            0.5312651478429472,
            0.5269025690741639,
            0.5196316044595249,
            0.5370819195346582,
            0.5312651478429472,
            0.5298109549200194
        ]
    },
    "4": {
        "mean": 0.5547261269995153,
        "max": 0.5642268540959767,
        "min": 0.5482307319437713,
        "all": [
            0.553562772661173,
            0.5550169655841009,
            0.5545322346097916,
            0.5487154629180805,
            0.5555016965584101,
            0.5574406204556471,
            0.5501696558410082,
            0.5598642753271934,
            0.5482307319437713,
            0.5642268540959767
        ]
    },
    "8": {
        "mean": 0.5700920988851187,
        "max": 0.5782840523509453,
        "min": 0.5588948133785749,
        "all": [
            0.5777993213766359,
            0.5714978187106156,
            0.5744062045564712,
            0.564711585070286,
            0.5782840523509453,
            0.5695588948133786,
            0.5729520116335434,
            0.566650508967523,
            0.5588948133785749,
            0.5661657779932138
        ]
    },
    "16": {
        "mean": 0.5822588463402811,
        "max": 0.5870092098885119,
        "min": 0.5753756665050896,
        "all": [
            0.5811924381968008,
            0.5870092098885119,
            0.5753756665050896,
            0.5802229762481823,
            0.5787687833252545,
            0.5845855550169656,
            0.5860397479398933,
            0.575860397479399,
            0.5865244789142026,
            0.5870092098885119
        ]
    },
    "32": {
        "mean": 0.5883179835191468,
        "max": 0.59476490547746,
        "min": 0.58167716917111,
        "all": [
            0.5884634028114396,
            0.5826466311197286,
            0.5865244789142026,
            0.5870092098885119,
            0.590887057682986,
            0.5913717886572952,
            0.5904023267086767,
            0.5894328647600582,
            0.59476490547746,
            0.58167716917111
        ]
    },
    "64": {
        "mean": 0.5923897237033448,
        "max": 0.5986427532719341,
        "min": 0.5850702859912749,
        "all": [
            0.5933107125545323,
            0.5928259815802229,
            0.5928259815802229,
            0.5933107125545323,
            0.5850702859912749,
            0.5918565196316045,
            0.5918565196316045,
            0.5937954435288415,
            0.5986427532719341,
            0.5904023267086767
        ]
    },
    "128": {
        "mean": 0.5962190984003878,
        "max": 0.5962190984003878,
        "min": 0.5962190984003878,
        "all": [
            0.5962190984003878,
            0.5962190984003878,
            0.5962190984003878,
            0.5962190984003878,
            0.5962190984003878,
            0.5962190984003878,
            0.5962190984003878,
            0.5962190984003878,
            0.5962190984003878,
            0.5962190984003878
        ]
    }
}