{
    "1": {
        "mean": 0.5864285714285713,
        "max": 0.6071428571428571,
        "min": 0.5642857142857143,
        "all": [
            0.5714285714285714,
            0.5785714285714286,
            0.6,
            0.5928571428571429,
            0.5928571428571429,
            0.6,
            0.6071428571428571,
            0.5642857142857143,
            0.5928571428571429,
            0.5642857142857143
        ]
    },
    "2": {
        "mean": 0.5614285714285714,
        "max": 0.6214285714285714,
        "min": 0.5142857142857142,
        "all": [
            0.6214285714285714,
            0.5142857142857142,
            0.5785714285714286,
            0.55,
            0.6142857142857143,
            0.5642857142857143,
            0.5357142857142857,
            0.5285714285714286,
            0.5642857142857143,
            0.5428571428571428
        ]
    },
    "4": {
        "mean": 0.5571428571428572,
        "max": 0.5857142857142857,
        "min": 0.5285714285714286,
        "all": [
            0.5571428571428572,
            0.5785714285714286,
            0.5642857142857143,
            0.5285714285714286,
            0.55,
            0.5857142857142857,
            0.5571428571428572,
            0.5285714285714286,
            0.5714285714285714,
            0.55
        ]
    },
    "8": {
        "mean": 0.5392857142857143,
        "max": 0.5785714285714286,
        "min": 0.5,
        "all": [
            0.5,
            0.5285714285714286,
            0.5142857142857142,
            0.55,
            0.55,
            0.5785714285714286,
            0.5071428571428571,
            0.5214285714285715,
            0.5714285714285714,
            0.5714285714285714
        ]
    },
    "16": {
        "mean": 0.53,
        "max": 0.55,
        "min": 0.5142857142857142,
        "all": [
            0.55,
            0.5357142857142857,
            0.5214285714285715,
            0.5214285714285715,
            0.55,
            0.5357142857142857,
            0.5214285714285715,
            0.5142857142857142,
            0.5142857142857142,
            0.5357142857142857
        ]
    },
    "32": {
        "mean": 0.5021428571428571,
        "max": 0.5428571428571428,
        "min": 0.4714285714285714,
        "all": [
            0.4785714285714286,
            0.5,
            0.5071428571428571,
            0.4928571428571429,
            0.5071428571428571,
            0.5071428571428571,
            0.5285714285714286,
            0.4857142857142857,
            0.5428571428571428,
            0.4714285714285714
        ]
    },
    "64": {
        "mean": 0.46785714285714286,
        "max": 0.5071428571428571,
        "min": 0.4357142857142857,
        "all": [
            0.4785714285714286,
            0.44285714285714284,
            0.4785714285714286,
            0.5071428571428571,
            0.4714285714285714,
            0.4857142857142857,
            0.4357142857142857,
            0.4642857142857143,
            0.45714285714285713,
            0.45714285714285713
        ]
    },
    "128": {
        "mean": 0.4428571428571429,
        "max": 0.44285714285714284,
        "min": 0.44285714285714284,
        "all": [
            0.44285714285714284,
            0.44285714285714284,
            0.44285714285714284,
            0.44285714285714284,
            0.44285714285714284,
            0.44285714285714284,
            0.44285714285714284,
            0.44285714285714284,
            0.44285714285714284,
            0.44285714285714284
        ]
    }
}