{
    "1": {
        "mean": 0.5864285714285713,
        "max": 0.6071428571428571,
        "min": 0.5642857142857143,
        "all": [
            0.5714285714285714,
            0.5785714285714286,
            0.6,
            0.5928571428571429,
            0.5928571428571429,
            0.6,
            0.6071428571428571,
            0.5642857142857143,
            0.5928571428571429,
            0.5642857142857143
        ]
    },
    "2": {
        "mean": 0.5599999999999999,
        "max": 0.6071428571428571,
        "min": 0.5214285714285715,
        "all": [
            0.6071428571428571,
            0.5285714285714286,
            0.5642857142857143,
            0.5428571428571428,
            0.5928571428571429,
            0.5785714285714286,
            0.5214285714285715,
            0.5428571428571428,
            0.5642857142857143,
            0.5571428571428572
        ]
    },
    "4": {
        "mean": 0.5642857142857143,
        "max": 0.6142857142857143,
        "min": 0.5285714285714286,
        "all": [
            0.5714285714285714,
            0.5714285714285714,
            0.5642857142857143,
            0.5285714285714286,
            0.55,
            0.6142857142857143,
            0.5428571428571428,
            0.55,
            0.5785714285714286,
            0.5714285714285714
        ]
    },
    "8": {
        "mean": 0.5442857142857143,
        "max": 0.5857142857142857,
        "min": 0.5071428571428571,
        "all": [
            0.5071428571428571,
            0.5357142857142857,
            0.5071428571428571,
            0.55,
            0.5857142857142857,
            0.5785714285714286,
            0.5285714285714286,
            0.5285714285714286,
            0.5714285714285714,
            0.55
        ]
    },
    "16": {
        "mean": 0.542142857142857,
        "max": 0.5714285714285714,
        "min": 0.5071428571428571,
        "all": [
            0.5642857142857143,
            0.5428571428571428,
            0.5285714285714286,
            0.5714285714285714,
            0.55,
            0.5642857142857143,
            0.5428571428571428,
            0.5142857142857142,
            0.5357142857142857,
            0.5071428571428571
        ]
    },
    "32": {
        "mean": 0.5164285714285713,
        "max": 0.55,
        "min": 0.4785714285714286,
        "all": [
            0.4785714285714286,
            0.5142857142857142,
            0.5071428571428571,
            0.5285714285714286,
            0.5357142857142857,
            0.5285714285714286,
            0.5285714285714286,
            0.4928571428571429,
            0.55,
            0.5
        ]
    },
    "64": {
        "mean": 0.48142857142857143,
        "max": 0.5071428571428571,
        "min": 0.45714285714285713,
        "all": [
            0.4785714285714286,
            0.4785714285714286,
            0.4785714285714286,
            0.5071428571428571,
            0.45714285714285713,
            0.4714285714285714,
            0.4714285714285714,
            0.4928571428571429,
            0.4785714285714286,
            0.5
        ]
    },
    "128": {
        "mean": 0.42857142857142855,
        "max": 0.42857142857142855,
        "min": 0.42857142857142855,
        "all": [
            0.42857142857142855,
            0.42857142857142855,
            0.42857142857142855,
            0.42857142857142855,
            0.42857142857142855,
            0.42857142857142855,
            0.42857142857142855,
            0.42857142857142855,
            0.42857142857142855,
            0.42857142857142855
        ]
    }
}