{
    "1": {
        "mean": 0.33333333333333337,
        "max": 0.38666666666666666,
        "min": 0.29333333333333333,
        "all": [
            0.31333333333333335,
            0.36666666666666664,
            0.32666666666666666,
            0.38666666666666666,
            0.35333333333333333,
            0.34,
            0.30666666666666664,
            0.32,
            0.32666666666666666,
            0.29333333333333333
        ]
    },
    "2": {
        "mean": 0.4206666666666667,
        "max": 0.46,
        "min": 0.38666666666666666,
        "all": [
            0.4,
            0.4266666666666667,
            0.4266666666666667,
            0.4066666666666667,
            0.3933333333333333,
            0.38666666666666666,
            0.44,
            0.4066666666666667,
            0.46,
            0.46
        ]
    },
    "4": {
        "mean": 0.45199999999999996,
        "max": 0.5,
        "min": 0.4066666666666667,
        "all": [
            0.4266666666666667,
            0.5,
            0.5,
            0.4266666666666667,
            0.5,
            0.44666666666666666,
            0.4066666666666667,
            0.46,
            0.4066666666666667,
            0.44666666666666666
        ]
    },
    "8": {
        "mean": 0.4966666666666667,
        "max": 0.54,
        "min": 0.4666666666666667,
        "all": [
            0.5266666666666666,
            0.4866666666666667,
            0.4866666666666667,
            0.48,
            0.5,
            0.4666666666666667,
            0.54,
            0.4866666666666667,
            0.4866666666666667,
            0.5066666666666667
        ]
    },
    "16": {
        "mean": 0.5206666666666666,
        "max": 0.54,
        "min": 0.5,
        "all": [
            0.5266666666666666,
            0.54,
            0.5266666666666666,
            0.52,
            0.5066666666666667,
            0.5333333333333333,
            0.5133333333333333,
            0.5,
            0.54,
            0.5
        ]
    },
    "32": {
        "mean": 0.5353333333333333,
        "max": 0.56,
        "min": 0.5066666666666667,
        "all": [
            0.5466666666666666,
            0.5333333333333333,
            0.5266666666666666,
            0.56,
            0.5533333333333333,
            0.5066666666666667,
            0.56,
            0.5066666666666667,
            0.5333333333333333,
            0.5266666666666666
        ]
    },
    "64": {
        "mean": 0.5273333333333332,
        "max": 0.5466666666666666,
        "min": 0.5066666666666667,
        "all": [
            0.5333333333333333,
            0.5333333333333333,
            0.5066666666666667,
            0.5466666666666666,
            0.5133333333333333,
            0.54,
            0.5333333333333333,
            0.5066666666666667,
            0.5333333333333333,
            0.5266666666666666
        ]
    },
    "128": {
        "mean": 0.5266666666666666,
        "max": 0.5266666666666666,
        "min": 0.5266666666666666,
        "all": [
            0.5266666666666666,
            0.5266666666666666,
            0.5266666666666666,
            0.5266666666666666,
            0.5266666666666666,
            0.5266666666666666,
            0.5266666666666666,
            0.5266666666666666,
            0.5266666666666666,
            0.5266666666666666
        ]
    }
}