{
    "1": {
        "mean": 0.48200000000000004,
        "max": 0.5266666666666666,
        "min": 0.43333333333333335,
        "all": [
            0.47333333333333333,
            0.48,
            0.5066666666666667,
            0.5066666666666667,
            0.4666666666666667,
            0.5266666666666666,
            0.4666666666666667,
            0.49333333333333335,
            0.4666666666666667,
            0.43333333333333335
        ]
    },
    "2": {
        "mean": 0.53,
        "max": 0.5866666666666667,
        "min": 0.4666666666666667,
        "all": [
            0.5266666666666666,
            0.5533333333333333,
            0.5066666666666667,
            0.4666666666666667,
            0.52,
            0.5866666666666667,
            0.56,
            0.5266666666666666,
            0.52,
            0.5333333333333333
        ]
    },
    "4": {
        "mean": 0.5493333333333333,
        "max": 0.6133333333333333,
        "min": 0.52,
        "all": [
            0.6133333333333333,
            0.54,
            0.5333333333333333,
            0.54,
            0.5733333333333334,
            0.5466666666666666,
            0.52,
            0.54,
            0.56,
            0.5266666666666666
        ]
    },
    "8": {
        "mean": 0.5773333333333334,
        "max": 0.62,
        "min": 0.5266666666666666,
        "all": [
            0.5266666666666666,
            0.5666666666666667,
            0.56,
            0.5933333333333334,
            0.56,
            0.5866666666666667,
            0.6066666666666667,
            0.5666666666666667,
            0.5866666666666667,
            0.62
        ]
    },
    "16": {
        "mean": 0.594,
        "max": 0.6333333333333333,
        "min": 0.5333333333333333,
        "all": [
            0.58,
            0.5733333333333334,
            0.6,
            0.6333333333333333,
            0.5333333333333333,
            0.62,
            0.6133333333333333,
            0.5733333333333334,
            0.6333333333333333,
            0.58
        ]
    },
    "32": {
        "mean": 0.5833333333333333,
        "max": 0.62,
        "min": 0.5466666666666666,
        "all": [
            0.5466666666666666,
            0.5933333333333334,
            0.5666666666666667,
            0.6,
            0.6066666666666667,
            0.5666666666666667,
            0.6133333333333333,
            0.62,
            0.5733333333333334,
            0.5466666666666666
        ]
    },
    "64": {
        "mean": 0.5793333333333334,
        "max": 0.6066666666666667,
        "min": 0.5533333333333333,
        "all": [
            0.5933333333333334,
            0.58,
            0.5733333333333334,
            0.5933333333333334,
            0.56,
            0.6066666666666667,
            0.5733333333333334,
            0.58,
            0.58,
            0.5533333333333333
        ]
    },
    "128": {
        "mean": 0.5533333333333335,
        "max": 0.5533333333333333,
        "min": 0.5533333333333333,
        "all": [
            0.5533333333333333,
            0.5533333333333333,
            0.5533333333333333,
            0.5533333333333333,
            0.5533333333333333,
            0.5533333333333333,
            0.5533333333333333,
            0.5533333333333333,
            0.5533333333333333,
            0.5533333333333333
        ]
    }
}