{
    "1": {
        "mean": 0.5248322147651007,
        "max": 0.5369127516778524,
        "min": 0.48322147651006714,
        "all": [
            0.5302013422818792,
            0.5369127516778524,
            0.5234899328859061,
            0.5302013422818792,
            0.5369127516778524,
            0.5369127516778524,
            0.5302013422818792,
            0.48322147651006714,
            0.5167785234899329,
            0.5234899328859061
        ]
    },
    "2": {
        "mean": 0.5503355704697988,
        "max": 0.5838926174496645,
        "min": 0.5167785234899329,
        "all": [
            0.5436241610738255,
            0.5704697986577181,
            0.5637583892617449,
            0.5302013422818792,
            0.5369127516778524,
            0.5167785234899329,
            0.5436241610738255,
            0.5704697986577181,
            0.5436241610738255,
            0.5838926174496645
        ]
    },
    "4": {
        "mean": 0.5778523489932885,
        "max": 0.6040268456375839,
        "min": 0.5436241610738255,
        "all": [
            0.5771812080536913,
            0.5436241610738255,
            0.5771812080536913,
            0.5906040268456376,
            0.5973154362416108,
            0.5704697986577181,
            0.5838926174496645,
            0.6040268456375839,
            0.5704697986577181,
            0.5637583892617449
        ]
    },
    "8": {
        "mean": 0.5879194630872483,
        "max": 0.6174496644295302,
        "min": 0.5436241610738255,
        "all": [
            0.5973154362416108,
            0.6174496644295302,
            0.5436241610738255,
            0.5838926174496645,
            0.5838926174496645,
            0.5771812080536913,
            0.6040268456375839,
            0.6040268456375839,
            0.5704697986577181,
            0.5973154362416108
        ]
    },
    "16": {
        "mean": 0.5845637583892617,
        "max": 0.6308724832214765,
        "min": 0.5302013422818792,
        "all": [
            0.5906040268456376,
            0.5838926174496645,
            0.5704697986577181,
            0.5906040268456376,
            0.5838926174496645,
            0.6308724832214765,
            0.5302013422818792,
            0.610738255033557,
            0.5637583892617449,
            0.5906040268456376
        ]
    },
    "32": {
        "mean": 0.5966442953020133,
        "max": 0.6174496644295302,
        "min": 0.5704697986577181,
        "all": [
            0.6174496644295302,
            0.5973154362416108,
            0.6174496644295302,
            0.5771812080536913,
            0.6040268456375839,
            0.5771812080536913,
            0.6174496644295302,
            0.6040268456375839,
            0.5704697986577181,
            0.5838926174496645
        ]
    },
    "64": {
        "mean": 0.6053691275167785,
        "max": 0.6308724832214765,
        "min": 0.5771812080536913,
        "all": [
            0.6308724832214765,
            0.610738255033557,
            0.5906040268456376,
            0.6040268456375839,
            0.6241610738255033,
            0.6308724832214765,
            0.610738255033557,
            0.5906040268456376,
            0.5771812080536913,
            0.5838926174496645
        ]
    },
    "128": {
        "mean": 0.5906040268456376,
        "max": 0.5906040268456376,
        "min": 0.5906040268456376,
        "all": [
            0.5906040268456376,
            0.5906040268456376,
            0.5906040268456376,
            0.5906040268456376,
            0.5906040268456376,
            0.5906040268456376,
            0.5906040268456376,
            0.5906040268456376,
            0.5906040268456376,
            0.5906040268456376
        ]
    }
}