{
    "1": {
        "mean": 0.33333333333333337,
        "max": 0.38666666666666666,
        "min": 0.29333333333333333,
        "all": [
            0.31333333333333335,
            0.36666666666666664,
            0.32666666666666666,
            0.38666666666666666,
            0.35333333333333333,
            0.34,
            0.30666666666666664,
            0.32,
            0.32666666666666666,
            0.29333333333333333
        ]
    },
    "2": {
        "mean": 0.41200000000000003,
        "max": 0.44666666666666666,
        "min": 0.36666666666666664,
        "all": [
            0.4,
            0.42,
            0.4066666666666667,
            0.42,
            0.38,
            0.36666666666666664,
            0.44,
            0.4,
            0.44,
            0.44666666666666666
        ]
    },
    "4": {
        "mean": 0.44066666666666665,
        "max": 0.4866666666666667,
        "min": 0.3933333333333333,
        "all": [
            0.4266666666666667,
            0.4666666666666667,
            0.44666666666666666,
            0.4066666666666667,
            0.4866666666666667,
            0.46,
            0.42,
            0.4533333333333333,
            0.3933333333333333,
            0.44666666666666666
        ]
    },
    "8": {
        "mean": 0.4600000000000001,
        "max": 0.5066666666666667,
        "min": 0.4,
        "all": [
            0.5,
            0.44,
            0.4,
            0.46,
            0.42,
            0.47333333333333333,
            0.48,
            0.48,
            0.5066666666666667,
            0.44
        ]
    },
    "16": {
        "mean": 0.4633333333333334,
        "max": 0.5133333333333333,
        "min": 0.44,
        "all": [
            0.44,
            0.48,
            0.47333333333333333,
            0.48,
            0.44666666666666666,
            0.4533333333333333,
            0.44,
            0.44,
            0.5133333333333333,
            0.4666666666666667
        ]
    },
    "32": {
        "mean": 0.48266666666666663,
        "max": 0.5266666666666666,
        "min": 0.4533333333333333,
        "all": [
            0.5,
            0.4533333333333333,
            0.46,
            0.47333333333333333,
            0.5266666666666666,
            0.47333333333333333,
            0.5,
            0.48,
            0.47333333333333333,
            0.4866666666666667
        ]
    },
    "64": {
        "mean": 0.4753333333333334,
        "max": 0.5133333333333333,
        "min": 0.44,
        "all": [
            0.4666666666666667,
            0.4666666666666667,
            0.5133333333333333,
            0.44,
            0.46,
            0.47333333333333333,
            0.4866666666666667,
            0.4866666666666667,
            0.48,
            0.48
        ]
    },
    "128": {
        "mean": 0.47333333333333333,
        "max": 0.47333333333333333,
        "min": 0.47333333333333333,
        "all": [
            0.47333333333333333,
            0.47333333333333333,
            0.47333333333333333,
            0.47333333333333333,
            0.47333333333333333,
            0.47333333333333333,
            0.47333333333333333,
            0.47333333333333333,
            0.47333333333333333,
            0.47333333333333333
        ]
    }
}