{
    "1": {
        "mean": 0.33333333333333337,
        "max": 0.38666666666666666,
        "min": 0.29333333333333333,
        "all": [
            0.31333333333333335,
            0.36666666666666664,
            0.32666666666666666,
            0.38666666666666666,
            0.35333333333333333,
            0.34,
            0.30666666666666664,
            0.32,
            0.32666666666666666,
            0.29333333333333333
        ]
    },
    "2": {
        "mean": 0.41933333333333334,
        "max": 0.44,
        "min": 0.36,
        "all": [
            0.41333333333333333,
            0.44,
            0.4266666666666667,
            0.44,
            0.3933333333333333,
            0.36,
            0.44,
            0.43333333333333335,
            0.4066666666666667,
            0.44
        ]
    },
    "4": {
        "mean": 0.4426666666666666,
        "max": 0.4866666666666667,
        "min": 0.3933333333333333,
        "all": [
            0.4533333333333333,
            0.4866666666666667,
            0.4533333333333333,
            0.4266666666666667,
            0.4533333333333333,
            0.43333333333333335,
            0.4,
            0.44666666666666666,
            0.3933333333333333,
            0.48
        ]
    },
    "8": {
        "mean": 0.45533333333333337,
        "max": 0.52,
        "min": 0.41333333333333333,
        "all": [
            0.52,
            0.43333333333333335,
            0.44666666666666666,
            0.44666666666666666,
            0.4533333333333333,
            0.49333333333333335,
            0.41333333333333333,
            0.4533333333333333,
            0.46,
            0.43333333333333335
        ]
    },
    "16": {
        "mean": 0.4739999999999999,
        "max": 0.5266666666666666,
        "min": 0.43333333333333335,
        "all": [
            0.4866666666666667,
            0.44666666666666666,
            0.4666666666666667,
            0.49333333333333335,
            0.4533333333333333,
            0.47333333333333333,
            0.5,
            0.43333333333333335,
            0.5266666666666666,
            0.46
        ]
    },
    "32": {
        "mean": 0.4693333333333333,
        "max": 0.5,
        "min": 0.4533333333333333,
        "all": [
            0.46,
            0.46,
            0.47333333333333333,
            0.4866666666666667,
            0.48,
            0.5,
            0.4533333333333333,
            0.4666666666666667,
            0.46,
            0.4533333333333333
        ]
    },
    "64": {
        "mean": 0.4653333333333333,
        "max": 0.5133333333333333,
        "min": 0.41333333333333333,
        "all": [
            0.44666666666666666,
            0.41333333333333333,
            0.5133333333333333,
            0.47333333333333333,
            0.46,
            0.48,
            0.47333333333333333,
            0.48,
            0.44666666666666666,
            0.4666666666666667
        ]
    },
    "128": {
        "mean": 0.4666666666666667,
        "max": 0.4666666666666667,
        "min": 0.4666666666666667,
        "all": [
            0.4666666666666667,
            0.4666666666666667,
            0.4666666666666667,
            0.4666666666666667,
            0.4666666666666667,
            0.4666666666666667,
            0.4666666666666667,
            0.4666666666666667,
            0.4666666666666667,
            0.4666666666666667
        ]
    }
}