{
    "1": {
        "mean": 0.48119999999999996,
        "max": 0.502,
        "min": 0.452,
        "all": [
            0.48,
            0.47,
            0.474,
            0.452,
            0.474,
            0.498,
            0.488,
            0.472,
            0.502,
            0.502
        ]
    },
    "2": {
        "mean": 0.5522000000000001,
        "max": 0.578,
        "min": 0.536,
        "all": [
            0.552,
            0.55,
            0.55,
            0.56,
            0.552,
            0.536,
            0.546,
            0.55,
            0.548,
            0.578
        ]
    },
    "4": {
        "mean": 0.5986,
        "max": 0.624,
        "min": 0.582,
        "all": [
            0.6,
            0.588,
            0.608,
            0.59,
            0.606,
            0.59,
            0.624,
            0.594,
            0.582,
            0.604
        ]
    },
    "8": {
        "mean": 0.6354,
        "max": 0.646,
        "min": 0.628,
        "all": [
            0.636,
            0.632,
            0.64,
            0.634,
            0.628,
            0.628,
            0.636,
            0.632,
            0.642,
            0.646
        ]
    },
    "16": {
        "mean": 0.6718,
        "max": 0.69,
        "min": 0.658,
        "all": [
            0.666,
            0.684,
            0.69,
            0.68,
            0.666,
            0.672,
            0.658,
            0.66,
            0.678,
            0.664
        ]
    },
    "32": {
        "mean": 0.6872,
        "max": 0.7,
        "min": 0.666,
        "all": [
            0.666,
            0.694,
            0.694,
            0.688,
            0.688,
            0.7,
            0.686,
            0.682,
            0.69,
            0.684
        ]
    },
    "64": {
        "mean": 0.6946,
        "max": 0.708,
        "min": 0.686,
        "all": [
            0.706,
            0.69,
            0.686,
            0.694,
            0.692,
            0.696,
            0.694,
            0.69,
            0.69,
            0.708
        ]
    },
    "100": {
        "mean": 0.702,
        "max": 0.702,
        "min": 0.702,
        "all": [
            0.702,
            0.702,
            0.702,
            0.702,
            0.702,
            0.702,
            0.702,
            0.702,
            0.702,
            0.702
        ]
    }
}