{
    "1": {
        "mean": 0.48119999999999996,
        "max": 0.502,
        "min": 0.452,
        "all": [
            0.48,
            0.47,
            0.474,
            0.452,
            0.474,
            0.498,
            0.488,
            0.472,
            0.502,
            0.502
        ]
    },
    "2": {
        "mean": 0.5521999999999999,
        "max": 0.576,
        "min": 0.54,
        "all": [
            0.562,
            0.546,
            0.54,
            0.556,
            0.558,
            0.544,
            0.544,
            0.554,
            0.542,
            0.576
        ]
    },
    "4": {
        "mean": 0.6068,
        "max": 0.628,
        "min": 0.594,
        "all": [
            0.602,
            0.598,
            0.594,
            0.604,
            0.61,
            0.594,
            0.628,
            0.61,
            0.608,
            0.62
        ]
    },
    "8": {
        "mean": 0.649,
        "max": 0.66,
        "min": 0.642,
        "all": [
            0.66,
            0.65,
            0.646,
            0.65,
            0.642,
            0.65,
            0.648,
            0.648,
            0.644,
            0.652
        ]
    },
    "16": {
        "mean": 0.6895999999999999,
        "max": 0.712,
        "min": 0.67,
        "all": [
            0.696,
            0.688,
            0.712,
            0.696,
            0.684,
            0.69,
            0.67,
            0.684,
            0.696,
            0.68
        ]
    },
    "32": {
        "mean": 0.702,
        "max": 0.71,
        "min": 0.688,
        "all": [
            0.688,
            0.71,
            0.704,
            0.7,
            0.702,
            0.702,
            0.7,
            0.704,
            0.704,
            0.706
        ]
    },
    "64": {
        "mean": 0.7049999999999998,
        "max": 0.712,
        "min": 0.698,
        "all": [
            0.71,
            0.702,
            0.706,
            0.708,
            0.702,
            0.706,
            0.702,
            0.704,
            0.698,
            0.712
        ]
    },
    "100": {
        "mean": 0.712,
        "max": 0.712,
        "min": 0.712,
        "all": [
            0.712,
            0.712,
            0.712,
            0.712,
            0.712,
            0.712,
            0.712,
            0.712,
            0.712,
            0.712
        ]
    }
}