{
    "1": {
        "mean": 0.5780000000000001,
        "max": 0.6066666666666667,
        "min": 0.54,
        "all": [
            0.56,
            0.5866666666666667,
            0.5733333333333334,
            0.58,
            0.54,
            0.56,
            0.5933333333333334,
            0.5933333333333334,
            0.5866666666666667,
            0.6066666666666667
        ]
    },
    "2": {
        "mean": 0.6073333333333333,
        "max": 0.64,
        "min": 0.5933333333333334,
        "all": [
            0.6066666666666667,
            0.5933333333333334,
            0.6,
            0.6333333333333333,
            0.6,
            0.5933333333333334,
            0.5933333333333334,
            0.62,
            0.64,
            0.5933333333333334
        ]
    },
    "4": {
        "mean": 0.6193333333333333,
        "max": 0.6466666666666666,
        "min": 0.6,
        "all": [
            0.6066666666666667,
            0.6066666666666667,
            0.6133333333333333,
            0.6066666666666667,
            0.6266666666666667,
            0.6333333333333333,
            0.6266666666666667,
            0.6466666666666666,
            0.6266666666666667,
            0.6
        ]
    },
    "8": {
        "mean": 0.626,
        "max": 0.66,
        "min": 0.6066666666666667,
        "all": [
            0.6133333333333333,
            0.66,
            0.6266666666666667,
            0.6133333333333333,
            0.64,
            0.6133333333333333,
            0.64,
            0.6266666666666667,
            0.6066666666666667,
            0.62
        ]
    },
    "16": {
        "mean": 0.6313333333333333,
        "max": 0.6466666666666666,
        "min": 0.62,
        "all": [
            0.6266666666666667,
            0.64,
            0.64,
            0.62,
            0.6266666666666667,
            0.6466666666666666,
            0.62,
            0.64,
            0.6266666666666667,
            0.6266666666666667
        ]
    },
    "32": {
        "mean": 0.6319999999999999,
        "max": 0.6466666666666666,
        "min": 0.62,
        "all": [
            0.6266666666666667,
            0.6466666666666666,
            0.6266666666666667,
            0.6333333333333333,
            0.6333333333333333,
            0.6266666666666667,
            0.6333333333333333,
            0.62,
            0.6333333333333333,
            0.64
        ]
    },
    "64": {
        "mean": 0.6286666666666666,
        "max": 0.6466666666666666,
        "min": 0.6133333333333333,
        "all": [
            0.6333333333333333,
            0.62,
            0.6266666666666667,
            0.6133333333333333,
            0.6333333333333333,
            0.6266666666666667,
            0.6333333333333333,
            0.6466666666666666,
            0.6333333333333333,
            0.62
        ]
    },
    "128": {
        "mean": 0.6133333333333333,
        "max": 0.6133333333333333,
        "min": 0.6133333333333333,
        "all": [
            0.6133333333333333,
            0.6133333333333333,
            0.6133333333333333,
            0.6133333333333333,
            0.6133333333333333,
            0.6133333333333333,
            0.6133333333333333,
            0.6133333333333333,
            0.6133333333333333,
            0.6133333333333333
        ]
    }
}