{
    "1": {
        "mean": 0.45533333333333337,
        "max": 0.4866666666666667,
        "min": 0.43333333333333335,
        "all": [
            0.44666666666666666,
            0.4533333333333333,
            0.46,
            0.4666666666666667,
            0.43333333333333335,
            0.44,
            0.4866666666666667,
            0.43333333333333335,
            0.46,
            0.47333333333333333
        ]
    },
    "2": {
        "mean": 0.4833333333333334,
        "max": 0.52,
        "min": 0.44666666666666666,
        "all": [
            0.5,
            0.52,
            0.46,
            0.5,
            0.4666666666666667,
            0.47333333333333333,
            0.52,
            0.4666666666666667,
            0.44666666666666666,
            0.48
        ]
    },
    "4": {
        "mean": 0.49000000000000005,
        "max": 0.5133333333333333,
        "min": 0.4533333333333333,
        "all": [
            0.5066666666666667,
            0.49333333333333335,
            0.49333333333333335,
            0.4533333333333333,
            0.48,
            0.5066666666666667,
            0.48,
            0.49333333333333335,
            0.5133333333333333,
            0.48
        ]
    },
    "8": {
        "mean": 0.4953333333333333,
        "max": 0.5133333333333333,
        "min": 0.4666666666666667,
        "all": [
            0.47333333333333333,
            0.5,
            0.5133333333333333,
            0.5133333333333333,
            0.5066666666666667,
            0.5,
            0.4666666666666667,
            0.47333333333333333,
            0.5133333333333333,
            0.49333333333333335
        ]
    },
    "16": {
        "mean": 0.4833333333333334,
        "max": 0.54,
        "min": 0.46,
        "all": [
            0.46,
            0.4866666666666667,
            0.4866666666666667,
            0.48,
            0.54,
            0.48,
            0.4666666666666667,
            0.4866666666666667,
            0.48,
            0.4666666666666667
        ]
    },
    "32": {
        "mean": 0.48999999999999994,
        "max": 0.5133333333333333,
        "min": 0.4666666666666667,
        "all": [
            0.5,
            0.4666666666666667,
            0.4666666666666667,
            0.49333333333333335,
            0.5066666666666667,
            0.48,
            0.5133333333333333,
            0.49333333333333335,
            0.49333333333333335,
            0.4866666666666667
        ]
    },
    "64": {
        "mean": 0.48933333333333334,
        "max": 0.5066666666666667,
        "min": 0.4666666666666667,
        "all": [
            0.48,
            0.47333333333333333,
            0.49333333333333335,
            0.4866666666666667,
            0.4666666666666667,
            0.49333333333333335,
            0.5,
            0.5066666666666667,
            0.5,
            0.49333333333333335
        ]
    },
    "128": {
        "mean": 0.47333333333333333,
        "max": 0.47333333333333333,
        "min": 0.47333333333333333,
        "all": [
            0.47333333333333333,
            0.47333333333333333,
            0.47333333333333333,
            0.47333333333333333,
            0.47333333333333333,
            0.47333333333333333,
            0.47333333333333333,
            0.47333333333333333,
            0.47333333333333333,
            0.47333333333333333
        ]
    }
}