{
    "1": {
        "mean": 0.31517241379310346,
        "max": 0.3448275862068966,
        "min": 0.2620689655172414,
        "all": [
            0.3448275862068966,
            0.2827586206896552,
            0.2689655172413793,
            0.33793103448275863,
            0.3310344827586207,
            0.2620689655172414,
            0.31724137931034485,
            0.3310344827586207,
            0.3310344827586207,
            0.3448275862068966
        ]
    },
    "2": {
        "mean": 0.32000000000000006,
        "max": 0.3724137931034483,
        "min": 0.2689655172413793,
        "all": [
            0.3724137931034483,
            0.3448275862068966,
            0.31724137931034485,
            0.296551724137931,
            0.3586206896551724,
            0.32413793103448274,
            0.2689655172413793,
            0.296551724137931,
            0.31724137931034485,
            0.30344827586206896
        ]
    },
    "4": {
        "mean": 0.3255172413793104,
        "max": 0.36551724137931035,
        "min": 0.2689655172413793,
        "all": [
            0.32413793103448274,
            0.32413793103448274,
            0.3448275862068966,
            0.3586206896551724,
            0.3310344827586207,
            0.2689655172413793,
            0.2896551724137931,
            0.33793103448275863,
            0.3103448275862069,
            0.36551724137931035
        ]
    },
    "8": {
        "mean": 0.33586206896551724,
        "max": 0.3793103448275862,
        "min": 0.3103448275862069,
        "all": [
            0.31724137931034485,
            0.3310344827586207,
            0.36551724137931035,
            0.31724137931034485,
            0.31724137931034485,
            0.35172413793103446,
            0.3586206896551724,
            0.3793103448275862,
            0.3103448275862069,
            0.3103448275862069
        ]
    },
    "16": {
        "mean": 0.33586206896551724,
        "max": 0.36551724137931035,
        "min": 0.3103448275862069,
        "all": [
            0.33793103448275863,
            0.33793103448275863,
            0.36551724137931035,
            0.3103448275862069,
            0.3310344827586207,
            0.31724137931034485,
            0.3586206896551724,
            0.36551724137931035,
            0.3103448275862069,
            0.32413793103448274
        ]
    },
    "32": {
        "mean": 0.34827586206896555,
        "max": 0.3724137931034483,
        "min": 0.31724137931034485,
        "all": [
            0.35172413793103446,
            0.31724137931034485,
            0.3310344827586207,
            0.3586206896551724,
            0.3724137931034483,
            0.33793103448275863,
            0.3310344827586207,
            0.3724137931034483,
            0.35172413793103446,
            0.3586206896551724
        ]
    },
    "64": {
        "mean": 0.36068965517241375,
        "max": 0.38620689655172413,
        "min": 0.35172413793103446,
        "all": [
            0.3586206896551724,
            0.36551724137931035,
            0.35172413793103446,
            0.35172413793103446,
            0.35172413793103446,
            0.36551724137931035,
            0.36551724137931035,
            0.35172413793103446,
            0.3586206896551724,
            0.38620689655172413
        ]
    },
    "128": {
        "mean": 0.35862068965517235,
        "max": 0.3586206896551724,
        "min": 0.3586206896551724,
        "all": [
            0.3586206896551724,
            0.3586206896551724,
            0.3586206896551724,
            0.3586206896551724,
            0.3586206896551724,
            0.3586206896551724,
            0.3586206896551724,
            0.3586206896551724,
            0.3586206896551724,
            0.3586206896551724
        ]
    }
}