{
    "1": {
        "mean": 0.33333333333333337,
        "max": 0.38666666666666666,
        "min": 0.29333333333333333,
        "all": [
            0.31333333333333335,
            0.36666666666666664,
            0.32666666666666666,
            0.38666666666666666,
            0.35333333333333333,
            0.34,
            0.30666666666666664,
            0.32,
            0.32666666666666666,
            0.29333333333333333
        ]
    },
    "2": {
        "mean": 0.41933333333333334,
        "max": 0.46,
        "min": 0.38,
        "all": [
            0.4066666666666667,
            0.4266666666666667,
            0.4266666666666667,
            0.4,
            0.38666666666666666,
            0.38,
            0.4533333333333333,
            0.4,
            0.4533333333333333,
            0.46
        ]
    },
    "4": {
        "mean": 0.44400000000000006,
        "max": 0.4866666666666667,
        "min": 0.4,
        "all": [
            0.43333333333333335,
            0.4866666666666667,
            0.47333333333333333,
            0.42,
            0.48,
            0.43333333333333335,
            0.4,
            0.47333333333333333,
            0.42,
            0.42
        ]
    },
    "8": {
        "mean": 0.45999999999999996,
        "max": 0.49333333333333335,
        "min": 0.3933333333333333,
        "all": [
            0.48,
            0.44,
            0.3933333333333333,
            0.48,
            0.4866666666666667,
            0.4666666666666667,
            0.49333333333333335,
            0.47333333333333333,
            0.44666666666666666,
            0.44
        ]
    },
    "16": {
        "mean": 0.45133333333333325,
        "max": 0.49333333333333335,
        "min": 0.4,
        "all": [
            0.4533333333333333,
            0.47333333333333333,
            0.44666666666666666,
            0.4533333333333333,
            0.4,
            0.4266666666666667,
            0.4266666666666667,
            0.46,
            0.48,
            0.49333333333333335
        ]
    },
    "32": {
        "mean": 0.49000000000000005,
        "max": 0.5333333333333333,
        "min": 0.43333333333333335,
        "all": [
            0.49333333333333335,
            0.47333333333333333,
            0.5333333333333333,
            0.5266666666666666,
            0.5266666666666666,
            0.43333333333333335,
            0.47333333333333333,
            0.48,
            0.48,
            0.48
        ]
    },
    "64": {
        "mean": 0.5106666666666666,
        "max": 0.54,
        "min": 0.49333333333333335,
        "all": [
            0.5,
            0.5,
            0.5333333333333333,
            0.49333333333333335,
            0.5133333333333333,
            0.5,
            0.5266666666666666,
            0.5,
            0.54,
            0.5
        ]
    },
    "128": {
        "mean": 0.54,
        "max": 0.54,
        "min": 0.54,
        "all": [
            0.54,
            0.54,
            0.54,
            0.54,
            0.54,
            0.54,
            0.54,
            0.54,
            0.54,
            0.54
        ]
    }
}