{
    "1": {
        "mean": 0.31517241379310346,
        "max": 0.3448275862068966,
        "min": 0.2620689655172414,
        "all": [
            0.3448275862068966,
            0.2827586206896552,
            0.2689655172413793,
            0.33793103448275863,
            0.3310344827586207,
            0.2620689655172414,
            0.31724137931034485,
            0.3310344827586207,
            0.3310344827586207,
            0.3448275862068966
        ]
    },
    "2": {
        "mean": 0.3062068965517242,
        "max": 0.35172413793103446,
        "min": 0.2689655172413793,
        "all": [
            0.35172413793103446,
            0.30344827586206896,
            0.32413793103448274,
            0.2689655172413793,
            0.31724137931034485,
            0.2827586206896552,
            0.30344827586206896,
            0.296551724137931,
            0.31724137931034485,
            0.296551724137931
        ]
    },
    "4": {
        "mean": 0.32,
        "max": 0.3586206896551724,
        "min": 0.2896551724137931,
        "all": [
            0.3310344827586207,
            0.30344827586206896,
            0.3448275862068966,
            0.3586206896551724,
            0.296551724137931,
            0.296551724137931,
            0.2896551724137931,
            0.31724137931034485,
            0.3103448275862069,
            0.35172413793103446
        ]
    },
    "8": {
        "mean": 0.30344827586206896,
        "max": 0.35172413793103446,
        "min": 0.25517241379310346,
        "all": [
            0.25517241379310346,
            0.2827586206896552,
            0.3448275862068966,
            0.2827586206896552,
            0.296551724137931,
            0.30344827586206896,
            0.2896551724137931,
            0.3310344827586207,
            0.296551724137931,
            0.35172413793103446
        ]
    },
    "16": {
        "mean": 0.29655172413793107,
        "max": 0.31724137931034485,
        "min": 0.25517241379310346,
        "all": [
            0.2896551724137931,
            0.3103448275862069,
            0.31724137931034485,
            0.3103448275862069,
            0.2827586206896552,
            0.30344827586206896,
            0.2689655172413793,
            0.31724137931034485,
            0.3103448275862069,
            0.25517241379310346
        ]
    },
    "32": {
        "mean": 0.2841379310344828,
        "max": 0.3103448275862069,
        "min": 0.2482758620689655,
        "all": [
            0.296551724137931,
            0.25517241379310346,
            0.2827586206896552,
            0.3103448275862069,
            0.296551724137931,
            0.2827586206896552,
            0.2482758620689655,
            0.30344827586206896,
            0.2620689655172414,
            0.30344827586206896
        ]
    },
    "64": {
        "mean": 0.27999999999999997,
        "max": 0.30344827586206896,
        "min": 0.2620689655172414,
        "all": [
            0.2689655172413793,
            0.2620689655172414,
            0.30344827586206896,
            0.2827586206896552,
            0.27586206896551724,
            0.296551724137931,
            0.296551724137931,
            0.27586206896551724,
            0.2689655172413793,
            0.2689655172413793
        ]
    },
    "128": {
        "mean": 0.2551724137931034,
        "max": 0.25517241379310346,
        "min": 0.25517241379310346,
        "all": [
            0.25517241379310346,
            0.25517241379310346,
            0.25517241379310346,
            0.25517241379310346,
            0.25517241379310346,
            0.25517241379310346,
            0.25517241379310346,
            0.25517241379310346,
            0.25517241379310346,
            0.25517241379310346
        ]
    }
}