{
    "1": {
        "mean": 0.31517241379310346,
        "max": 0.3448275862068966,
        "min": 0.2620689655172414,
        "all": [
            0.3448275862068966,
            0.2827586206896552,
            0.2689655172413793,
            0.33793103448275863,
            0.3310344827586207,
            0.2620689655172414,
            0.31724137931034485,
            0.3310344827586207,
            0.3310344827586207,
            0.3448275862068966
        ]
    },
    "2": {
        "mean": 0.3082758620689655,
        "max": 0.36551724137931035,
        "min": 0.2620689655172414,
        "all": [
            0.36551724137931035,
            0.3103448275862069,
            0.2896551724137931,
            0.2620689655172414,
            0.33793103448275863,
            0.30344827586206896,
            0.3103448275862069,
            0.2827586206896552,
            0.296551724137931,
            0.32413793103448274
        ]
    },
    "4": {
        "mean": 0.3062068965517241,
        "max": 0.3793103448275862,
        "min": 0.25517241379310346,
        "all": [
            0.30344827586206896,
            0.296551724137931,
            0.31724137931034485,
            0.3793103448275862,
            0.30344827586206896,
            0.2689655172413793,
            0.25517241379310346,
            0.27586206896551724,
            0.296551724137931,
            0.36551724137931035
        ]
    },
    "8": {
        "mean": 0.2896551724137931,
        "max": 0.31724137931034485,
        "min": 0.2413793103448276,
        "all": [
            0.2413793103448276,
            0.2689655172413793,
            0.3103448275862069,
            0.25517241379310346,
            0.2827586206896552,
            0.31724137931034485,
            0.2896551724137931,
            0.31724137931034485,
            0.3103448275862069,
            0.30344827586206896
        ]
    },
    "16": {
        "mean": 0.2986206896551724,
        "max": 0.3310344827586207,
        "min": 0.2620689655172414,
        "all": [
            0.2827586206896552,
            0.3310344827586207,
            0.3310344827586207,
            0.296551724137931,
            0.296551724137931,
            0.2827586206896552,
            0.2620689655172414,
            0.32413793103448274,
            0.3103448275862069,
            0.2689655172413793
        ]
    },
    "32": {
        "mean": 0.27724137931034487,
        "max": 0.30344827586206896,
        "min": 0.2413793103448276,
        "all": [
            0.2620689655172414,
            0.2413793103448276,
            0.2827586206896552,
            0.2827586206896552,
            0.2896551724137931,
            0.30344827586206896,
            0.2827586206896552,
            0.27586206896551724,
            0.2620689655172414,
            0.2896551724137931
        ]
    },
    "64": {
        "mean": 0.2827586206896552,
        "max": 0.30344827586206896,
        "min": 0.2413793103448276,
        "all": [
            0.2896551724137931,
            0.2896551724137931,
            0.2896551724137931,
            0.2827586206896552,
            0.30344827586206896,
            0.2827586206896552,
            0.2896551724137931,
            0.2896551724137931,
            0.2413793103448276,
            0.2689655172413793
        ]
    },
    "128": {
        "mean": 0.2896551724137931,
        "max": 0.2896551724137931,
        "min": 0.2896551724137931,
        "all": [
            0.2896551724137931,
            0.2896551724137931,
            0.2896551724137931,
            0.2896551724137931,
            0.2896551724137931,
            0.2896551724137931,
            0.2896551724137931,
            0.2896551724137931,
            0.2896551724137931,
            0.2896551724137931
        ]
    }
}