{
    "1": {
        "mean": 0.5293333333333334,
        "max": 0.5733333333333334,
        "min": 0.48,
        "all": [
            0.5133333333333333,
            0.49333333333333335,
            0.5066666666666667,
            0.56,
            0.48,
            0.56,
            0.5,
            0.5733333333333334,
            0.5533333333333333,
            0.5533333333333333
        ]
    },
    "2": {
        "mean": 0.5406666666666666,
        "max": 0.5933333333333334,
        "min": 0.48,
        "all": [
            0.5333333333333333,
            0.5933333333333334,
            0.52,
            0.48,
            0.54,
            0.5666666666666667,
            0.5466666666666666,
            0.5733333333333334,
            0.52,
            0.5333333333333333
        ]
    },
    "4": {
        "mean": 0.5646666666666668,
        "max": 0.5933333333333334,
        "min": 0.54,
        "all": [
            0.5466666666666666,
            0.56,
            0.5933333333333334,
            0.5533333333333333,
            0.54,
            0.5733333333333334,
            0.58,
            0.58,
            0.5666666666666667,
            0.5533333333333333
        ]
    },
    "8": {
        "mean": 0.5506666666666667,
        "max": 0.5666666666666667,
        "min": 0.54,
        "all": [
            0.54,
            0.56,
            0.5533333333333333,
            0.5666666666666667,
            0.5533333333333333,
            0.54,
            0.56,
            0.54,
            0.5466666666666666,
            0.5466666666666666
        ]
    },
    "16": {
        "mean": 0.5439999999999999,
        "max": 0.56,
        "min": 0.5266666666666666,
        "all": [
            0.5533333333333333,
            0.56,
            0.5533333333333333,
            0.5466666666666666,
            0.5466666666666666,
            0.5466666666666666,
            0.54,
            0.5266666666666666,
            0.5333333333333333,
            0.5333333333333333
        ]
    },
    "32": {
        "mean": 0.532,
        "max": 0.56,
        "min": 0.5,
        "all": [
            0.5333333333333333,
            0.5,
            0.56,
            0.5533333333333333,
            0.5133333333333333,
            0.5066666666666667,
            0.54,
            0.5133333333333333,
            0.54,
            0.56
        ]
    },
    "64": {
        "mean": 0.514,
        "max": 0.5266666666666666,
        "min": 0.5,
        "all": [
            0.5,
            0.5133333333333333,
            0.5133333333333333,
            0.5066666666666667,
            0.52,
            0.5266666666666666,
            0.52,
            0.5133333333333333,
            0.5133333333333333,
            0.5133333333333333
        ]
    },
    "128": {
        "mean": 0.5,
        "max": 0.5,
        "min": 0.5,
        "all": [
            0.5,
            0.5,
            0.5,
            0.5,
            0.5,
            0.5,
            0.5,
            0.5,
            0.5,
            0.5
        ]
    }
}