{
    "1": {
        "mean": 0.5864285714285713,
        "max": 0.6071428571428571,
        "min": 0.5642857142857143,
        "all": [
            0.5714285714285714,
            0.5785714285714286,
            0.6,
            0.5928571428571429,
            0.5928571428571429,
            0.6,
            0.6071428571428571,
            0.5642857142857143,
            0.5928571428571429,
            0.5642857142857143
        ]
    },
    "2": {
        "mean": 0.5585714285714285,
        "max": 0.6071428571428571,
        "min": 0.5142857142857142,
        "all": [
            0.6071428571428571,
            0.5142857142857142,
            0.5714285714285714,
            0.5428571428571428,
            0.5785714285714286,
            0.5714285714285714,
            0.5428571428571428,
            0.55,
            0.5785714285714286,
            0.5285714285714286
        ]
    },
    "4": {
        "mean": 0.5571428571428572,
        "max": 0.5928571428571429,
        "min": 0.5285714285714286,
        "all": [
            0.5642857142857143,
            0.5928571428571429,
            0.5857142857142857,
            0.5285714285714286,
            0.55,
            0.5857142857142857,
            0.5285714285714286,
            0.5571428571428572,
            0.5428571428571428,
            0.5357142857142857
        ]
    },
    "8": {
        "mean": 0.5299999999999999,
        "max": 0.5571428571428572,
        "min": 0.4928571428571429,
        "all": [
            0.4928571428571429,
            0.5142857142857142,
            0.5071428571428571,
            0.5428571428571428,
            0.5571428571428572,
            0.5571428571428572,
            0.5,
            0.5285714285714286,
            0.55,
            0.55
        ]
    },
    "16": {
        "mean": 0.5142857142857142,
        "max": 0.5428571428571428,
        "min": 0.4857142857142857,
        "all": [
            0.5142857142857142,
            0.5428571428571428,
            0.5285714285714286,
            0.5142857142857142,
            0.5214285714285715,
            0.5214285714285715,
            0.4857142857142857,
            0.5071428571428571,
            0.4928571428571429,
            0.5142857142857142
        ]
    },
    "32": {
        "mean": 0.48,
        "max": 0.5071428571428571,
        "min": 0.44285714285714284,
        "all": [
            0.44285714285714284,
            0.4642857142857143,
            0.4857142857142857,
            0.4928571428571429,
            0.5071428571428571,
            0.5,
            0.4785714285714286,
            0.44285714285714284,
            0.5,
            0.4857142857142857
        ]
    },
    "64": {
        "mean": 0.445,
        "max": 0.4642857142857143,
        "min": 0.42142857142857143,
        "all": [
            0.44285714285714284,
            0.42857142857142855,
            0.45,
            0.4642857142857143,
            0.42142857142857143,
            0.45,
            0.42142857142857143,
            0.4642857142857143,
            0.45714285714285713,
            0.45
        ]
    },
    "128": {
        "mean": 0.40714285714285714,
        "max": 0.40714285714285714,
        "min": 0.40714285714285714,
        "all": [
            0.40714285714285714,
            0.40714285714285714,
            0.40714285714285714,
            0.40714285714285714,
            0.40714285714285714,
            0.40714285714285714,
            0.40714285714285714,
            0.40714285714285714,
            0.40714285714285714,
            0.40714285714285714
        ]
    }
}