{
    "1": {
        "mean": 0.3786666666666667,
        "max": 0.4666666666666667,
        "min": 0.31333333333333335,
        "all": [
            0.34,
            0.4066666666666667,
            0.3333333333333333,
            0.41333333333333333,
            0.4666666666666667,
            0.31333333333333335,
            0.38,
            0.32666666666666666,
            0.41333333333333333,
            0.3933333333333333
        ]
    },
    "2": {
        "mean": 0.466,
        "max": 0.52,
        "min": 0.4,
        "all": [
            0.48,
            0.4666666666666667,
            0.4,
            0.52,
            0.46,
            0.46,
            0.5,
            0.42,
            0.52,
            0.43333333333333335
        ]
    },
    "4": {
        "mean": 0.53,
        "max": 0.56,
        "min": 0.48,
        "all": [
            0.5533333333333333,
            0.5266666666666666,
            0.56,
            0.5266666666666666,
            0.5533333333333333,
            0.5133333333333333,
            0.5333333333333333,
            0.5266666666666666,
            0.5266666666666666,
            0.48
        ]
    },
    "8": {
        "mean": 0.5573333333333335,
        "max": 0.5933333333333334,
        "min": 0.5133333333333333,
        "all": [
            0.5933333333333334,
            0.5266666666666666,
            0.5733333333333334,
            0.5133333333333333,
            0.5533333333333333,
            0.58,
            0.58,
            0.5466666666666666,
            0.5533333333333333,
            0.5533333333333333
        ]
    },
    "16": {
        "mean": 0.5946666666666667,
        "max": 0.6133333333333333,
        "min": 0.5733333333333334,
        "all": [
            0.5933333333333334,
            0.6133333333333333,
            0.58,
            0.5933333333333334,
            0.6,
            0.5933333333333334,
            0.6133333333333333,
            0.5733333333333334,
            0.5933333333333334,
            0.5933333333333334
        ]
    },
    "32": {
        "mean": 0.6073333333333334,
        "max": 0.64,
        "min": 0.5733333333333334,
        "all": [
            0.5933333333333334,
            0.6066666666666667,
            0.6266666666666667,
            0.62,
            0.5733333333333334,
            0.5733333333333334,
            0.64,
            0.6133333333333333,
            0.6133333333333333,
            0.6133333333333333
        ]
    },
    "64": {
        "mean": 0.6333333333333333,
        "max": 0.6533333333333333,
        "min": 0.62,
        "all": [
            0.64,
            0.6266666666666667,
            0.6533333333333333,
            0.6266666666666667,
            0.6266666666666667,
            0.6333333333333333,
            0.6333333333333333,
            0.6333333333333333,
            0.64,
            0.62
        ]
    },
    "128": {
        "mean": 0.6533333333333333,
        "max": 0.6533333333333333,
        "min": 0.6533333333333333,
        "all": [
            0.6533333333333333,
            0.6533333333333333,
            0.6533333333333333,
            0.6533333333333333,
            0.6533333333333333,
            0.6533333333333333,
            0.6533333333333333,
            0.6533333333333333,
            0.6533333333333333,
            0.6533333333333333
        ]
    }
}