{
    "1": {
        "mean": 0.3786666666666667,
        "max": 0.4666666666666667,
        "min": 0.31333333333333335,
        "all": [
            0.34,
            0.4066666666666667,
            0.3333333333333333,
            0.41333333333333333,
            0.4666666666666667,
            0.31333333333333335,
            0.38,
            0.32666666666666666,
            0.41333333333333333,
            0.3933333333333333
        ]
    },
    "2": {
        "mean": 0.4720000000000001,
        "max": 0.5266666666666666,
        "min": 0.4066666666666667,
        "all": [
            0.47333333333333333,
            0.48,
            0.4066666666666667,
            0.52,
            0.46,
            0.4866666666666667,
            0.49333333333333335,
            0.44,
            0.5266666666666666,
            0.43333333333333335
        ]
    },
    "4": {
        "mean": 0.5366666666666667,
        "max": 0.56,
        "min": 0.5,
        "all": [
            0.56,
            0.5466666666666666,
            0.5533333333333333,
            0.5266666666666666,
            0.5466666666666666,
            0.54,
            0.52,
            0.5533333333333333,
            0.52,
            0.5
        ]
    },
    "8": {
        "mean": 0.5813333333333335,
        "max": 0.62,
        "min": 0.5133333333333333,
        "all": [
            0.6066666666666667,
            0.5533333333333333,
            0.6,
            0.5133333333333333,
            0.6066666666666667,
            0.56,
            0.5933333333333334,
            0.5666666666666667,
            0.62,
            0.5933333333333334
        ]
    },
    "16": {
        "mean": 0.6213333333333333,
        "max": 0.6466666666666666,
        "min": 0.5933333333333334,
        "all": [
            0.62,
            0.6266666666666667,
            0.6,
            0.5933333333333334,
            0.6333333333333333,
            0.62,
            0.6466666666666666,
            0.6266666666666667,
            0.6333333333333333,
            0.6133333333333333
        ]
    },
    "32": {
        "mean": 0.6313333333333333,
        "max": 0.6666666666666666,
        "min": 0.6,
        "all": [
            0.6133333333333333,
            0.6666666666666666,
            0.6333333333333333,
            0.6333333333333333,
            0.6,
            0.6066666666666667,
            0.64,
            0.64,
            0.66,
            0.62
        ]
    },
    "64": {
        "mean": 0.6546666666666666,
        "max": 0.6733333333333333,
        "min": 0.6266666666666667,
        "all": [
            0.6533333333333333,
            0.6266666666666667,
            0.66,
            0.6666666666666666,
            0.6733333333333333,
            0.6466666666666666,
            0.6733333333333333,
            0.66,
            0.6466666666666666,
            0.64
        ]
    },
    "128": {
        "mean": 0.6533333333333333,
        "max": 0.6533333333333333,
        "min": 0.6533333333333333,
        "all": [
            0.6533333333333333,
            0.6533333333333333,
            0.6533333333333333,
            0.6533333333333333,
            0.6533333333333333,
            0.6533333333333333,
            0.6533333333333333,
            0.6533333333333333,
            0.6533333333333333,
            0.6533333333333333
        ]
    }
}