{
    "1": {
        "mean": 0.4174496644295302,
        "max": 0.4563758389261745,
        "min": 0.3691275167785235,
        "all": [
            0.4228187919463087,
            0.4228187919463087,
            0.3825503355704698,
            0.436241610738255,
            0.44966442953020136,
            0.38926174496644295,
            0.42953020134228187,
            0.3691275167785235,
            0.4161073825503356,
            0.4563758389261745
        ]
    },
    "2": {
        "mean": 0.4281879194630872,
        "max": 0.47651006711409394,
        "min": 0.3422818791946309,
        "all": [
            0.40268456375838924,
            0.47651006711409394,
            0.3959731543624161,
            0.46308724832214765,
            0.4563758389261745,
            0.4228187919463087,
            0.4228187919463087,
            0.3422818791946309,
            0.436241610738255,
            0.46308724832214765
        ]
    },
    "4": {
        "mean": 0.4281879194630872,
        "max": 0.4563758389261745,
        "min": 0.3825503355704698,
        "all": [
            0.436241610738255,
            0.40268456375838924,
            0.4228187919463087,
            0.4563758389261745,
            0.436241610738255,
            0.3825503355704698,
            0.42953020134228187,
            0.44966442953020136,
            0.4429530201342282,
            0.4228187919463087
        ]
    },
    "8": {
        "mean": 0.44697986577181215,
        "max": 0.5033557046979866,
        "min": 0.40939597315436244,
        "all": [
            0.5033557046979866,
            0.4228187919463087,
            0.44966442953020136,
            0.44966442953020136,
            0.4563758389261745,
            0.4697986577181208,
            0.44966442953020136,
            0.4228187919463087,
            0.40939597315436244,
            0.436241610738255
        ]
    },
    "16": {
        "mean": 0.44832214765100675,
        "max": 0.4697986577181208,
        "min": 0.4228187919463087,
        "all": [
            0.46308724832214765,
            0.4697986577181208,
            0.436241610738255,
            0.4697986577181208,
            0.44966442953020136,
            0.4429530201342282,
            0.46308724832214765,
            0.4429530201342282,
            0.4228187919463087,
            0.4228187919463087
        ]
    },
    "32": {
        "mean": 0.45570469798657715,
        "max": 0.47651006711409394,
        "min": 0.436241610738255,
        "all": [
            0.436241610738255,
            0.4563758389261745,
            0.47651006711409394,
            0.436241610738255,
            0.4563758389261745,
            0.46308724832214765,
            0.46308724832214765,
            0.4563758389261745,
            0.44966442953020136,
            0.46308724832214765
        ]
    },
    "64": {
        "mean": 0.4577181208053691,
        "max": 0.4899328859060403,
        "min": 0.4429530201342282,
        "all": [
            0.4563758389261745,
            0.4563758389261745,
            0.4563758389261745,
            0.4899328859060403,
            0.47651006711409394,
            0.44966442953020136,
            0.4429530201342282,
            0.4563758389261745,
            0.4429530201342282,
            0.44966442953020136
        ]
    },
    "128": {
        "mean": 0.46308724832214765,
        "max": 0.46308724832214765,
        "min": 0.46308724832214765,
        "all": [
            0.46308724832214765,
            0.46308724832214765,
            0.46308724832214765,
            0.46308724832214765,
            0.46308724832214765,
            0.46308724832214765,
            0.46308724832214765,
            0.46308724832214765,
            0.46308724832214765,
            0.46308724832214765
        ]
    }
}