{
    "1": {
        "mean": 0.4174496644295302,
        "max": 0.4563758389261745,
        "min": 0.3691275167785235,
        "all": [
            0.4228187919463087,
            0.4228187919463087,
            0.3825503355704698,
            0.436241610738255,
            0.44966442953020136,
            0.38926174496644295,
            0.42953020134228187,
            0.3691275167785235,
            0.4161073825503356,
            0.4563758389261745
        ]
    },
    "2": {
        "mean": 0.4382550335570469,
        "max": 0.4966442953020134,
        "min": 0.3624161073825503,
        "all": [
            0.42953020134228187,
            0.4563758389261745,
            0.436241610738255,
            0.4966442953020134,
            0.4697986577181208,
            0.436241610738255,
            0.4161073825503356,
            0.3624161073825503,
            0.4429530201342282,
            0.436241610738255
        ]
    },
    "4": {
        "mean": 0.43691275167785226,
        "max": 0.47651006711409394,
        "min": 0.3959731543624161,
        "all": [
            0.42953020134228187,
            0.40939597315436244,
            0.4429530201342282,
            0.44966442953020136,
            0.4697986577181208,
            0.3959731543624161,
            0.42953020134228187,
            0.47651006711409394,
            0.4429530201342282,
            0.4228187919463087
        ]
    },
    "8": {
        "mean": 0.451006711409396,
        "max": 0.4899328859060403,
        "min": 0.4228187919463087,
        "all": [
            0.4899328859060403,
            0.436241610738255,
            0.4563758389261745,
            0.4563758389261745,
            0.4429530201342282,
            0.4697986577181208,
            0.4697986577181208,
            0.42953020134228187,
            0.4228187919463087,
            0.436241610738255
        ]
    },
    "16": {
        "mean": 0.451006711409396,
        "max": 0.48322147651006714,
        "min": 0.4228187919463087,
        "all": [
            0.4563758389261745,
            0.4697986577181208,
            0.4429530201342282,
            0.48322147651006714,
            0.4429530201342282,
            0.4563758389261745,
            0.4697986577181208,
            0.4228187919463087,
            0.42953020134228187,
            0.436241610738255
        ]
    },
    "32": {
        "mean": 0.4583892617449664,
        "max": 0.4697986577181208,
        "min": 0.44966442953020136,
        "all": [
            0.44966442953020136,
            0.4563758389261745,
            0.4697986577181208,
            0.4563758389261745,
            0.4563758389261745,
            0.4563758389261745,
            0.4697986577181208,
            0.4563758389261745,
            0.44966442953020136,
            0.46308724832214765
        ]
    },
    "64": {
        "mean": 0.4543624161073825,
        "max": 0.47651006711409394,
        "min": 0.436241610738255,
        "all": [
            0.44966442953020136,
            0.46308724832214765,
            0.4429530201342282,
            0.47651006711409394,
            0.46308724832214765,
            0.44966442953020136,
            0.436241610738255,
            0.4563758389261745,
            0.44966442953020136,
            0.4563758389261745
        ]
    },
    "128": {
        "mean": 0.45637583892617445,
        "max": 0.4563758389261745,
        "min": 0.4563758389261745,
        "all": [
            0.4563758389261745,
            0.4563758389261745,
            0.4563758389261745,
            0.4563758389261745,
            0.4563758389261745,
            0.4563758389261745,
            0.4563758389261745,
            0.4563758389261745,
            0.4563758389261745,
            0.4563758389261745
        ]
    }
}