{
    "1": {
        "mean": 0.31517241379310346,
        "max": 0.3448275862068966,
        "min": 0.2620689655172414,
        "all": [
            0.3448275862068966,
            0.2827586206896552,
            0.2689655172413793,
            0.33793103448275863,
            0.3310344827586207,
            0.2620689655172414,
            0.31724137931034485,
            0.3310344827586207,
            0.3310344827586207,
            0.3448275862068966
        ]
    },
    "2": {
        "mean": 0.3641379310344828,
        "max": 0.4,
        "min": 0.32413793103448274,
        "all": [
            0.36551724137931035,
            0.3448275862068966,
            0.4,
            0.33793103448275863,
            0.33793103448275863,
            0.38620689655172413,
            0.4,
            0.32413793103448274,
            0.4,
            0.3448275862068966
        ]
    },
    "4": {
        "mean": 0.37103448275862067,
        "max": 0.41379310344827586,
        "min": 0.33793103448275863,
        "all": [
            0.36551724137931035,
            0.4,
            0.3724137931034483,
            0.41379310344827586,
            0.3586206896551724,
            0.3793103448275862,
            0.3586206896551724,
            0.33793103448275863,
            0.3586206896551724,
            0.36551724137931035
        ]
    },
    "8": {
        "mean": 0.37034482758620685,
        "max": 0.4068965517241379,
        "min": 0.33793103448275863,
        "all": [
            0.35172413793103446,
            0.36551724137931035,
            0.4,
            0.3586206896551724,
            0.4,
            0.3724137931034483,
            0.33793103448275863,
            0.4068965517241379,
            0.3586206896551724,
            0.35172413793103446
        ]
    },
    "16": {
        "mean": 0.38137931034482764,
        "max": 0.4206896551724138,
        "min": 0.35172413793103446,
        "all": [
            0.3793103448275862,
            0.4206896551724138,
            0.4,
            0.3931034482758621,
            0.4,
            0.36551724137931035,
            0.35172413793103446,
            0.36551724137931035,
            0.36551724137931035,
            0.3724137931034483
        ]
    },
    "32": {
        "mean": 0.38344827586206903,
        "max": 0.3931034482758621,
        "min": 0.36551724137931035,
        "all": [
            0.38620689655172413,
            0.3931034482758621,
            0.36551724137931035,
            0.3931034482758621,
            0.38620689655172413,
            0.3793103448275862,
            0.3724137931034483,
            0.3724137931034483,
            0.3931034482758621,
            0.3931034482758621
        ]
    },
    "64": {
        "mean": 0.38689655172413795,
        "max": 0.4068965517241379,
        "min": 0.3793103448275862,
        "all": [
            0.3793103448275862,
            0.3793103448275862,
            0.3793103448275862,
            0.3793103448275862,
            0.3931034482758621,
            0.3793103448275862,
            0.38620689655172413,
            0.3931034482758621,
            0.3931034482758621,
            0.4068965517241379
        ]
    },
    "128": {
        "mean": 0.3931034482758621,
        "max": 0.3931034482758621,
        "min": 0.3931034482758621,
        "all": [
            0.3931034482758621,
            0.3931034482758621,
            0.3931034482758621,
            0.3931034482758621,
            0.3931034482758621,
            0.3931034482758621,
            0.3931034482758621,
            0.3931034482758621,
            0.3931034482758621,
            0.3931034482758621
        ]
    }
}