{
    "1": {
        "mean": 0.5864285714285713,
        "max": 0.6071428571428571,
        "min": 0.5642857142857143,
        "all": [
            0.5714285714285714,
            0.5785714285714286,
            0.6,
            0.5928571428571429,
            0.5928571428571429,
            0.6,
            0.6071428571428571,
            0.5642857142857143,
            0.5928571428571429,
            0.5642857142857143
        ]
    },
    "2": {
        "mean": 0.5985714285714285,
        "max": 0.6714285714285714,
        "min": 0.5642857142857143,
        "all": [
            0.6714285714285714,
            0.5642857142857143,
            0.5928571428571429,
            0.5857142857142857,
            0.6142857142857143,
            0.6,
            0.5857142857142857,
            0.5857142857142857,
            0.6,
            0.5857142857142857
        ]
    },
    "4": {
        "mean": 0.5964285714285713,
        "max": 0.6214285714285714,
        "min": 0.5785714285714286,
        "all": [
            0.5785714285714286,
            0.6214285714285714,
            0.5785714285714286,
            0.6,
            0.5928571428571429,
            0.6,
            0.6,
            0.5928571428571429,
            0.6,
            0.6
        ]
    },
    "8": {
        "mean": 0.5878571428571427,
        "max": 0.6214285714285714,
        "min": 0.5642857142857143,
        "all": [
            0.5785714285714286,
            0.5642857142857143,
            0.6071428571428571,
            0.6214285714285714,
            0.5642857142857143,
            0.5857142857142857,
            0.5714285714285714,
            0.5928571428571429,
            0.5857142857142857,
            0.6071428571428571
        ]
    },
    "16": {
        "mean": 0.58,
        "max": 0.5928571428571429,
        "min": 0.5714285714285714,
        "all": [
            0.5785714285714286,
            0.5857142857142857,
            0.5714285714285714,
            0.5714285714285714,
            0.5785714285714286,
            0.5785714285714286,
            0.5785714285714286,
            0.5785714285714286,
            0.5928571428571429,
            0.5857142857142857
        ]
    },
    "32": {
        "mean": 0.5671428571428571,
        "max": 0.5857142857142857,
        "min": 0.55,
        "all": [
            0.5714285714285714,
            0.55,
            0.5857142857142857,
            0.5642857142857143,
            0.5785714285714286,
            0.5642857142857143,
            0.55,
            0.55,
            0.5785714285714286,
            0.5785714285714286
        ]
    },
    "64": {
        "mean": 0.565,
        "max": 0.5857142857142857,
        "min": 0.55,
        "all": [
            0.5571428571428572,
            0.5571428571428572,
            0.5642857142857143,
            0.5642857142857143,
            0.55,
            0.5714285714285714,
            0.5642857142857143,
            0.5642857142857143,
            0.5714285714285714,
            0.5857142857142857
        ]
    },
    "128": {
        "mean": 0.5642857142857143,
        "max": 0.5642857142857143,
        "min": 0.5642857142857143,
        "all": [
            0.5642857142857143,
            0.5642857142857143,
            0.5642857142857143,
            0.5642857142857143,
            0.5642857142857143,
            0.5642857142857143,
            0.5642857142857143,
            0.5642857142857143,
            0.5642857142857143,
            0.5642857142857143
        ]
    }
}