{
    "1": {
        "mean": 0.5864285714285713,
        "max": 0.6071428571428571,
        "min": 0.5642857142857143,
        "all": [
            0.5714285714285714,
            0.5785714285714286,
            0.6,
            0.5928571428571429,
            0.5928571428571429,
            0.6,
            0.6071428571428571,
            0.5642857142857143,
            0.5928571428571429,
            0.5642857142857143
        ]
    },
    "2": {
        "mean": 0.6021428571428571,
        "max": 0.6571428571428571,
        "min": 0.5714285714285714,
        "all": [
            0.6571428571428571,
            0.5714285714285714,
            0.6,
            0.5714285714285714,
            0.6071428571428571,
            0.6142857142857143,
            0.6071428571428571,
            0.6,
            0.6,
            0.5928571428571429
        ]
    },
    "4": {
        "mean": 0.6142857142857142,
        "max": 0.6357142857142857,
        "min": 0.6,
        "all": [
            0.6214285714285714,
            0.6214285714285714,
            0.6142857142857143,
            0.6142857142857143,
            0.6,
            0.6071428571428571,
            0.6357142857142857,
            0.6214285714285714,
            0.6071428571428571,
            0.6
        ]
    },
    "8": {
        "mean": 0.6078571428571429,
        "max": 0.6214285714285714,
        "min": 0.5857142857142857,
        "all": [
            0.6,
            0.6142857142857143,
            0.6142857142857143,
            0.6142857142857143,
            0.5928571428571429,
            0.5928571428571429,
            0.5857142857142857,
            0.6214285714285714,
            0.6214285714285714,
            0.6214285714285714
        ]
    },
    "16": {
        "mean": 0.5978571428571428,
        "max": 0.6214285714285714,
        "min": 0.5714285714285714,
        "all": [
            0.5857142857142857,
            0.6214285714285714,
            0.6,
            0.6071428571428571,
            0.5857142857142857,
            0.6071428571428571,
            0.5714285714285714,
            0.6071428571428571,
            0.6071428571428571,
            0.5857142857142857
        ]
    },
    "32": {
        "mean": 0.5971428571428571,
        "max": 0.6071428571428571,
        "min": 0.5857142857142857,
        "all": [
            0.6071428571428571,
            0.5928571428571429,
            0.6,
            0.6071428571428571,
            0.5928571428571429,
            0.5857142857142857,
            0.6,
            0.6,
            0.6,
            0.5857142857142857
        ]
    },
    "64": {
        "mean": 0.5878571428571429,
        "max": 0.6,
        "min": 0.5785714285714286,
        "all": [
            0.5857142857142857,
            0.5785714285714286,
            0.5785714285714286,
            0.5785714285714286,
            0.5928571428571429,
            0.5785714285714286,
            0.6,
            0.5928571428571429,
            0.5928571428571429,
            0.6
        ]
    },
    "128": {
        "mean": 0.5857142857142856,
        "max": 0.5857142857142857,
        "min": 0.5857142857142857,
        "all": [
            0.5857142857142857,
            0.5857142857142857,
            0.5857142857142857,
            0.5857142857142857,
            0.5857142857142857,
            0.5857142857142857,
            0.5857142857142857,
            0.5857142857142857,
            0.5857142857142857,
            0.5857142857142857
        ]
    }
}