{
    "1": {
        "mean": 0.4815317498788172,
        "max": 0.4968492486669898,
        "min": 0.4692195831313621,
        "all": [
            0.4968492486669898,
            0.47649054774600097,
            0.48618516723218613,
            0.4881240911294232,
            0.48327678138633057,
            0.48327678138633057,
            0.4774600096946195,
            0.4774600096946195,
            0.4769752787203102,
            0.4692195831313621
        ]
    },
    "2": {
        "mean": 0.5361609306834707,
        "max": 0.549684924866699,
        "min": 0.5244789142026175,
        "all": [
            0.5356277266117305,
            0.549684924866699,
            0.5341735336888027,
            0.5273873000484731,
            0.5409597673291323,
            0.538536112457586,
            0.5244789142026175,
            0.5448376151236064,
            0.538536112457586,
            0.5273873000484731
        ]
    },
    "4": {
        "mean": 0.5732428502181289,
        "max": 0.579738245273873,
        "min": 0.5671352399418322,
        "all": [
            0.5671352399418322,
            0.579738245273873,
            0.5719825496849249,
            0.5768298594280175,
            0.5748909355307804,
            0.5724672806592341,
            0.5744062045564712,
            0.5729520116335434,
            0.5671352399418322,
            0.5748909355307804
        ]
    },
    "8": {
        "mean": 0.5912263693650024,
        "max": 0.6044595249636452,
        "min": 0.5787687833252545,
        "all": [
            0.5952496364517693,
            0.5933107125545323,
            0.5937954435288415,
            0.5884634028114396,
            0.5928259815802229,
            0.5899175957343674,
            0.6044595249636452,
            0.5879786718371304,
            0.5874939408628211,
            0.5787687833252545
        ]
    },
    "16": {
        "mean": 0.6088221037324285,
        "max": 0.6194861851672322,
        "min": 0.6005816771691711,
        "all": [
            0.6063984488608822,
            0.6194861851672322,
            0.6005816771691711,
            0.6010664081434803,
            0.609791565681047,
            0.6083373727581193,
            0.6126999515269026,
            0.6068831798351915,
            0.6136694134755211,
            0.6093068347067377
        ]
    },
    "32": {
        "mean": 0.6142510906446923,
        "max": 0.6194861851672322,
        "min": 0.6093068347067377,
        "all": [
            0.611730489578284,
            0.611730489578284,
            0.6136694134755211,
            0.6185167232186136,
            0.6170625302956859,
            0.6093068347067377,
            0.6194861851672322,
            0.611730489578284,
            0.6126999515269026,
            0.6165777993213767
        ]
    },
    "64": {
        "mean": 0.6189045079980612,
        "max": 0.6233640329617063,
        "min": 0.6146388754241396,
        "all": [
            0.6233640329617063,
            0.6175472612699952,
            0.6233640329617063,
            0.6170625302956859,
            0.6170625302956859,
            0.6175472612699952,
            0.62094037809016,
            0.6146388754241396,
            0.6204556471158507,
            0.6170625302956859
        ]
    },
    "128": {
        "mean": 0.6185167232186136,
        "max": 0.6185167232186136,
        "min": 0.6185167232186136,
        "all": [
            0.6185167232186136,
            0.6185167232186136,
            0.6185167232186136,
            0.6185167232186136,
            0.6185167232186136,
            0.6185167232186136,
            0.6185167232186136,
            0.6185167232186136,
            0.6185167232186136,
            0.6185167232186136
        ]
    }
}