{
    "1": {
        "mean": 0.4815317498788172,
        "max": 0.4968492486669898,
        "min": 0.4692195831313621,
        "all": [
            0.4968492486669898,
            0.47649054774600097,
            0.48618516723218613,
            0.4881240911294232,
            0.48327678138633057,
            0.48327678138633057,
            0.4774600096946195,
            0.4774600096946195,
            0.4769752787203102,
            0.4692195831313621
        ]
    },
    "2": {
        "mean": 0.5321861366941347,
        "max": 0.5467765390208434,
        "min": 0.5196316044595249,
        "all": [
            0.5239941832283083,
            0.5467765390208434,
            0.538536112457586,
            0.5370819195346582,
            0.5278720310227824,
            0.5298109549200194,
            0.5196316044595249,
            0.5341735336888027,
            0.5370819195346582,
            0.5269025690741639
        ]
    },
    "4": {
        "mean": 0.5532719340765875,
        "max": 0.5642268540959767,
        "min": 0.5428986912263694,
        "all": [
            0.5501696558410082,
            0.5564711585070286,
            0.5559864275327193,
            0.5428986912263694,
            0.5579253514299564,
            0.5555016965584101,
            0.5477460009694619,
            0.5555016965584101,
            0.5462918080465342,
            0.5642268540959767
        ]
    },
    "8": {
        "mean": 0.568734852157053,
        "max": 0.5763451284537082,
        "min": 0.5574406204556471,
        "all": [
            0.5763451284537082,
            0.5676199709161416,
            0.5714978187106156,
            0.564711585070286,
            0.573921473582162,
            0.5676199709161416,
            0.5753756665050896,
            0.5671352399418322,
            0.5574406204556471,
            0.5656810470189045
        ]
    },
    "16": {
        "mean": 0.5822588463402811,
        "max": 0.588948133785749,
        "min": 0.575860397479399,
        "all": [
            0.58167716917111,
            0.588948133785749,
            0.575860397479399,
            0.5811924381968008,
            0.5792535142995637,
            0.5826466311197286,
            0.5821619001454192,
            0.5768298594280175,
            0.5860397479398933,
            0.5879786718371304
        ]
    },
    "32": {
        "mean": 0.5873485215705283,
        "max": 0.5928259815802229,
        "min": 0.579738245273873,
        "all": [
            0.5884634028114396,
            0.5811924381968008,
            0.5870092098885119,
            0.5850702859912749,
            0.5913717886572952,
            0.5928259815802229,
            0.5923412506059137,
            0.583616093068347,
            0.5918565196316045,
            0.579738245273873
        ]
    },
    "64": {
        "mean": 0.5917595734367425,
        "max": 0.59476490547746,
        "min": 0.5865244789142026,
        "all": [
            0.5904023267086767,
            0.5928259815802229,
            0.5923412506059137,
            0.5937954435288415,
            0.5865244789142026,
            0.5933107125545323,
            0.590887057682986,
            0.5928259815802229,
            0.59476490547746,
            0.5899175957343674
        ]
    },
    "128": {
        "mean": 0.5937954435288415,
        "max": 0.5937954435288415,
        "min": 0.5937954435288415,
        "all": [
            0.5937954435288415,
            0.5937954435288415,
            0.5937954435288415,
            0.5937954435288415,
            0.5937954435288415,
            0.5937954435288415,
            0.5937954435288415,
            0.5937954435288415,
            0.5937954435288415,
            0.5937954435288415
        ]
    }
}