{
    "1": {
        "mean": 0.4815317498788172,
        "max": 0.4968492486669898,
        "min": 0.4692195831313621,
        "all": [
            0.4968492486669898,
            0.47649054774600097,
            0.48618516723218613,
            0.4881240911294232,
            0.48327678138633057,
            0.48327678138633057,
            0.4774600096946195,
            0.4774600096946195,
            0.4769752787203102,
            0.4692195831313621
        ]
    },
    "2": {
        "mean": 0.5255937954435289,
        "max": 0.5404750363548231,
        "min": 0.5157537566650509,
        "all": [
            0.5269025690741639,
            0.5404750363548231,
            0.5196316044595249,
            0.5322346097915657,
            0.5196316044595249,
            0.521570528356762,
            0.5157537566650509,
            0.5307804168686379,
            0.5244789142026175,
            0.5244789142026175
        ]
    },
    "4": {
        "mean": 0.5505089675230247,
        "max": 0.5598642753271934,
        "min": 0.5424139602520601,
        "all": [
            0.5448376151236064,
            0.5569558894813379,
            0.5462918080465342,
            0.5424139602520601,
            0.553562772661173,
            0.5530780416868638,
            0.5458070770722249,
            0.5559864275327193,
            0.5462918080465342,
            0.5598642753271934
        ]
    },
    "8": {
        "mean": 0.564081434803684,
        "max": 0.5729520116335434,
        "min": 0.5545322346097916,
        "all": [
            0.5671352399418322,
            0.5603490063015026,
            0.5656810470189045,
            0.5579253514299564,
            0.5710130877363063,
            0.5642268540959767,
            0.5729520116335434,
            0.5627726611730489,
            0.5545322346097916,
            0.5642268540959767
        ]
    },
    "16": {
        "mean": 0.5778477944740669,
        "max": 0.583616093068347,
        "min": 0.5700436257876879,
        "all": [
            0.5792535142995637,
            0.5831313620940378,
            0.5700436257876879,
            0.5753756665050896,
            0.5763451284537082,
            0.5777993213766359,
            0.579738245273873,
            0.5748909355307804,
            0.5782840523509453,
            0.583616093068347
        ]
    },
    "32": {
        "mean": 0.5829374697043141,
        "max": 0.5884634028114396,
        "min": 0.5782840523509453,
        "all": [
            0.5831313620940378,
            0.5782840523509453,
            0.579738245273873,
            0.579738245273873,
            0.5870092098885119,
            0.5879786718371304,
            0.5841008240426563,
            0.5807077072224915,
            0.5884634028114396,
            0.5802229762481823
        ]
    },
    "64": {
        "mean": 0.5871061560833738,
        "max": 0.5904023267086767,
        "min": 0.5845855550169656,
        "all": [
            0.5870092098885119,
            0.5879786718371304,
            0.5884634028114396,
            0.5879786718371304,
            0.5845855550169656,
            0.5865244789142026,
            0.5865244789142026,
            0.5845855550169656,
            0.5904023267086767,
            0.5870092098885119
        ]
    },
    "128": {
        "mean": 0.590887057682986,
        "max": 0.590887057682986,
        "min": 0.590887057682986,
        "all": [
            0.590887057682986,
            0.590887057682986,
            0.590887057682986,
            0.590887057682986,
            0.590887057682986,
            0.590887057682986,
            0.590887057682986,
            0.590887057682986,
            0.590887057682986,
            0.590887057682986
        ]
    }
}