{
    "1": {
        "mean": 0.4815317498788172,
        "max": 0.4968492486669898,
        "min": 0.4692195831313621,
        "all": [
            0.4968492486669898,
            0.47649054774600097,
            0.48618516723218613,
            0.4881240911294232,
            0.48327678138633057,
            0.48327678138633057,
            0.4774600096946195,
            0.4774600096946195,
            0.4769752787203102,
            0.4692195831313621
        ]
    },
    "2": {
        "mean": 0.5265147842947164,
        "max": 0.5443528841492972,
        "min": 0.5186621425109065,
        "all": [
            0.5196316044595249,
            0.5443528841492972,
            0.5191468734852157,
            0.5249636451769268,
            0.5288414929714008,
            0.5278720310227824,
            0.5186621425109065,
            0.5307804168686379,
            0.5259331071255453,
            0.5249636451769268
        ]
    },
    "4": {
        "mean": 0.556228793019874,
        "max": 0.564711585070286,
        "min": 0.5472612699951527,
        "all": [
            0.5530780416868638,
            0.5555016965584101,
            0.5550169655841009,
            0.5530780416868638,
            0.564711585070286,
            0.5627726611730489,
            0.5530780416868638,
            0.5564711585070286,
            0.5472612699951527,
            0.5613184682501212
        ]
    },
    "8": {
        "mean": 0.5714493456131848,
        "max": 0.5792535142995637,
        "min": 0.5661657779932138,
        "all": [
            0.5671352399418322,
            0.5710130877363063,
            0.5768298594280175,
            0.5695588948133786,
            0.5753756665050896,
            0.575860397479399,
            0.5792535142995637,
            0.5661657779932138,
            0.566650508967523,
            0.566650508967523
        ]
    },
    "16": {
        "mean": 0.5859428017450315,
        "max": 0.5918565196316045,
        "min": 0.5792535142995637,
        "all": [
            0.5879786718371304,
            0.5918565196316045,
            0.5792535142995637,
            0.5874939408628211,
            0.5841008240426563,
            0.5831313620940378,
            0.5884634028114396,
            0.5826466311197286,
            0.5845855550169656,
            0.5899175957343674
        ]
    },
    "32": {
        "mean": 0.5942801745031507,
        "max": 0.5986427532719341,
        "min": 0.5884634028114396,
        "all": [
            0.5957343674260785,
            0.59476490547746,
            0.5986427532719341,
            0.5913717886572952,
            0.5923412506059137,
            0.5976732913233156,
            0.5928259815802229,
            0.5884634028114396,
            0.596703829374697,
            0.5942801745031507
        ]
    },
    "64": {
        "mean": 0.600096946194862,
        "max": 0.6030053320407174,
        "min": 0.5937954435288415,
        "all": [
            0.6015511391177897,
            0.6005816771691711,
            0.6015511391177897,
            0.5937954435288415,
            0.6030053320407174,
            0.6005816771691711,
            0.6015511391177897,
            0.596703829374697,
            0.5991274842462433,
            0.6025206010664081
        ]
    },
    "128": {
        "mean": 0.6063984488608822,
        "max": 0.6063984488608822,
        "min": 0.6063984488608822,
        "all": [
            0.6063984488608822,
            0.6063984488608822,
            0.6063984488608822,
            0.6063984488608822,
            0.6063984488608822,
            0.6063984488608822,
            0.6063984488608822,
            0.6063984488608822,
            0.6063984488608822,
            0.6063984488608822
        ]
    }
}