{
    "1": {
        "mean": 0.5248322147651007,
        "max": 0.5369127516778524,
        "min": 0.48322147651006714,
        "all": [
            0.5302013422818792,
            0.5369127516778524,
            0.5234899328859061,
            0.5302013422818792,
            0.5369127516778524,
            0.5369127516778524,
            0.5302013422818792,
            0.48322147651006714,
            0.5167785234899329,
            0.5234899328859061
        ]
    },
    "2": {
        "mean": 0.5442953020134229,
        "max": 0.5973154362416108,
        "min": 0.5100671140939598,
        "all": [
            0.5302013422818792,
            0.5503355704697986,
            0.5234899328859061,
            0.5436241610738255,
            0.5302013422818792,
            0.5100671140939598,
            0.5637583892617449,
            0.5436241610738255,
            0.5503355704697986,
            0.5973154362416108
        ]
    },
    "4": {
        "mean": 0.5838926174496645,
        "max": 0.6174496644295302,
        "min": 0.5369127516778524,
        "all": [
            0.5973154362416108,
            0.5637583892617449,
            0.5570469798657718,
            0.6174496644295302,
            0.5771812080536913,
            0.5973154362416108,
            0.6174496644295302,
            0.5838926174496645,
            0.5906040268456376,
            0.5369127516778524
        ]
    },
    "8": {
        "mean": 0.5791946308724832,
        "max": 0.6308724832214765,
        "min": 0.5570469798657718,
        "all": [
            0.5838926174496645,
            0.5570469798657718,
            0.5637583892617449,
            0.5570469798657718,
            0.5704697986577181,
            0.5570469798657718,
            0.6308724832214765,
            0.5838926174496645,
            0.610738255033557,
            0.5771812080536913
        ]
    },
    "16": {
        "mean": 0.5684563758389262,
        "max": 0.5906040268456376,
        "min": 0.5369127516778524,
        "all": [
            0.5369127516778524,
            0.5771812080536913,
            0.5570469798657718,
            0.5771812080536913,
            0.5637583892617449,
            0.5704697986577181,
            0.5704697986577181,
            0.5637583892617449,
            0.5771812080536913,
            0.5906040268456376
        ]
    },
    "32": {
        "mean": 0.5416107382550335,
        "max": 0.5637583892617449,
        "min": 0.5100671140939598,
        "all": [
            0.5100671140939598,
            0.5637583892617449,
            0.5436241610738255,
            0.5436241610738255,
            0.5570469798657718,
            0.5302013422818792,
            0.5503355704697986,
            0.5570469798657718,
            0.5436241610738255,
            0.5167785234899329
        ]
    },
    "64": {
        "mean": 0.5268456375838926,
        "max": 0.5637583892617449,
        "min": 0.4966442953020134,
        "all": [
            0.5369127516778524,
            0.5302013422818792,
            0.5167785234899329,
            0.5033557046979866,
            0.4966442953020134,
            0.5234899328859061,
            0.5436241610738255,
            0.5436241610738255,
            0.5100671140939598,
            0.5637583892617449
        ]
    },
    "128": {
        "mean": 0.5033557046979865,
        "max": 0.5033557046979866,
        "min": 0.5033557046979866,
        "all": [
            0.5033557046979866,
            0.5033557046979866,
            0.5033557046979866,
            0.5033557046979866,
            0.5033557046979866,
            0.5033557046979866,
            0.5033557046979866,
            0.5033557046979866,
            0.5033557046979866,
            0.5033557046979866
        ]
    }
}