{
    "1": {
        "mean": 0.5248322147651007,
        "max": 0.5369127516778524,
        "min": 0.48322147651006714,
        "all": [
            0.5302013422818792,
            0.5369127516778524,
            0.5234899328859061,
            0.5302013422818792,
            0.5369127516778524,
            0.5369127516778524,
            0.5302013422818792,
            0.48322147651006714,
            0.5167785234899329,
            0.5234899328859061
        ]
    },
    "2": {
        "mean": 0.5536912751677854,
        "max": 0.6040268456375839,
        "min": 0.5234899328859061,
        "all": [
            0.5234899328859061,
            0.5704697986577181,
            0.5771812080536913,
            0.5302013422818792,
            0.5503355704697986,
            0.5234899328859061,
            0.5503355704697986,
            0.5503355704697986,
            0.5570469798657718,
            0.6040268456375839
        ]
    },
    "4": {
        "mean": 0.5973154362416108,
        "max": 0.6375838926174496,
        "min": 0.5436241610738255,
        "all": [
            0.610738255033557,
            0.5637583892617449,
            0.610738255033557,
            0.6375838926174496,
            0.5838926174496645,
            0.610738255033557,
            0.6040268456375839,
            0.6174496644295302,
            0.5906040268456376,
            0.5436241610738255
        ]
    },
    "8": {
        "mean": 0.6,
        "max": 0.6375838926174496,
        "min": 0.5704697986577181,
        "all": [
            0.5906040268456376,
            0.5838926174496645,
            0.5838926174496645,
            0.5838926174496645,
            0.5704697986577181,
            0.6308724832214765,
            0.6375838926174496,
            0.6241610738255033,
            0.5973154362416108,
            0.5973154362416108
        ]
    },
    "16": {
        "mean": 0.5946308724832214,
        "max": 0.6241610738255033,
        "min": 0.5570469798657718,
        "all": [
            0.5570469798657718,
            0.5906040268456376,
            0.5771812080536913,
            0.5973154362416108,
            0.5771812080536913,
            0.6241610738255033,
            0.5906040268456376,
            0.5973154362416108,
            0.610738255033557,
            0.6241610738255033
        ]
    },
    "32": {
        "mean": 0.5859060402684564,
        "max": 0.6174496644295302,
        "min": 0.5503355704697986,
        "all": [
            0.610738255033557,
            0.5906040268456376,
            0.5704697986577181,
            0.5906040268456376,
            0.6174496644295302,
            0.5503355704697986,
            0.5973154362416108,
            0.5973154362416108,
            0.5637583892617449,
            0.5704697986577181
        ]
    },
    "64": {
        "mean": 0.5879194630872483,
        "max": 0.6040268456375839,
        "min": 0.5771812080536913,
        "all": [
            0.5906040268456376,
            0.5838926174496645,
            0.5973154362416108,
            0.5771812080536913,
            0.5838926174496645,
            0.6040268456375839,
            0.5906040268456376,
            0.5838926174496645,
            0.5771812080536913,
            0.5906040268456376
        ]
    },
    "128": {
        "mean": 0.5838926174496645,
        "max": 0.5838926174496645,
        "min": 0.5838926174496645,
        "all": [
            0.5838926174496645,
            0.5838926174496645,
            0.5838926174496645,
            0.5838926174496645,
            0.5838926174496645,
            0.5838926174496645,
            0.5838926174496645,
            0.5838926174496645,
            0.5838926174496645,
            0.5838926174496645
        ]
    }
}