{
    "1": {
        "mean": 0.31517241379310346,
        "max": 0.3448275862068966,
        "min": 0.2620689655172414,
        "all": [
            0.3448275862068966,
            0.2827586206896552,
            0.2689655172413793,
            0.33793103448275863,
            0.3310344827586207,
            0.2620689655172414,
            0.31724137931034485,
            0.3310344827586207,
            0.3310344827586207,
            0.3448275862068966
        ]
    },
    "2": {
        "mean": 0.3441379310344827,
        "max": 0.38620689655172413,
        "min": 0.2896551724137931,
        "all": [
            0.35172413793103446,
            0.36551724137931035,
            0.296551724137931,
            0.2896551724137931,
            0.38620689655172413,
            0.35172413793103446,
            0.3448275862068966,
            0.32413793103448274,
            0.3724137931034483,
            0.3586206896551724
        ]
    },
    "4": {
        "mean": 0.3489655172413793,
        "max": 0.4068965517241379,
        "min": 0.30344827586206896,
        "all": [
            0.35172413793103446,
            0.36551724137931035,
            0.35172413793103446,
            0.4068965517241379,
            0.33793103448275863,
            0.30344827586206896,
            0.3448275862068966,
            0.3103448275862069,
            0.36551724137931035,
            0.35172413793103446
        ]
    },
    "8": {
        "mean": 0.3579310344827586,
        "max": 0.41379310344827586,
        "min": 0.32413793103448274,
        "all": [
            0.3448275862068966,
            0.3310344827586207,
            0.3586206896551724,
            0.41379310344827586,
            0.35172413793103446,
            0.3793103448275862,
            0.3448275862068966,
            0.3724137931034483,
            0.32413793103448274,
            0.3586206896551724
        ]
    },
    "16": {
        "mean": 0.37103448275862067,
        "max": 0.3931034482758621,
        "min": 0.3310344827586207,
        "all": [
            0.3310344827586207,
            0.38620689655172413,
            0.35172413793103446,
            0.3793103448275862,
            0.3793103448275862,
            0.3793103448275862,
            0.3793103448275862,
            0.3586206896551724,
            0.3724137931034483,
            0.3931034482758621
        ]
    },
    "32": {
        "mean": 0.35793103448275865,
        "max": 0.38620689655172413,
        "min": 0.3310344827586207,
        "all": [
            0.36551724137931035,
            0.3724137931034483,
            0.3310344827586207,
            0.3586206896551724,
            0.33793103448275863,
            0.3448275862068966,
            0.36551724137931035,
            0.33793103448275863,
            0.38620689655172413,
            0.3793103448275862
        ]
    },
    "64": {
        "mean": 0.36344827586206896,
        "max": 0.4068965517241379,
        "min": 0.32413793103448274,
        "all": [
            0.3448275862068966,
            0.3586206896551724,
            0.3793103448275862,
            0.32413793103448274,
            0.3724137931034483,
            0.36551724137931035,
            0.4068965517241379,
            0.3724137931034483,
            0.35172413793103446,
            0.3586206896551724
        ]
    },
    "128": {
        "mean": 0.35862068965517235,
        "max": 0.3586206896551724,
        "min": 0.3586206896551724,
        "all": [
            0.3586206896551724,
            0.3586206896551724,
            0.3586206896551724,
            0.3586206896551724,
            0.3586206896551724,
            0.3586206896551724,
            0.3586206896551724,
            0.3586206896551724,
            0.3586206896551724,
            0.3586206896551724
        ]
    }
}