{
    "1": {
        "mean": 0.4815317498788172,
        "max": 0.4968492486669898,
        "min": 0.4692195831313621,
        "all": [
            0.4968492486669898,
            0.47649054774600097,
            0.48618516723218613,
            0.4881240911294232,
            0.48327678138633057,
            0.48327678138633057,
            0.4774600096946195,
            0.4774600096946195,
            0.4769752787203102,
            0.4692195831313621
        ]
    },
    "2": {
        "mean": 0.5087251575375666,
        "max": 0.5230247212796898,
        "min": 0.4992729035385361,
        "all": [
            0.5099369849733398,
            0.5230247212796898,
            0.506543868153175,
            0.5060591371788657,
            0.5012118274357732,
            0.5094522539990305,
            0.4992729035385361,
            0.5206010664081435,
            0.5089675230247213,
            0.5021812893843917
        ]
    },
    "4": {
        "mean": 0.5442074648570043,
        "max": 0.5555016965584101,
        "min": 0.5356277266117305,
        "all": [
            0.5395055744062045,
            0.5467765390208434,
            0.5438681531749879,
            0.5375666505089676,
            0.549684924866699,
            0.5428986912263694,
            0.5375666505089676,
            0.5530780416868638,
            0.5356277266117305,
            0.5555016965584101
        ]
    },
    "8": {
        "mean": 0.5634997576345128,
        "max": 0.5695588948133786,
        "min": 0.5564711585070286,
        "all": [
            0.5661657779932138,
            0.5584100824042656,
            0.566650508967523,
            0.5627726611730489,
            0.5695588948133786,
            0.5642268540959767,
            0.5681047018904508,
            0.5618031992244304,
            0.5564711585070286,
            0.5608337372758119
        ]
    },
    "16": {
        "mean": 0.577750848279205,
        "max": 0.5841008240426563,
        "min": 0.5714978187106156,
        "all": [
            0.5768298594280175,
            0.58167716917111,
            0.5714978187106156,
            0.5768298594280175,
            0.5719825496849249,
            0.5768298594280175,
            0.5792535142995637,
            0.575860397479399,
            0.5841008240426563,
            0.5826466311197286
        ]
    },
    "32": {
        "mean": 0.582355792535143,
        "max": 0.5874939408628211,
        "min": 0.5768298594280175,
        "all": [
            0.5845855550169656,
            0.5768298594280175,
            0.5787687833252545,
            0.5826466311197286,
            0.5855550169655841,
            0.58167716917111,
            0.5870092098885119,
            0.5811924381968008,
            0.5874939408628211,
            0.5777993213766359
        ]
    },
    "64": {
        "mean": 0.5864275327193408,
        "max": 0.5913717886572952,
        "min": 0.5811924381968008,
        "all": [
            0.583616093068347,
            0.588948133785749,
            0.5870092098885119,
            0.5865244789142026,
            0.5811924381968008,
            0.5865244789142026,
            0.5879786718371304,
            0.5874939408628211,
            0.5913717886572952,
            0.583616093068347
        ]
    },
    "128": {
        "mean": 0.5870092098885119,
        "max": 0.5870092098885119,
        "min": 0.5870092098885119,
        "all": [
            0.5870092098885119,
            0.5870092098885119,
            0.5870092098885119,
            0.5870092098885119,
            0.5870092098885119,
            0.5870092098885119,
            0.5870092098885119,
            0.5870092098885119,
            0.5870092098885119,
            0.5870092098885119
        ]
    }
}