{
    "1": {
        "mean": 0.4326666666666667,
        "max": 0.4866666666666667,
        "min": 0.36666666666666664,
        "all": [
            0.43333333333333335,
            0.42,
            0.47333333333333333,
            0.36666666666666664,
            0.44,
            0.4866666666666667,
            0.38,
            0.41333333333333333,
            0.4666666666666667,
            0.44666666666666666
        ]
    },
    "2": {
        "mean": 0.518,
        "max": 0.56,
        "min": 0.49333333333333335,
        "all": [
            0.5266666666666666,
            0.52,
            0.5266666666666666,
            0.56,
            0.5133333333333333,
            0.5,
            0.5266666666666666,
            0.49333333333333335,
            0.5,
            0.5133333333333333
        ]
    },
    "4": {
        "mean": 0.5606666666666668,
        "max": 0.58,
        "min": 0.54,
        "all": [
            0.54,
            0.58,
            0.5466666666666666,
            0.54,
            0.54,
            0.5733333333333334,
            0.58,
            0.58,
            0.58,
            0.5466666666666666
        ]
    },
    "8": {
        "mean": 0.612,
        "max": 0.6533333333333333,
        "min": 0.5666666666666667,
        "all": [
            0.6,
            0.6133333333333333,
            0.6266666666666667,
            0.58,
            0.6,
            0.6533333333333333,
            0.5666666666666667,
            0.6266666666666667,
            0.6,
            0.6533333333333333
        ]
    },
    "16": {
        "mean": 0.6166666666666665,
        "max": 0.6333333333333333,
        "min": 0.5933333333333334,
        "all": [
            0.6333333333333333,
            0.6333333333333333,
            0.5933333333333334,
            0.6133333333333333,
            0.62,
            0.62,
            0.62,
            0.6266666666666667,
            0.6,
            0.6066666666666667
        ]
    },
    "32": {
        "mean": 0.6373333333333333,
        "max": 0.66,
        "min": 0.6,
        "all": [
            0.6333333333333333,
            0.66,
            0.6533333333333333,
            0.66,
            0.6533333333333333,
            0.64,
            0.6,
            0.6,
            0.66,
            0.6133333333333333
        ]
    },
    "64": {
        "mean": 0.6453333333333333,
        "max": 0.66,
        "min": 0.62,
        "all": [
            0.6533333333333333,
            0.64,
            0.6466666666666666,
            0.62,
            0.6533333333333333,
            0.6466666666666666,
            0.6533333333333333,
            0.6333333333333333,
            0.6466666666666666,
            0.66
        ]
    },
    "128": {
        "mean": 0.6399999999999999,
        "max": 0.64,
        "min": 0.64,
        "all": [
            0.64,
            0.64,
            0.64,
            0.64,
            0.64,
            0.64,
            0.64,
            0.64,
            0.64,
            0.64
        ]
    }
}