{
    "1": {
        "mean": 0.4326666666666667,
        "max": 0.4866666666666667,
        "min": 0.36666666666666664,
        "all": [
            0.43333333333333335,
            0.42,
            0.47333333333333333,
            0.36666666666666664,
            0.44,
            0.4866666666666667,
            0.38,
            0.41333333333333333,
            0.4666666666666667,
            0.44666666666666666
        ]
    },
    "2": {
        "mean": 0.5213333333333333,
        "max": 0.5533333333333333,
        "min": 0.4666666666666667,
        "all": [
            0.52,
            0.52,
            0.5333333333333333,
            0.5533333333333333,
            0.5333333333333333,
            0.5266666666666666,
            0.5066666666666667,
            0.4666666666666667,
            0.52,
            0.5333333333333333
        ]
    },
    "4": {
        "mean": 0.5833333333333333,
        "max": 0.6266666666666667,
        "min": 0.5466666666666666,
        "all": [
            0.56,
            0.6266666666666667,
            0.5733333333333334,
            0.58,
            0.5666666666666667,
            0.58,
            0.5866666666666667,
            0.6133333333333333,
            0.6,
            0.5466666666666666
        ]
    },
    "8": {
        "mean": 0.638,
        "max": 0.6666666666666666,
        "min": 0.6133333333333333,
        "all": [
            0.6266666666666667,
            0.6666666666666666,
            0.6266666666666667,
            0.6133333333333333,
            0.6466666666666666,
            0.6666666666666666,
            0.6133333333333333,
            0.6466666666666666,
            0.6133333333333333,
            0.66
        ]
    },
    "16": {
        "mean": 0.6486666666666667,
        "max": 0.7,
        "min": 0.6133333333333333,
        "all": [
            0.66,
            0.66,
            0.6133333333333333,
            0.6333333333333333,
            0.6466666666666666,
            0.7,
            0.6333333333333333,
            0.6466666666666666,
            0.6666666666666666,
            0.6266666666666667
        ]
    },
    "32": {
        "mean": 0.6746666666666667,
        "max": 0.7066666666666667,
        "min": 0.6533333333333333,
        "all": [
            0.66,
            0.6933333333333334,
            0.6666666666666666,
            0.6866666666666666,
            0.7066666666666667,
            0.6533333333333333,
            0.6533333333333333,
            0.6666666666666666,
            0.7066666666666667,
            0.6533333333333333
        ]
    },
    "64": {
        "mean": 0.6893333333333334,
        "max": 0.7066666666666667,
        "min": 0.6666666666666666,
        "all": [
            0.7,
            0.6666666666666666,
            0.6933333333333334,
            0.6866666666666666,
            0.6933333333333334,
            0.7,
            0.7066666666666667,
            0.6666666666666666,
            0.7,
            0.68
        ]
    },
    "128": {
        "mean": 0.6799999999999999,
        "max": 0.68,
        "min": 0.68,
        "all": [
            0.68,
            0.68,
            0.68,
            0.68,
            0.68,
            0.68,
            0.68,
            0.68,
            0.68,
            0.68
        ]
    }
}