{
    "1": {
        "mean": 0.3786666666666667,
        "max": 0.4666666666666667,
        "min": 0.31333333333333335,
        "all": [
            0.34,
            0.4066666666666667,
            0.3333333333333333,
            0.41333333333333333,
            0.4666666666666667,
            0.31333333333333335,
            0.38,
            0.32666666666666666,
            0.41333333333333333,
            0.3933333333333333
        ]
    },
    "2": {
        "mean": 0.458,
        "max": 0.5133333333333333,
        "min": 0.38666666666666666,
        "all": [
            0.47333333333333333,
            0.4666666666666667,
            0.38666666666666666,
            0.5,
            0.48,
            0.4533333333333333,
            0.5133333333333333,
            0.41333333333333333,
            0.5066666666666667,
            0.38666666666666666
        ]
    },
    "4": {
        "mean": 0.5133333333333334,
        "max": 0.56,
        "min": 0.4533333333333333,
        "all": [
            0.5266666666666666,
            0.5266666666666666,
            0.5133333333333333,
            0.47333333333333333,
            0.5266666666666666,
            0.56,
            0.52,
            0.52,
            0.5133333333333333,
            0.4533333333333333
        ]
    },
    "8": {
        "mean": 0.562,
        "max": 0.6,
        "min": 0.5333333333333333,
        "all": [
            0.5733333333333334,
            0.5533333333333333,
            0.6,
            0.5333333333333333,
            0.56,
            0.5733333333333334,
            0.56,
            0.54,
            0.5866666666666667,
            0.54
        ]
    },
    "16": {
        "mean": 0.614,
        "max": 0.6466666666666666,
        "min": 0.5866666666666667,
        "all": [
            0.6333333333333333,
            0.6133333333333333,
            0.6,
            0.5866666666666667,
            0.6133333333333333,
            0.6066666666666667,
            0.6266666666666667,
            0.6066666666666667,
            0.6466666666666666,
            0.6066666666666667
        ]
    },
    "32": {
        "mean": 0.6446666666666666,
        "max": 0.6666666666666666,
        "min": 0.6266666666666667,
        "all": [
            0.6266666666666667,
            0.6466666666666666,
            0.6666666666666666,
            0.6466666666666666,
            0.6266666666666667,
            0.6333333333333333,
            0.64,
            0.66,
            0.6533333333333333,
            0.6466666666666666
        ]
    },
    "64": {
        "mean": 0.6673333333333333,
        "max": 0.6866666666666666,
        "min": 0.6466666666666666,
        "all": [
            0.6666666666666666,
            0.66,
            0.68,
            0.6666666666666666,
            0.6866666666666666,
            0.6733333333333333,
            0.66,
            0.6466666666666666,
            0.6533333333333333,
            0.68
        ]
    },
    "128": {
        "mean": 0.6799999999999999,
        "max": 0.68,
        "min": 0.68,
        "all": [
            0.68,
            0.68,
            0.68,
            0.68,
            0.68,
            0.68,
            0.68,
            0.68,
            0.68,
            0.68
        ]
    }
}