{
    "1": {
        "mean": 0.5753333333333335,
        "max": 0.62,
        "min": 0.5333333333333333,
        "all": [
            0.5333333333333333,
            0.5466666666666666,
            0.5933333333333334,
            0.6,
            0.56,
            0.58,
            0.54,
            0.62,
            0.5866666666666667,
            0.5933333333333334
        ]
    },
    "2": {
        "mean": 0.5966666666666667,
        "max": 0.66,
        "min": 0.5533333333333333,
        "all": [
            0.6,
            0.5533333333333333,
            0.56,
            0.6066666666666667,
            0.66,
            0.5533333333333333,
            0.6,
            0.64,
            0.5866666666666667,
            0.6066666666666667
        ]
    },
    "4": {
        "mean": 0.6026666666666667,
        "max": 0.6333333333333333,
        "min": 0.5533333333333333,
        "all": [
            0.5933333333333334,
            0.5733333333333334,
            0.6266666666666667,
            0.6333333333333333,
            0.5533333333333333,
            0.6,
            0.6333333333333333,
            0.62,
            0.6,
            0.5933333333333334
        ]
    },
    "8": {
        "mean": 0.5906666666666667,
        "max": 0.6133333333333333,
        "min": 0.56,
        "all": [
            0.6066666666666667,
            0.58,
            0.5666666666666667,
            0.6133333333333333,
            0.5866666666666667,
            0.5733333333333334,
            0.6133333333333333,
            0.6066666666666667,
            0.56,
            0.6
        ]
    },
    "16": {
        "mean": 0.5933333333333333,
        "max": 0.6133333333333333,
        "min": 0.5733333333333334,
        "all": [
            0.6,
            0.6,
            0.6133333333333333,
            0.58,
            0.5733333333333334,
            0.5733333333333334,
            0.6066666666666667,
            0.58,
            0.6066666666666667,
            0.6
        ]
    },
    "32": {
        "mean": 0.604,
        "max": 0.6333333333333333,
        "min": 0.5733333333333334,
        "all": [
            0.6066666666666667,
            0.5733333333333334,
            0.58,
            0.62,
            0.6333333333333333,
            0.58,
            0.62,
            0.6066666666666667,
            0.6333333333333333,
            0.5866666666666667
        ]
    },
    "64": {
        "mean": 0.5800000000000001,
        "max": 0.6,
        "min": 0.56,
        "all": [
            0.58,
            0.56,
            0.5933333333333334,
            0.5866666666666667,
            0.5733333333333334,
            0.56,
            0.5733333333333334,
            0.6,
            0.5866666666666667,
            0.5866666666666667
        ]
    },
    "128": {
        "mean": 0.5999999999999999,
        "max": 0.6,
        "min": 0.6,
        "all": [
            0.6,
            0.6,
            0.6,
            0.6,
            0.6,
            0.6,
            0.6,
            0.6,
            0.6,
            0.6
        ]
    }
}