{
    "1": {
        "mean": 0.4815317498788172,
        "max": 0.4968492486669898,
        "min": 0.4692195831313621,
        "all": [
            0.4968492486669898,
            0.47649054774600097,
            0.48618516723218613,
            0.4881240911294232,
            0.48327678138633057,
            0.48327678138633057,
            0.4774600096946195,
            0.4774600096946195,
            0.4769752787203102,
            0.4692195831313621
        ]
    },
    "2": {
        "mean": 0.5307319437712069,
        "max": 0.5419292292777509,
        "min": 0.5196316044595249,
        "all": [
            0.5264178380998545,
            0.5419292292777509,
            0.5327193407658749,
            0.5302956858943286,
            0.5312651478429472,
            0.5269025690741639,
            0.5196316044595249,
            0.5370819195346582,
            0.5312651478429472,
            0.5298109549200194
        ]
    },
    "4": {
        "mean": 0.5715462918080465,
        "max": 0.5841008240426563,
        "min": 0.5632573921473583,
        "all": [
            0.5632573921473583,
            0.5705283567619971,
            0.5676199709161416,
            0.5748909355307804,
            0.5724672806592341,
            0.5729520116335434,
            0.5690741638390693,
            0.5714978187106156,
            0.5690741638390693,
            0.5841008240426563
        ]
    },
    "8": {
        "mean": 0.5925351429956375,
        "max": 0.5976732913233156,
        "min": 0.58167716917111,
        "all": [
            0.5952496364517693,
            0.5962190984003878,
            0.5918565196316045,
            0.58167716917111,
            0.596703829374697,
            0.588948133785749,
            0.5976732913233156,
            0.5928259815802229,
            0.5913717886572952,
            0.5928259815802229
        ]
    },
    "16": {
        "mean": 0.6075618031992244,
        "max": 0.6160930683470673,
        "min": 0.590887057682986,
        "all": [
            0.6126999515269026,
            0.6073679108095007,
            0.5996122152205526,
            0.605913717886573,
            0.6160930683470673,
            0.6078526417838099,
            0.6156083373727581,
            0.590887057682986,
            0.6146388754241396,
            0.6049442559379544
        ]
    },
    "32": {
        "mean": 0.6174018419777024,
        "max": 0.6257876878332526,
        "min": 0.6102762966553563,
        "all": [
            0.6185167232186136,
            0.6131846825012118,
            0.6194861851672322,
            0.62094037809016,
            0.6156083373727581,
            0.6102762966553563,
            0.6257876878332526,
            0.6175472612699952,
            0.6160930683470673,
            0.6165777993213767
        ]
    },
    "64": {
        "mean": 0.622249151720795,
        "max": 0.6257876878332526,
        "min": 0.6180319922443044,
        "all": [
            0.6253029568589433,
            0.6219098400387785,
            0.6214251090644692,
            0.6257876878332526,
            0.6219098400387785,
            0.6199709161415414,
            0.6185167232186136,
            0.6243334949103247,
            0.6180319922443044,
            0.6253029568589433
        ]
    },
    "128": {
        "mean": 0.6219098400387785,
        "max": 0.6219098400387785,
        "min": 0.6219098400387785,
        "all": [
            0.6219098400387785,
            0.6219098400387785,
            0.6219098400387785,
            0.6219098400387785,
            0.6219098400387785,
            0.6219098400387785,
            0.6219098400387785,
            0.6219098400387785,
            0.6219098400387785,
            0.6219098400387785
        ]
    }
}