{
    "1": {
        "mean": 0.5293333333333334,
        "max": 0.5733333333333334,
        "min": 0.48,
        "all": [
            0.5133333333333333,
            0.49333333333333335,
            0.5066666666666667,
            0.56,
            0.48,
            0.56,
            0.5,
            0.5733333333333334,
            0.5533333333333333,
            0.5533333333333333
        ]
    },
    "2": {
        "mean": 0.554,
        "max": 0.5866666666666667,
        "min": 0.52,
        "all": [
            0.5666666666666667,
            0.5866666666666667,
            0.52,
            0.5333333333333333,
            0.5733333333333334,
            0.5866666666666667,
            0.5466666666666666,
            0.5466666666666666,
            0.54,
            0.54
        ]
    },
    "4": {
        "mean": 0.5593333333333332,
        "max": 0.58,
        "min": 0.5133333333333333,
        "all": [
            0.5133333333333333,
            0.58,
            0.58,
            0.5466666666666666,
            0.5666666666666667,
            0.54,
            0.5733333333333334,
            0.58,
            0.5466666666666666,
            0.5666666666666667
        ]
    },
    "8": {
        "mean": 0.568,
        "max": 0.6,
        "min": 0.54,
        "all": [
            0.5533333333333333,
            0.6,
            0.5533333333333333,
            0.6,
            0.56,
            0.54,
            0.5733333333333334,
            0.56,
            0.5666666666666667,
            0.5733333333333334
        ]
    },
    "16": {
        "mean": 0.5660000000000001,
        "max": 0.58,
        "min": 0.5333333333333333,
        "all": [
            0.5733333333333334,
            0.58,
            0.56,
            0.58,
            0.5733333333333334,
            0.5333333333333333,
            0.5666666666666667,
            0.5666666666666667,
            0.5666666666666667,
            0.56
        ]
    },
    "32": {
        "mean": 0.5746666666666667,
        "max": 0.6,
        "min": 0.5466666666666666,
        "all": [
            0.6,
            0.5733333333333334,
            0.58,
            0.5466666666666666,
            0.58,
            0.6,
            0.5733333333333334,
            0.5533333333333333,
            0.5666666666666667,
            0.5733333333333334
        ]
    },
    "64": {
        "mean": 0.5773333333333335,
        "max": 0.6133333333333333,
        "min": 0.5533333333333333,
        "all": [
            0.5533333333333333,
            0.56,
            0.5866666666666667,
            0.58,
            0.6133333333333333,
            0.5666666666666667,
            0.56,
            0.5733333333333334,
            0.5866666666666667,
            0.5933333333333334
        ]
    },
    "128": {
        "mean": 0.5666666666666667,
        "max": 0.5666666666666667,
        "min": 0.5666666666666667,
        "all": [
            0.5666666666666667,
            0.5666666666666667,
            0.5666666666666667,
            0.5666666666666667,
            0.5666666666666667,
            0.5666666666666667,
            0.5666666666666667,
            0.5666666666666667,
            0.5666666666666667,
            0.5666666666666667
        ]
    }
}