{
    "1": {
        "mean": 0.4815317498788172,
        "max": 0.4968492486669898,
        "min": 0.4692195831313621,
        "all": [
            0.4968492486669898,
            0.47649054774600097,
            0.48618516723218613,
            0.4881240911294232,
            0.48327678138633057,
            0.48327678138633057,
            0.4774600096946195,
            0.4774600096946195,
            0.4769752787203102,
            0.4692195831313621
        ]
    },
    "2": {
        "mean": 0.5089190499272903,
        "max": 0.521570528356762,
        "min": 0.4983034415899176,
        "all": [
            0.5055744062045565,
            0.521570528356762,
            0.5128453708191953,
            0.4983034415899176,
            0.5075133301017936,
            0.4983034415899176,
            0.5036354823073195,
            0.5162384876393602,
            0.5094522539990305,
            0.5157537566650509
        ]
    },
    "4": {
        "mean": 0.5423654871546292,
        "max": 0.5540475036354823,
        "min": 0.5327193407658749,
        "all": [
            0.538536112457586,
            0.5433834222006786,
            0.538536112457586,
            0.5327193407658749,
            0.5472612699951527,
            0.5404750363548231,
            0.5375666505089676,
            0.5530780416868638,
            0.5380513814832768,
            0.5540475036354823
        ]
    },
    "8": {
        "mean": 0.5610761027629666,
        "max": 0.566650508967523,
        "min": 0.551623848763936,
        "all": [
            0.5618031992244304,
            0.5555016965584101,
            0.5661657779932138,
            0.5584100824042656,
            0.566650508967523,
            0.5627726611730489,
            0.5656810470189045,
            0.5627726611730489,
            0.551623848763936,
            0.5593795443528842
        ]
    },
    "16": {
        "mean": 0.5746970431410567,
        "max": 0.5802229762481823,
        "min": 0.5651963160445953,
        "all": [
            0.5729520116335434,
            0.579738245273873,
            0.5651963160445953,
            0.5719825496849249,
            0.5729520116335434,
            0.5753756665050896,
            0.5773145904023267,
            0.5734367426078526,
            0.5777993213766359,
            0.5802229762481823
        ]
    },
    "32": {
        "mean": 0.5809015996122152,
        "max": 0.5855550169655841,
        "min": 0.5773145904023267,
        "all": [
            0.5807077072224915,
            0.5782840523509453,
            0.5811924381968008,
            0.5787687833252545,
            0.583616093068347,
            0.5807077072224915,
            0.5850702859912749,
            0.5773145904023267,
            0.5855550169655841,
            0.5777993213766359
        ]
    },
    "64": {
        "mean": 0.5843431895298108,
        "max": 0.5894328647600582,
        "min": 0.5807077072224915,
        "all": [
            0.5821619001454192,
            0.5865244789142026,
            0.583616093068347,
            0.5870092098885119,
            0.5811924381968008,
            0.5850702859912749,
            0.5855550169655841,
            0.5807077072224915,
            0.5894328647600582,
            0.5821619001454192
        ]
    },
    "128": {
        "mean": 0.5899175957343674,
        "max": 0.5899175957343674,
        "min": 0.5899175957343674,
        "all": [
            0.5899175957343674,
            0.5899175957343674,
            0.5899175957343674,
            0.5899175957343674,
            0.5899175957343674,
            0.5899175957343674,
            0.5899175957343674,
            0.5899175957343674,
            0.5899175957343674,
            0.5899175957343674
        ]
    }
}