{
    "1": {
        "mean": 0.4815317498788172,
        "max": 0.4968492486669898,
        "min": 0.4692195831313621,
        "all": [
            0.4968492486669898,
            0.47649054774600097,
            0.48618516723218613,
            0.4881240911294232,
            0.48327678138633057,
            0.48327678138633057,
            0.4774600096946195,
            0.4774600096946195,
            0.4769752787203102,
            0.4692195831313621
        ]
    },
    "2": {
        "mean": 0.515075133301018,
        "max": 0.5269025690741639,
        "min": 0.5075133301017936,
        "all": [
            0.5167232186136694,
            0.5157537566650509,
            0.5094522539990305,
            0.5104217159476491,
            0.5133301017935046,
            0.5269025690741639,
            0.5123606398448861,
            0.5176926805622879,
            0.5206010664081435,
            0.5075133301017936
        ]
    },
    "4": {
        "mean": 0.5459524963645178,
        "max": 0.5540475036354823,
        "min": 0.5390208434318953,
        "all": [
            0.5521085797382452,
            0.5487154629180805,
            0.5390208434318953,
            0.5428986912263694,
            0.5530780416868638,
            0.5472612699951527,
            0.5395055744062045,
            0.5438681531749879,
            0.5390208434318953,
            0.5540475036354823
        ]
    },
    "8": {
        "mean": 0.5634997576345129,
        "max": 0.5729520116335434,
        "min": 0.5545322346097916,
        "all": [
            0.564711585070286,
            0.5564711585070286,
            0.56858943286476,
            0.5608337372758119,
            0.5705283567619971,
            0.5627726611730489,
            0.5729520116335434,
            0.5637421231216675,
            0.5545322346097916,
            0.5598642753271934
        ]
    },
    "16": {
        "mean": 0.5746000969461948,
        "max": 0.5826466311197286,
        "min": 0.5656810470189045,
        "all": [
            0.5744062045564712,
            0.5826466311197286,
            0.5656810470189045,
            0.5714978187106156,
            0.5700436257876879,
            0.5734367426078526,
            0.579738245273873,
            0.5681047018904508,
            0.5811924381968008,
            0.5792535142995637
        ]
    },
    "32": {
        "mean": 0.5799806107610277,
        "max": 0.5850702859912749,
        "min": 0.5753756665050896,
        "all": [
            0.5777993213766359,
            0.5753756665050896,
            0.5763451284537082,
            0.5782840523509453,
            0.5831313620940378,
            0.583616093068347,
            0.5845855550169656,
            0.575860397479399,
            0.5850702859912749,
            0.579738245273873
        ]
    },
    "64": {
        "mean": 0.5839069316529326,
        "max": 0.5874939408628211,
        "min": 0.5787687833252545,
        "all": [
            0.5787687833252545,
            0.5845855550169656,
            0.5845855550169656,
            0.5865244789142026,
            0.5826466311197286,
            0.5841008240426563,
            0.583616093068347,
            0.5826466311197286,
            0.5874939408628211,
            0.5841008240426563
        ]
    },
    "128": {
        "mean": 0.5884634028114395,
        "max": 0.5884634028114396,
        "min": 0.5884634028114396,
        "all": [
            0.5884634028114396,
            0.5884634028114396,
            0.5884634028114396,
            0.5884634028114396,
            0.5884634028114396,
            0.5884634028114396,
            0.5884634028114396,
            0.5884634028114396,
            0.5884634028114396,
            0.5884634028114396
        ]
    }
}