{
    "1": {
        "mean": 0.4174496644295302,
        "max": 0.4563758389261745,
        "min": 0.3691275167785235,
        "all": [
            0.4228187919463087,
            0.4228187919463087,
            0.3825503355704698,
            0.436241610738255,
            0.44966442953020136,
            0.38926174496644295,
            0.42953020134228187,
            0.3691275167785235,
            0.4161073825503356,
            0.4563758389261745
        ]
    },
    "2": {
        "mean": 0.42214765100671137,
        "max": 0.47651006711409394,
        "min": 0.35570469798657717,
        "all": [
            0.42953020134228187,
            0.38926174496644295,
            0.40939597315436244,
            0.47651006711409394,
            0.42953020134228187,
            0.4161073825503356,
            0.44966442953020136,
            0.35570469798657717,
            0.4429530201342282,
            0.4228187919463087
        ]
    },
    "4": {
        "mean": 0.4395973154362416,
        "max": 0.47651006711409394,
        "min": 0.3825503355704698,
        "all": [
            0.47651006711409394,
            0.3825503355704698,
            0.436241610738255,
            0.4563758389261745,
            0.4563758389261745,
            0.4161073825503356,
            0.4429530201342282,
            0.4429530201342282,
            0.436241610738255,
            0.44966442953020136
        ]
    },
    "8": {
        "mean": 0.42953020134228187,
        "max": 0.44966442953020136,
        "min": 0.40268456375838924,
        "all": [
            0.42953020134228187,
            0.42953020134228187,
            0.4429530201342282,
            0.44966442953020136,
            0.40268456375838924,
            0.42953020134228187,
            0.4228187919463087,
            0.436241610738255,
            0.4228187919463087,
            0.42953020134228187
        ]
    },
    "16": {
        "mean": 0.42348993288590603,
        "max": 0.44966442953020136,
        "min": 0.3959731543624161,
        "all": [
            0.44966442953020136,
            0.44966442953020136,
            0.40939597315436244,
            0.42953020134228187,
            0.4429530201342282,
            0.4228187919463087,
            0.3959731543624161,
            0.4228187919463087,
            0.40939597315436244,
            0.40268456375838924
        ]
    },
    "32": {
        "mean": 0.4322147651006712,
        "max": 0.44966442953020136,
        "min": 0.4161073825503356,
        "all": [
            0.4429530201342282,
            0.44966442953020136,
            0.44966442953020136,
            0.4161073825503356,
            0.436241610738255,
            0.4228187919463087,
            0.42953020134228187,
            0.4228187919463087,
            0.4228187919463087,
            0.42953020134228187
        ]
    },
    "64": {
        "mean": 0.4228187919463087,
        "max": 0.44966442953020136,
        "min": 0.40939597315436244,
        "all": [
            0.4161073825503356,
            0.44966442953020136,
            0.436241610738255,
            0.42953020134228187,
            0.4228187919463087,
            0.4161073825503356,
            0.40939597315436244,
            0.4161073825503356,
            0.4228187919463087,
            0.40939597315436244
        ]
    },
    "128": {
        "mean": 0.4161073825503355,
        "max": 0.4161073825503356,
        "min": 0.4161073825503356,
        "all": [
            0.4161073825503356,
            0.4161073825503356,
            0.4161073825503356,
            0.4161073825503356,
            0.4161073825503356,
            0.4161073825503356,
            0.4161073825503356,
            0.4161073825503356,
            0.4161073825503356,
            0.4161073825503356
        ]
    }
}