{
    "1": {
        "mean": 0.48200000000000004,
        "max": 0.5266666666666666,
        "min": 0.43333333333333335,
        "all": [
            0.47333333333333333,
            0.48,
            0.5066666666666667,
            0.5066666666666667,
            0.4666666666666667,
            0.5266666666666666,
            0.4666666666666667,
            0.49333333333333335,
            0.4666666666666667,
            0.43333333333333335
        ]
    },
    "2": {
        "mean": 0.5566666666666666,
        "max": 0.6133333333333333,
        "min": 0.5,
        "all": [
            0.56,
            0.56,
            0.54,
            0.5,
            0.5466666666666666,
            0.6133333333333333,
            0.5466666666666666,
            0.5533333333333333,
            0.54,
            0.6066666666666667
        ]
    },
    "4": {
        "mean": 0.6133333333333333,
        "max": 0.66,
        "min": 0.5666666666666667,
        "all": [
            0.66,
            0.6066666666666667,
            0.6333333333333333,
            0.5866666666666667,
            0.6266666666666667,
            0.6133333333333333,
            0.58,
            0.6333333333333333,
            0.6266666666666667,
            0.5666666666666667
        ]
    },
    "8": {
        "mean": 0.6693333333333333,
        "max": 0.7,
        "min": 0.6333333333333333,
        "all": [
            0.6733333333333333,
            0.66,
            0.64,
            0.6666666666666666,
            0.68,
            0.6733333333333333,
            0.7,
            0.6333333333333333,
            0.6666666666666666,
            0.7
        ]
    },
    "16": {
        "mean": 0.6979999999999998,
        "max": 0.7133333333333334,
        "min": 0.68,
        "all": [
            0.7133333333333334,
            0.7,
            0.7,
            0.6933333333333334,
            0.68,
            0.7,
            0.7133333333333334,
            0.6866666666666666,
            0.68,
            0.7133333333333334
        ]
    },
    "32": {
        "mean": 0.708,
        "max": 0.7333333333333333,
        "min": 0.68,
        "all": [
            0.7066666666666667,
            0.72,
            0.7333333333333333,
            0.6866666666666666,
            0.68,
            0.7066666666666667,
            0.7,
            0.72,
            0.7133333333333334,
            0.7133333333333334
        ]
    },
    "64": {
        "mean": 0.7193333333333333,
        "max": 0.7333333333333333,
        "min": 0.6933333333333334,
        "all": [
            0.6933333333333334,
            0.7333333333333333,
            0.7133333333333334,
            0.7066666666666667,
            0.7266666666666667,
            0.7133333333333334,
            0.7266666666666667,
            0.7333333333333333,
            0.72,
            0.7266666666666667
        ]
    },
    "128": {
        "mean": 0.7133333333333333,
        "max": 0.7133333333333334,
        "min": 0.7133333333333334,
        "all": [
            0.7133333333333334,
            0.7133333333333334,
            0.7133333333333334,
            0.7133333333333334,
            0.7133333333333334,
            0.7133333333333334,
            0.7133333333333334,
            0.7133333333333334,
            0.7133333333333334,
            0.7133333333333334
        ]
    }
}