{
    "1": {
        "mean": 0.4815317498788172,
        "max": 0.4968492486669898,
        "min": 0.4692195831313621,
        "all": [
            0.4968492486669898,
            0.47649054774600097,
            0.48618516723218613,
            0.4881240911294232,
            0.48327678138633057,
            0.48327678138633057,
            0.4774600096946195,
            0.4774600096946195,
            0.4769752787203102,
            0.4692195831313621
        ]
    },
    "2": {
        "mean": 0.5111488124091129,
        "max": 0.5196316044595249,
        "min": 0.5002423654871546,
        "all": [
            0.5133301017935046,
            0.5196316044595249,
            0.5133301017935046,
            0.5142995637421232,
            0.5021812893843917,
            0.5002423654871546,
            0.5070285991274842,
            0.5147842947164324,
            0.5099369849733398,
            0.5167232186136694
        ]
    },
    "4": {
        "mean": 0.533301017935046,
        "max": 0.5458070770722249,
        "min": 0.5259331071255453,
        "all": [
            0.5259331071255453,
            0.5307804168686379,
            0.5302956858943286,
            0.5278720310227824,
            0.5458070770722249,
            0.5298109549200194,
            0.5283567619970916,
            0.5395055744062045,
            0.5351429956374212,
            0.5395055744062045
        ]
    },
    "8": {
        "mean": 0.5426563257392149,
        "max": 0.5530780416868638,
        "min": 0.5283567619970916,
        "all": [
            0.5356277266117305,
            0.5482307319437713,
            0.5506543868153175,
            0.549684924866699,
            0.5530780416868638,
            0.5467765390208434,
            0.5336888027144935,
            0.5409597673291323,
            0.5283567619970916,
            0.5395055744062045
        ]
    },
    "16": {
        "mean": 0.5438196800775569,
        "max": 0.5569558894813379,
        "min": 0.5336888027144935,
        "all": [
            0.5433834222006786,
            0.5569558894813379,
            0.5336888027144935,
            0.5448376151236064,
            0.5424139602520601,
            0.536597188560349,
            0.5428986912263694,
            0.5380513814832768,
            0.549684924866699,
            0.549684924866699
        ]
    },
    "32": {
        "mean": 0.5413960252060106,
        "max": 0.5501696558410082,
        "min": 0.5322346097915657,
        "all": [
            0.5322346097915657,
            0.549684924866699,
            0.5351429956374212,
            0.5467765390208434,
            0.5487154629180805,
            0.5501696558410082,
            0.5399903053805138,
            0.536597188560349,
            0.5380513814832768,
            0.536597188560349
        ]
    },
    "64": {
        "mean": 0.5454677653902085,
        "max": 0.5555016965584101,
        "min": 0.5375666505089676,
        "all": [
            0.5419292292777509,
            0.5467765390208434,
            0.5487154629180805,
            0.5375666505089676,
            0.5414444983034415,
            0.5438681531749879,
            0.5409597673291323,
            0.5555016965584101,
            0.5511391177896268,
            0.5467765390208434
        ]
    },
    "128": {
        "mean": 0.5384391662627241,
        "max": 0.5390208434318953,
        "min": 0.5380513814832768,
        "all": [
            0.5380513814832768,
            0.5380513814832768,
            0.538536112457586,
            0.5380513814832768,
            0.5390208434318953,
            0.538536112457586,
            0.538536112457586,
            0.538536112457586,
            0.538536112457586,
            0.538536112457586
        ]
    }
}