{
    "1": {
        "mean": 0.33333333333333337,
        "max": 0.38666666666666666,
        "min": 0.29333333333333333,
        "all": [
            0.31333333333333335,
            0.36666666666666664,
            0.32666666666666666,
            0.38666666666666666,
            0.35333333333333333,
            0.34,
            0.30666666666666664,
            0.32,
            0.32666666666666666,
            0.29333333333333333
        ]
    },
    "2": {
        "mean": 0.4066666666666666,
        "max": 0.4533333333333333,
        "min": 0.36,
        "all": [
            0.42,
            0.4533333333333333,
            0.38,
            0.36666666666666664,
            0.36666666666666664,
            0.36,
            0.44666666666666666,
            0.37333333333333335,
            0.4533333333333333,
            0.44666666666666666
        ]
    },
    "4": {
        "mean": 0.42666666666666664,
        "max": 0.4866666666666667,
        "min": 0.37333333333333335,
        "all": [
            0.43333333333333335,
            0.44,
            0.37333333333333335,
            0.3933333333333333,
            0.4866666666666667,
            0.43333333333333335,
            0.4066666666666667,
            0.44666666666666666,
            0.3933333333333333,
            0.46
        ]
    },
    "8": {
        "mean": 0.422,
        "max": 0.46,
        "min": 0.4,
        "all": [
            0.46,
            0.42,
            0.4066666666666667,
            0.44,
            0.42,
            0.4,
            0.4066666666666667,
            0.4266666666666667,
            0.41333333333333333,
            0.4266666666666667
        ]
    },
    "16": {
        "mean": 0.4373333333333333,
        "max": 0.46,
        "min": 0.4066666666666667,
        "all": [
            0.44,
            0.42,
            0.46,
            0.43333333333333335,
            0.44,
            0.4066666666666667,
            0.4266666666666667,
            0.44,
            0.4533333333333333,
            0.4533333333333333
        ]
    },
    "32": {
        "mean": 0.4459999999999999,
        "max": 0.48,
        "min": 0.4066666666666667,
        "all": [
            0.4666666666666667,
            0.44,
            0.47333333333333333,
            0.46,
            0.41333333333333333,
            0.44666666666666666,
            0.42,
            0.4066666666666667,
            0.48,
            0.4533333333333333
        ]
    },
    "64": {
        "mean": 0.458,
        "max": 0.5,
        "min": 0.41333333333333333,
        "all": [
            0.41333333333333333,
            0.4666666666666667,
            0.44666666666666666,
            0.4666666666666667,
            0.4533333333333333,
            0.44666666666666666,
            0.5,
            0.46,
            0.4666666666666667,
            0.46
        ]
    },
    "128": {
        "mean": 0.4533333333333333,
        "max": 0.4533333333333333,
        "min": 0.4533333333333333,
        "all": [
            0.4533333333333333,
            0.4533333333333333,
            0.4533333333333333,
            0.4533333333333333,
            0.4533333333333333,
            0.4533333333333333,
            0.4533333333333333,
            0.4533333333333333,
            0.4533333333333333,
            0.4533333333333333
        ]
    }
}