{
    "1": {
        "mean": 0.33333333333333337,
        "max": 0.38666666666666666,
        "min": 0.29333333333333333,
        "all": [
            0.31333333333333335,
            0.36666666666666664,
            0.32666666666666666,
            0.38666666666666666,
            0.35333333333333333,
            0.34,
            0.30666666666666664,
            0.32,
            0.32666666666666666,
            0.29333333333333333
        ]
    },
    "2": {
        "mean": 0.394,
        "max": 0.44,
        "min": 0.3333333333333333,
        "all": [
            0.3933333333333333,
            0.3933333333333333,
            0.38666666666666666,
            0.4,
            0.38666666666666666,
            0.3333333333333333,
            0.4266666666666667,
            0.36,
            0.44,
            0.42
        ]
    },
    "4": {
        "mean": 0.40599999999999997,
        "max": 0.48,
        "min": 0.36666666666666664,
        "all": [
            0.41333333333333333,
            0.4,
            0.41333333333333333,
            0.4066666666666667,
            0.48,
            0.4,
            0.36666666666666664,
            0.41333333333333333,
            0.38,
            0.38666666666666666
        ]
    },
    "8": {
        "mean": 0.42733333333333334,
        "max": 0.48,
        "min": 0.36666666666666664,
        "all": [
            0.48,
            0.42,
            0.36666666666666664,
            0.4533333333333333,
            0.4,
            0.4066666666666667,
            0.43333333333333335,
            0.46,
            0.43333333333333335,
            0.42
        ]
    },
    "16": {
        "mean": 0.4173333333333334,
        "max": 0.46,
        "min": 0.35333333333333333,
        "all": [
            0.38666666666666666,
            0.46,
            0.4533333333333333,
            0.46,
            0.4,
            0.44666666666666666,
            0.4,
            0.38666666666666666,
            0.35333333333333333,
            0.4266666666666667
        ]
    },
    "32": {
        "mean": 0.42666666666666664,
        "max": 0.47333333333333333,
        "min": 0.38666666666666666,
        "all": [
            0.4533333333333333,
            0.4066666666666667,
            0.46,
            0.41333333333333333,
            0.43333333333333335,
            0.38666666666666666,
            0.41333333333333333,
            0.42,
            0.47333333333333333,
            0.4066666666666667
        ]
    },
    "64": {
        "mean": 0.43466666666666665,
        "max": 0.47333333333333333,
        "min": 0.38666666666666666,
        "all": [
            0.4066666666666667,
            0.4666666666666667,
            0.4266666666666667,
            0.46,
            0.47333333333333333,
            0.44666666666666666,
            0.43333333333333335,
            0.38666666666666666,
            0.42,
            0.4266666666666667
        ]
    },
    "128": {
        "mean": 0.4286666666666667,
        "max": 0.4666666666666667,
        "min": 0.4,
        "all": [
            0.4266666666666667,
            0.4266666666666667,
            0.4666666666666667,
            0.41333333333333333,
            0.4266666666666667,
            0.42,
            0.43333333333333335,
            0.4266666666666667,
            0.4,
            0.44666666666666666
        ]
    }
}