{
    "1": {
        "mean": 0.4815317498788172,
        "max": 0.4968492486669898,
        "min": 0.4692195831313621,
        "all": [
            0.4968492486669898,
            0.47649054774600097,
            0.48618516723218613,
            0.4881240911294232,
            0.48327678138633057,
            0.48327678138633057,
            0.4774600096946195,
            0.4774600096946195,
            0.4769752787203102,
            0.4692195831313621
        ]
    },
    "2": {
        "mean": 0.5116820164808531,
        "max": 0.5278720310227824,
        "min": 0.5046049442559379,
        "all": [
            0.5104217159476491,
            0.5278720310227824,
            0.5070285991274842,
            0.5060591371788657,
            0.5099369849733398,
            0.5118759088705769,
            0.5046049442559379,
            0.521570528356762,
            0.508482792050412,
            0.5089675230247213
        ]
    },
    "4": {
        "mean": 0.5396994667959283,
        "max": 0.5511391177896268,
        "min": 0.5249636451769268,
        "all": [
            0.5351429956374212,
            0.5472612699951527,
            0.5375666505089676,
            0.5249636451769268,
            0.5462918080465342,
            0.5424139602520601,
            0.5390208434318953,
            0.5390208434318953,
            0.5341735336888027,
            0.5511391177896268
        ]
    },
    "8": {
        "mean": 0.5530295685894329,
        "max": 0.5618031992244304,
        "min": 0.5414444983034415,
        "all": [
            0.5414444983034415,
            0.5530780416868638,
            0.5618031992244304,
            0.5462918080465342,
            0.5559864275327193,
            0.5569558894813379,
            0.5593795443528842,
            0.5593795443528842,
            0.5453223460979156,
            0.5506543868153175
        ]
    },
    "16": {
        "mean": 0.5589917595734367,
        "max": 0.5700436257876879,
        "min": 0.549684924866699,
        "all": [
            0.5584100824042656,
            0.5521085797382452,
            0.5574406204556471,
            0.5555016965584101,
            0.5618031992244304,
            0.5545322346097916,
            0.5618031992244304,
            0.549684924866699,
            0.5700436257876879,
            0.56858943286476
        ]
    },
    "32": {
        "mean": 0.5625787687833251,
        "max": 0.5681047018904508,
        "min": 0.5579253514299564,
        "all": [
            0.5579253514299564,
            0.5627726611730489,
            0.5613184682501212,
            0.5681047018904508,
            0.5588948133785749,
            0.5676199709161416,
            0.564711585070286,
            0.5603490063015026,
            0.5632573921473583,
            0.5608337372758119
        ]
    },
    "64": {
        "mean": 0.5623848763936016,
        "max": 0.5661657779932138,
        "min": 0.5559864275327193,
        "all": [
            0.5559864275327193,
            0.564711585070286,
            0.5661657779932138,
            0.5642268540959767,
            0.564711585070286,
            0.5632573921473583,
            0.5579253514299564,
            0.5661657779932138,
            0.5569558894813379,
            0.5637421231216675
        ]
    },
    "128": {
        "mean": 0.5564711585070284,
        "max": 0.5564711585070286,
        "min": 0.5564711585070286,
        "all": [
            0.5564711585070286,
            0.5564711585070286,
            0.5564711585070286,
            0.5564711585070286,
            0.5564711585070286,
            0.5564711585070286,
            0.5564711585070286,
            0.5564711585070286,
            0.5564711585070286,
            0.5564711585070286
        ]
    }
}