{
    "1": {
        "mean": 0.3786666666666667,
        "max": 0.4666666666666667,
        "min": 0.31333333333333335,
        "all": [
            0.34,
            0.4066666666666667,
            0.3333333333333333,
            0.41333333333333333,
            0.4666666666666667,
            0.31333333333333335,
            0.38,
            0.32666666666666666,
            0.41333333333333333,
            0.3933333333333333
        ]
    },
    "2": {
        "mean": 0.4546666666666666,
        "max": 0.5066666666666667,
        "min": 0.36666666666666664,
        "all": [
            0.46,
            0.44,
            0.4,
            0.5066666666666667,
            0.4866666666666667,
            0.4666666666666667,
            0.5,
            0.4266666666666667,
            0.49333333333333335,
            0.36666666666666664
        ]
    },
    "4": {
        "mean": 0.5079999999999999,
        "max": 0.5666666666666667,
        "min": 0.46,
        "all": [
            0.5666666666666667,
            0.52,
            0.5466666666666666,
            0.5066666666666667,
            0.49333333333333335,
            0.4866666666666667,
            0.49333333333333335,
            0.5266666666666666,
            0.48,
            0.46
        ]
    },
    "8": {
        "mean": 0.5573333333333333,
        "max": 0.5866666666666667,
        "min": 0.5066666666666667,
        "all": [
            0.5733333333333334,
            0.52,
            0.56,
            0.5066666666666667,
            0.5533333333333333,
            0.5733333333333334,
            0.5666666666666667,
            0.5866666666666667,
            0.5666666666666667,
            0.5666666666666667
        ]
    },
    "16": {
        "mean": 0.5900000000000001,
        "max": 0.6266666666666667,
        "min": 0.5666666666666667,
        "all": [
            0.5866666666666667,
            0.62,
            0.5666666666666667,
            0.5866666666666667,
            0.5733333333333334,
            0.5866666666666667,
            0.6266666666666667,
            0.5733333333333334,
            0.5866666666666667,
            0.5933333333333334
        ]
    },
    "32": {
        "mean": 0.604,
        "max": 0.6466666666666666,
        "min": 0.5733333333333334,
        "all": [
            0.58,
            0.62,
            0.62,
            0.6066666666666667,
            0.5733333333333334,
            0.58,
            0.6466666666666666,
            0.6133333333333333,
            0.6066666666666667,
            0.5933333333333334
        ]
    },
    "64": {
        "mean": 0.6273333333333334,
        "max": 0.6466666666666666,
        "min": 0.6066666666666667,
        "all": [
            0.6333333333333333,
            0.6133333333333333,
            0.6466666666666666,
            0.6066666666666667,
            0.6266666666666667,
            0.6266666666666667,
            0.6333333333333333,
            0.64,
            0.6266666666666667,
            0.62
        ]
    },
    "128": {
        "mean": 0.6399999999999999,
        "max": 0.64,
        "min": 0.64,
        "all": [
            0.64,
            0.64,
            0.64,
            0.64,
            0.64,
            0.64,
            0.64,
            0.64,
            0.64,
            0.64
        ]
    }
}