{
    "1": {
        "mean": 0.31517241379310346,
        "max": 0.3448275862068966,
        "min": 0.2620689655172414,
        "all": [
            0.3448275862068966,
            0.2827586206896552,
            0.2689655172413793,
            0.33793103448275863,
            0.3310344827586207,
            0.2620689655172414,
            0.31724137931034485,
            0.3310344827586207,
            0.3310344827586207,
            0.3448275862068966
        ]
    },
    "2": {
        "mean": 0.35931034482758617,
        "max": 0.4,
        "min": 0.30344827586206896,
        "all": [
            0.35172413793103446,
            0.3793103448275862,
            0.4,
            0.32413793103448274,
            0.3793103448275862,
            0.3724137931034483,
            0.3586206896551724,
            0.30344827586206896,
            0.3793103448275862,
            0.3448275862068966
        ]
    },
    "4": {
        "mean": 0.3834482758620689,
        "max": 0.4482758620689655,
        "min": 0.33793103448275863,
        "all": [
            0.3724137931034483,
            0.3931034482758621,
            0.3448275862068966,
            0.41379310344827586,
            0.38620689655172413,
            0.3724137931034483,
            0.33793103448275863,
            0.3931034482758621,
            0.3724137931034483,
            0.4482758620689655
        ]
    },
    "8": {
        "mean": 0.3986206896551724,
        "max": 0.42758620689655175,
        "min": 0.3586206896551724,
        "all": [
            0.3586206896551724,
            0.3931034482758621,
            0.4068965517241379,
            0.3931034482758621,
            0.41379310344827586,
            0.3793103448275862,
            0.38620689655172413,
            0.4206896551724138,
            0.4068965517241379,
            0.42758620689655175
        ]
    },
    "16": {
        "mean": 0.4110344827586207,
        "max": 0.43448275862068964,
        "min": 0.3724137931034483,
        "all": [
            0.3931034482758621,
            0.43448275862068964,
            0.42758620689655175,
            0.42758620689655175,
            0.3724137931034483,
            0.41379310344827586,
            0.41379310344827586,
            0.4206896551724138,
            0.4206896551724138,
            0.38620689655172413
        ]
    },
    "32": {
        "mean": 0.41034482758620683,
        "max": 0.43448275862068964,
        "min": 0.3724137931034483,
        "all": [
            0.43448275862068964,
            0.41379310344827586,
            0.4068965517241379,
            0.4068965517241379,
            0.4206896551724138,
            0.3724137931034483,
            0.4206896551724138,
            0.4068965517241379,
            0.43448275862068964,
            0.38620689655172413
        ]
    },
    "64": {
        "mean": 0.43034482758620685,
        "max": 0.45517241379310347,
        "min": 0.4068965517241379,
        "all": [
            0.4413793103448276,
            0.4413793103448276,
            0.4206896551724138,
            0.43448275862068964,
            0.42758620689655175,
            0.45517241379310347,
            0.42758620689655175,
            0.41379310344827586,
            0.4068965517241379,
            0.43448275862068964
        ]
    },
    "128": {
        "mean": 0.4344827586206897,
        "max": 0.43448275862068964,
        "min": 0.43448275862068964,
        "all": [
            0.43448275862068964,
            0.43448275862068964,
            0.43448275862068964,
            0.43448275862068964,
            0.43448275862068964,
            0.43448275862068964,
            0.43448275862068964,
            0.43448275862068964,
            0.43448275862068964,
            0.43448275862068964
        ]
    }
}