{
    "1": {
        "mean": 0.45533333333333337,
        "max": 0.4866666666666667,
        "min": 0.43333333333333335,
        "all": [
            0.44666666666666666,
            0.4533333333333333,
            0.46,
            0.4666666666666667,
            0.43333333333333335,
            0.44,
            0.4866666666666667,
            0.43333333333333335,
            0.46,
            0.47333333333333333
        ]
    },
    "2": {
        "mean": 0.48599999999999993,
        "max": 0.52,
        "min": 0.4533333333333333,
        "all": [
            0.5066666666666667,
            0.5133333333333333,
            0.46,
            0.5066666666666667,
            0.48,
            0.4666666666666667,
            0.52,
            0.4666666666666667,
            0.4533333333333333,
            0.4866666666666667
        ]
    },
    "4": {
        "mean": 0.4880000000000001,
        "max": 0.5266666666666666,
        "min": 0.4533333333333333,
        "all": [
            0.5266666666666666,
            0.4866666666666667,
            0.47333333333333333,
            0.4533333333333333,
            0.47333333333333333,
            0.5066666666666667,
            0.48,
            0.48,
            0.52,
            0.48
        ]
    },
    "8": {
        "mean": 0.502,
        "max": 0.5266666666666666,
        "min": 0.47333333333333333,
        "all": [
            0.48,
            0.49333333333333335,
            0.52,
            0.5,
            0.5266666666666666,
            0.5266666666666666,
            0.47333333333333333,
            0.5066666666666667,
            0.5066666666666667,
            0.4866666666666667
        ]
    },
    "16": {
        "mean": 0.4953333333333333,
        "max": 0.52,
        "min": 0.48,
        "all": [
            0.5,
            0.49333333333333335,
            0.48,
            0.48,
            0.5066666666666667,
            0.52,
            0.4866666666666667,
            0.5,
            0.49333333333333335,
            0.49333333333333335
        ]
    },
    "32": {
        "mean": 0.5,
        "max": 0.52,
        "min": 0.48,
        "all": [
            0.5,
            0.48,
            0.52,
            0.5,
            0.49333333333333335,
            0.5,
            0.5066666666666667,
            0.49333333333333335,
            0.5066666666666667,
            0.5
        ]
    },
    "64": {
        "mean": 0.492,
        "max": 0.5,
        "min": 0.48,
        "all": [
            0.49333333333333335,
            0.4866666666666667,
            0.5,
            0.5,
            0.4866666666666667,
            0.5,
            0.48,
            0.5,
            0.49333333333333335,
            0.48
        ]
    },
    "128": {
        "mean": 0.48666666666666664,
        "max": 0.4866666666666667,
        "min": 0.4866666666666667,
        "all": [
            0.4866666666666667,
            0.4866666666666667,
            0.4866666666666667,
            0.4866666666666667,
            0.4866666666666667,
            0.4866666666666667,
            0.4866666666666667,
            0.4866666666666667,
            0.4866666666666667,
            0.4866666666666667
        ]
    }
}