{
    "1": {
        "mean": 0.4815317498788172,
        "max": 0.4968492486669898,
        "min": 0.4692195831313621,
        "all": [
            0.4968492486669898,
            0.47649054774600097,
            0.48618516723218613,
            0.4881240911294232,
            0.48327678138633057,
            0.48327678138633057,
            0.4774600096946195,
            0.4774600096946195,
            0.4769752787203102,
            0.4692195831313621
        ]
    },
    "2": {
        "mean": 0.5134755210857974,
        "max": 0.5259331071255453,
        "min": 0.5031507513330101,
        "all": [
            0.5109064469219583,
            0.523509452253999,
            0.5162384876393602,
            0.5055744062045565,
            0.5109064469219583,
            0.5157537566650509,
            0.5031507513330101,
            0.5259331071255453,
            0.5162384876393602,
            0.506543868153175
        ]
    },
    "4": {
        "mean": 0.5361124575860398,
        "max": 0.5472612699951527,
        "min": 0.5254483761512361,
        "all": [
            0.5404750363548231,
            0.5399903053805138,
            0.5327193407658749,
            0.5254483761512361,
            0.5370819195346582,
            0.5399903053805138,
            0.5399903053805138,
            0.5278720310227824,
            0.5302956858943286,
            0.5472612699951527
        ]
    },
    "8": {
        "mean": 0.5380998545807076,
        "max": 0.5458070770722249,
        "min": 0.5298109549200194,
        "all": [
            0.5380513814832768,
            0.5298109549200194,
            0.5448376151236064,
            0.5361124575860398,
            0.5458070770722249,
            0.5433834222006786,
            0.5375666505089676,
            0.538536112457586,
            0.5312651478429472,
            0.5356277266117305
        ]
    },
    "16": {
        "mean": 0.5383906931652933,
        "max": 0.5472612699951527,
        "min": 0.5327193407658749,
        "all": [
            0.5404750363548231,
            0.5472612699951527,
            0.534658264663112,
            0.5336888027144935,
            0.5399903053805138,
            0.5327193407658749,
            0.5356277266117305,
            0.5327193407658749,
            0.5428986912263694,
            0.5438681531749879
        ]
    },
    "32": {
        "mean": 0.5335433834222008,
        "max": 0.5433834222006786,
        "min": 0.5230247212796898,
        "all": [
            0.5380513814832768,
            0.536597188560349,
            0.5433834222006786,
            0.5302956858943286,
            0.5322346097915657,
            0.5332040717401842,
            0.534658264663112,
            0.5356277266117305,
            0.5283567619970916,
            0.5230247212796898
        ]
    },
    "64": {
        "mean": 0.5278720310227824,
        "max": 0.5380513814832768,
        "min": 0.5210857973824528,
        "all": [
            0.5239941832283083,
            0.5336888027144935,
            0.5239941832283083,
            0.5210857973824528,
            0.5288414929714008,
            0.5239941832283083,
            0.5273873000484731,
            0.5307804168686379,
            0.5269025690741639,
            0.5380513814832768
        ]
    },
    "128": {
        "mean": 0.5181774115365972,
        "max": 0.5181774115365972,
        "min": 0.5181774115365972,
        "all": [
            0.5181774115365972,
            0.5181774115365972,
            0.5181774115365972,
            0.5181774115365972,
            0.5181774115365972,
            0.5181774115365972,
            0.5181774115365972,
            0.5181774115365972,
            0.5181774115365972,
            0.5181774115365972
        ]
    }
}