{
    "1": {
        "mean": 0.4815317498788172,
        "max": 0.4968492486669898,
        "min": 0.4692195831313621,
        "all": [
            0.4968492486669898,
            0.47649054774600097,
            0.48618516723218613,
            0.4881240911294232,
            0.48327678138633057,
            0.48327678138633057,
            0.4774600096946195,
            0.4774600096946195,
            0.4769752787203102,
            0.4692195831313621
        ]
    },
    "2": {
        "mean": 0.5207464857004362,
        "max": 0.5322346097915657,
        "min": 0.5099369849733398,
        "all": [
            0.5147842947164324,
            0.5322346097915657,
            0.5196316044595249,
            0.5099369849733398,
            0.5201163354338342,
            0.5283567619970916,
            0.5147842947164324,
            0.5278720310227824,
            0.5225399903053806,
            0.5172079495879787
        ]
    },
    "4": {
        "mean": 0.543674260785264,
        "max": 0.5521085797382452,
        "min": 0.5283567619970916,
        "all": [
            0.5472612699951527,
            0.5409597673291323,
            0.5283567619970916,
            0.5453223460979156,
            0.5521085797382452,
            0.5453223460979156,
            0.5467765390208434,
            0.5424139602520601,
            0.5390208434318953,
            0.5492001938923897
        ]
    },
    "8": {
        "mean": 0.5498303441589918,
        "max": 0.5618031992244304,
        "min": 0.5404750363548231,
        "all": [
            0.551623848763936,
            0.5618031992244304,
            0.5482307319437713,
            0.5559864275327193,
            0.5482307319437713,
            0.5482307319437713,
            0.5487154629180805,
            0.549684924866699,
            0.5404750363548231,
            0.5453223460979156
        ]
    },
    "16": {
        "mean": 0.5521570528356763,
        "max": 0.5579253514299564,
        "min": 0.5458070770722249,
        "all": [
            0.5555016965584101,
            0.5472612699951527,
            0.5458070770722249,
            0.5545322346097916,
            0.5511391177896268,
            0.5477460009694619,
            0.551623848763936,
            0.5569558894813379,
            0.5579253514299564,
            0.5530780416868638
        ]
    },
    "32": {
        "mean": 0.5480853126514784,
        "max": 0.5593795443528842,
        "min": 0.5419292292777509,
        "all": [
            0.549684924866699,
            0.5433834222006786,
            0.5419292292777509,
            0.551623848763936,
            0.5424139602520601,
            0.5525933107125546,
            0.5593795443528842,
            0.5448376151236064,
            0.5428986912263694,
            0.5521085797382452
        ]
    },
    "64": {
        "mean": 0.5444013572467281,
        "max": 0.5521085797382452,
        "min": 0.5390208434318953,
        "all": [
            0.5521085797382452,
            0.5462918080465342,
            0.5419292292777509,
            0.5438681531749879,
            0.5390208434318953,
            0.5482307319437713,
            0.5433834222006786,
            0.5448376151236064,
            0.5433834222006786,
            0.5409597673291323
        ]
    },
    "128": {
        "mean": 0.536597188560349,
        "max": 0.536597188560349,
        "min": 0.536597188560349,
        "all": [
            0.536597188560349,
            0.536597188560349,
            0.536597188560349,
            0.536597188560349,
            0.536597188560349,
            0.536597188560349,
            0.536597188560349,
            0.536597188560349,
            0.536597188560349,
            0.536597188560349
        ]
    }
}