{
    "1": {
        "mean": 0.5293333333333334,
        "max": 0.5733333333333334,
        "min": 0.48,
        "all": [
            0.5133333333333333,
            0.49333333333333335,
            0.5066666666666667,
            0.56,
            0.48,
            0.56,
            0.5,
            0.5733333333333334,
            0.5533333333333333,
            0.5533333333333333
        ]
    },
    "2": {
        "mean": 0.5366666666666666,
        "max": 0.5866666666666667,
        "min": 0.5,
        "all": [
            0.5333333333333333,
            0.5866666666666667,
            0.52,
            0.5,
            0.5533333333333333,
            0.56,
            0.5466666666666666,
            0.5266666666666666,
            0.5133333333333333,
            0.5266666666666666
        ]
    },
    "4": {
        "mean": 0.5273333333333332,
        "max": 0.5466666666666666,
        "min": 0.49333333333333335,
        "all": [
            0.5133333333333333,
            0.54,
            0.5333333333333333,
            0.5,
            0.49333333333333335,
            0.5266666666666666,
            0.5466666666666666,
            0.5466666666666666,
            0.5266666666666666,
            0.5466666666666666
        ]
    },
    "8": {
        "mean": 0.5333333333333333,
        "max": 0.5466666666666666,
        "min": 0.5066666666666667,
        "all": [
            0.5066666666666667,
            0.5466666666666666,
            0.52,
            0.54,
            0.5333333333333333,
            0.54,
            0.5466666666666666,
            0.5266666666666666,
            0.54,
            0.5333333333333333
        ]
    },
    "16": {
        "mean": 0.5173333333333334,
        "max": 0.5533333333333333,
        "min": 0.4866666666666667,
        "all": [
            0.5533333333333333,
            0.5266666666666666,
            0.5266666666666666,
            0.5333333333333333,
            0.5066666666666667,
            0.5333333333333333,
            0.5066666666666667,
            0.5,
            0.5,
            0.4866666666666667
        ]
    },
    "32": {
        "mean": 0.502,
        "max": 0.5266666666666666,
        "min": 0.48,
        "all": [
            0.48,
            0.5066666666666667,
            0.5266666666666666,
            0.49333333333333335,
            0.5066666666666667,
            0.5066666666666667,
            0.5133333333333333,
            0.5,
            0.5,
            0.4866666666666667
        ]
    },
    "64": {
        "mean": 0.4873333333333333,
        "max": 0.5,
        "min": 0.47333333333333333,
        "all": [
            0.47333333333333333,
            0.48,
            0.4866666666666667,
            0.5,
            0.5,
            0.5,
            0.4866666666666667,
            0.48,
            0.48,
            0.4866666666666667
        ]
    },
    "128": {
        "mean": 0.4666666666666667,
        "max": 0.4666666666666667,
        "min": 0.4666666666666667,
        "all": [
            0.4666666666666667,
            0.4666666666666667,
            0.4666666666666667,
            0.4666666666666667,
            0.4666666666666667,
            0.4666666666666667,
            0.4666666666666667,
            0.4666666666666667,
            0.4666666666666667,
            0.4666666666666667
        ]
    }
}