{
    "1": {
        "mean": 0.5293333333333334,
        "max": 0.5733333333333334,
        "min": 0.48,
        "all": [
            0.5133333333333333,
            0.49333333333333335,
            0.5066666666666667,
            0.56,
            0.48,
            0.56,
            0.5,
            0.5733333333333334,
            0.5533333333333333,
            0.5533333333333333
        ]
    },
    "2": {
        "mean": 0.5426666666666666,
        "max": 0.5933333333333334,
        "min": 0.5066666666666667,
        "all": [
            0.54,
            0.5933333333333334,
            0.52,
            0.5066666666666667,
            0.56,
            0.58,
            0.5266666666666666,
            0.5533333333333333,
            0.52,
            0.5266666666666666
        ]
    },
    "4": {
        "mean": 0.5306666666666666,
        "max": 0.56,
        "min": 0.5,
        "all": [
            0.5066666666666667,
            0.5133333333333333,
            0.5466666666666666,
            0.5266666666666666,
            0.5,
            0.5533333333333333,
            0.54,
            0.56,
            0.5333333333333333,
            0.5266666666666666
        ]
    },
    "8": {
        "mean": 0.5359999999999999,
        "max": 0.5666666666666667,
        "min": 0.5133333333333333,
        "all": [
            0.5133333333333333,
            0.5666666666666667,
            0.52,
            0.5533333333333333,
            0.52,
            0.54,
            0.5466666666666666,
            0.5333333333333333,
            0.5266666666666666,
            0.54
        ]
    },
    "16": {
        "mean": 0.522,
        "max": 0.54,
        "min": 0.5066666666666667,
        "all": [
            0.54,
            0.52,
            0.54,
            0.52,
            0.5266666666666666,
            0.5133333333333333,
            0.52,
            0.5066666666666667,
            0.5066666666666667,
            0.5266666666666666
        ]
    },
    "32": {
        "mean": 0.5093333333333334,
        "max": 0.5333333333333333,
        "min": 0.4866666666666667,
        "all": [
            0.4866666666666667,
            0.5133333333333333,
            0.5066666666666667,
            0.5,
            0.5133333333333333,
            0.4866666666666667,
            0.5133333333333333,
            0.5333333333333333,
            0.5266666666666666,
            0.5133333333333333
        ]
    },
    "64": {
        "mean": 0.48999999999999994,
        "max": 0.5,
        "min": 0.48,
        "all": [
            0.48,
            0.48,
            0.5,
            0.48,
            0.49333333333333335,
            0.49333333333333335,
            0.4866666666666667,
            0.5,
            0.49333333333333335,
            0.49333333333333335
        ]
    },
    "128": {
        "mean": 0.47333333333333333,
        "max": 0.47333333333333333,
        "min": 0.47333333333333333,
        "all": [
            0.47333333333333333,
            0.47333333333333333,
            0.47333333333333333,
            0.47333333333333333,
            0.47333333333333333,
            0.47333333333333333,
            0.47333333333333333,
            0.47333333333333333,
            0.47333333333333333,
            0.47333333333333333
        ]
    }
}