{
    "1": {
        "mean": 0.4815317498788172,
        "max": 0.4968492486669898,
        "min": 0.4692195831313621,
        "all": [
            0.4968492486669898,
            0.47649054774600097,
            0.48618516723218613,
            0.4881240911294232,
            0.48327678138633057,
            0.48327678138633057,
            0.4774600096946195,
            0.4774600096946195,
            0.4769752787203102,
            0.4692195831313621
        ]
    },
    "2": {
        "mean": 0.5150266602035869,
        "max": 0.5259331071255453,
        "min": 0.5055744062045565,
        "all": [
            0.5142995637421232,
            0.5210857973824528,
            0.5162384876393602,
            0.5259331071255453,
            0.5128453708191953,
            0.5099369849733398,
            0.5055744062045565,
            0.5230247212796898,
            0.5118759088705769,
            0.5094522539990305
        ]
    },
    "4": {
        "mean": 0.5381483276781387,
        "max": 0.5511391177896268,
        "min": 0.5327193407658749,
        "all": [
            0.5327193407658749,
            0.5361124575860398,
            0.538536112457586,
            0.5424139602520601,
            0.5375666505089676,
            0.5361124575860398,
            0.5356277266117305,
            0.5336888027144935,
            0.5375666505089676,
            0.5511391177896268
        ]
    },
    "8": {
        "mean": 0.5430441105186622,
        "max": 0.5487154629180805,
        "min": 0.5317498788172564,
        "all": [
            0.5482307319437713,
            0.5453223460979156,
            0.5428986912263694,
            0.5414444983034415,
            0.5424139602520601,
            0.5487154629180805,
            0.5438681531749879,
            0.5317498788172564,
            0.5390208434318953,
            0.5467765390208434
        ]
    },
    "16": {
        "mean": 0.5501696558410083,
        "max": 0.5593795443528842,
        "min": 0.5341735336888027,
        "all": [
            0.5593795443528842,
            0.5579253514299564,
            0.5341735336888027,
            0.5462918080465342,
            0.5550169655841009,
            0.5487154629180805,
            0.549684924866699,
            0.5467765390208434,
            0.5487154629180805,
            0.5550169655841009
        ]
    },
    "32": {
        "mean": 0.5546776539020842,
        "max": 0.5598642753271934,
        "min": 0.5501696558410082,
        "all": [
            0.5525933107125546,
            0.5540475036354823,
            0.5559864275327193,
            0.5530780416868638,
            0.5564711585070286,
            0.5540475036354823,
            0.5555016965584101,
            0.5501696558410082,
            0.5550169655841009,
            0.5598642753271934
        ]
    },
    "64": {
        "mean": 0.5600581677169172,
        "max": 0.5695588948133786,
        "min": 0.5462918080465342,
        "all": [
            0.5695588948133786,
            0.5550169655841009,
            0.5598642753271934,
            0.5613184682501212,
            0.5555016965584101,
            0.5656810470189045,
            0.5462918080465342,
            0.5651963160445953,
            0.564711585070286,
            0.5574406204556471
        ]
    },
    "128": {
        "mean": 0.5651963160445953,
        "max": 0.5651963160445953,
        "min": 0.5651963160445953,
        "all": [
            0.5651963160445953,
            0.5651963160445953,
            0.5651963160445953,
            0.5651963160445953,
            0.5651963160445953,
            0.5651963160445953,
            0.5651963160445953,
            0.5651963160445953,
            0.5651963160445953,
            0.5651963160445953
        ]
    }
}