{
    "1": {
        "mean": 0.4815317498788172,
        "max": 0.4968492486669898,
        "min": 0.4692195831313621,
        "all": [
            0.4968492486669898,
            0.47649054774600097,
            0.48618516723218613,
            0.4881240911294232,
            0.48327678138633057,
            0.48327678138633057,
            0.4774600096946195,
            0.4774600096946195,
            0.4769752787203102,
            0.4692195831313621
        ]
    },
    "2": {
        "mean": 0.5147358216190014,
        "max": 0.5225399903053806,
        "min": 0.5031507513330101,
        "all": [
            0.5157537566650509,
            0.5210857973824528,
            0.5060591371788657,
            0.5181774115365972,
            0.5191468734852157,
            0.5138148327678138,
            0.5031507513330101,
            0.5172079495879787,
            0.5225399903053806,
            0.5104217159476491
        ]
    },
    "4": {
        "mean": 0.5364032961706252,
        "max": 0.5462918080465342,
        "min": 0.5201163354338342,
        "all": [
            0.5380513814832768,
            0.5370819195346582,
            0.5390208434318953,
            0.5448376151236064,
            0.5390208434318953,
            0.538536112457586,
            0.5201163354338342,
            0.5317498788172564,
            0.5293262239457102,
            0.5462918080465342
        ]
    },
    "8": {
        "mean": 0.5417353368880271,
        "max": 0.553562772661173,
        "min": 0.5278720310227824,
        "all": [
            0.5462918080465342,
            0.553562772661173,
            0.5453223460979156,
            0.5278720310227824,
            0.5453223460979156,
            0.5443528841492972,
            0.5414444983034415,
            0.5351429956374212,
            0.536597188560349,
            0.5414444983034415
        ]
    },
    "16": {
        "mean": 0.5485215705283568,
        "max": 0.5598642753271934,
        "min": 0.5399903053805138,
        "all": [
            0.551623848763936,
            0.5482307319437713,
            0.5399903053805138,
            0.549684924866699,
            0.5448376151236064,
            0.5525933107125546,
            0.5443528841492972,
            0.5506543868153175,
            0.5433834222006786,
            0.5598642753271934
        ]
    },
    "32": {
        "mean": 0.552932622394571,
        "max": 0.5632573921473583,
        "min": 0.5443528841492972,
        "all": [
            0.5492001938923897,
            0.5540475036354823,
            0.551623848763936,
            0.5443528841492972,
            0.5530780416868638,
            0.5632573921473583,
            0.5545322346097916,
            0.5540475036354823,
            0.5550169655841009,
            0.5501696558410082
        ]
    },
    "64": {
        "mean": 0.5562287930198739,
        "max": 0.5642268540959767,
        "min": 0.5477460009694619,
        "all": [
            0.5569558894813379,
            0.5627726611730489,
            0.553562772661173,
            0.5477460009694619,
            0.5622879301987397,
            0.5506543868153175,
            0.5482307319437713,
            0.5598642753271934,
            0.5642268540959767,
            0.5559864275327193
        ]
    },
    "128": {
        "mean": 0.5599612215220553,
        "max": 0.564711585070286,
        "min": 0.5545322346097916,
        "all": [
            0.5588948133785749,
            0.5555016965584101,
            0.5632573921473583,
            0.5545322346097916,
            0.5642268540959767,
            0.5622879301987397,
            0.5569558894813379,
            0.564711585070286,
            0.5613184682501212,
            0.5579253514299564
        ]
    }
}