{
    "1": {
        "mean": 0.5864285714285713,
        "max": 0.6071428571428571,
        "min": 0.5642857142857143,
        "all": [
            0.5714285714285714,
            0.5785714285714286,
            0.6,
            0.5928571428571429,
            0.5928571428571429,
            0.6,
            0.6071428571428571,
            0.5642857142857143,
            0.5928571428571429,
            0.5642857142857143
        ]
    },
    "2": {
        "mean": 0.5964285714285713,
        "max": 0.65,
        "min": 0.5642857142857143,
        "all": [
            0.65,
            0.5714285714285714,
            0.5928571428571429,
            0.5714285714285714,
            0.6285714285714286,
            0.5928571428571429,
            0.6142857142857143,
            0.5857142857142857,
            0.5928571428571429,
            0.5642857142857143
        ]
    },
    "4": {
        "mean": 0.6007142857142856,
        "max": 0.6214285714285714,
        "min": 0.5857142857142857,
        "all": [
            0.5857142857142857,
            0.6071428571428571,
            0.6,
            0.6071428571428571,
            0.5857142857142857,
            0.6,
            0.6214285714285714,
            0.6,
            0.6,
            0.6
        ]
    },
    "8": {
        "mean": 0.6035714285714284,
        "max": 0.6142857142857143,
        "min": 0.5857142857142857,
        "all": [
            0.5857142857142857,
            0.6,
            0.6142857142857143,
            0.6071428571428571,
            0.5928571428571429,
            0.6071428571428571,
            0.6,
            0.6,
            0.6142857142857143,
            0.6142857142857143
        ]
    },
    "16": {
        "mean": 0.5942857142857143,
        "max": 0.6142857142857143,
        "min": 0.5785714285714286,
        "all": [
            0.5857142857142857,
            0.6071428571428571,
            0.5857142857142857,
            0.6142857142857143,
            0.5857142857142857,
            0.6,
            0.5785714285714286,
            0.6,
            0.6,
            0.5857142857142857
        ]
    },
    "32": {
        "mean": 0.597857142857143,
        "max": 0.6142857142857143,
        "min": 0.5714285714285714,
        "all": [
            0.6142857142857143,
            0.5857142857142857,
            0.5928571428571429,
            0.5928571428571429,
            0.6,
            0.5857142857142857,
            0.6142857142857143,
            0.6071428571428571,
            0.6142857142857143,
            0.5714285714285714
        ]
    },
    "64": {
        "mean": 0.5928571428571427,
        "max": 0.6071428571428571,
        "min": 0.5857142857142857,
        "all": [
            0.6071428571428571,
            0.5857142857142857,
            0.5857142857142857,
            0.5857142857142857,
            0.5928571428571429,
            0.6,
            0.6,
            0.5928571428571429,
            0.5857142857142857,
            0.5928571428571429
        ]
    },
    "128": {
        "mean": 0.5928571428571427,
        "max": 0.5928571428571429,
        "min": 0.5928571428571429,
        "all": [
            0.5928571428571429,
            0.5928571428571429,
            0.5928571428571429,
            0.5928571428571429,
            0.5928571428571429,
            0.5928571428571429,
            0.5928571428571429,
            0.5928571428571429,
            0.5928571428571429,
            0.5928571428571429
        ]
    }
}