{
    "1": {
        "mean": 0.31517241379310346,
        "max": 0.3448275862068966,
        "min": 0.2620689655172414,
        "all": [
            0.3448275862068966,
            0.2827586206896552,
            0.2689655172413793,
            0.33793103448275863,
            0.3310344827586207,
            0.2620689655172414,
            0.31724137931034485,
            0.3310344827586207,
            0.3310344827586207,
            0.3448275862068966
        ]
    },
    "2": {
        "mean": 0.343448275862069,
        "max": 0.3931034482758621,
        "min": 0.2896551724137931,
        "all": [
            0.3448275862068966,
            0.3448275862068966,
            0.32413793103448274,
            0.3310344827586207,
            0.3931034482758621,
            0.3310344827586207,
            0.3448275862068966,
            0.2896551724137931,
            0.3793103448275862,
            0.35172413793103446
        ]
    },
    "4": {
        "mean": 0.35931034482758617,
        "max": 0.38620689655172413,
        "min": 0.32413793103448274,
        "all": [
            0.35172413793103446,
            0.33793103448275863,
            0.3724137931034483,
            0.38620689655172413,
            0.38620689655172413,
            0.3310344827586207,
            0.32413793103448274,
            0.33793103448275863,
            0.38620689655172413,
            0.3793103448275862
        ]
    },
    "8": {
        "mean": 0.35517241379310344,
        "max": 0.4,
        "min": 0.27586206896551724,
        "all": [
            0.27586206896551724,
            0.33793103448275863,
            0.3793103448275862,
            0.3724137931034483,
            0.36551724137931035,
            0.3724137931034483,
            0.35172413793103446,
            0.3724137931034483,
            0.32413793103448274,
            0.4
        ]
    },
    "16": {
        "mean": 0.36137931034482756,
        "max": 0.38620689655172413,
        "min": 0.33793103448275863,
        "all": [
            0.3793103448275862,
            0.3448275862068966,
            0.3586206896551724,
            0.35172413793103446,
            0.3724137931034483,
            0.3793103448275862,
            0.35172413793103446,
            0.38620689655172413,
            0.33793103448275863,
            0.35172413793103446
        ]
    },
    "32": {
        "mean": 0.3717241379310344,
        "max": 0.41379310344827586,
        "min": 0.3448275862068966,
        "all": [
            0.3793103448275862,
            0.41379310344827586,
            0.3448275862068966,
            0.3586206896551724,
            0.4068965517241379,
            0.3448275862068966,
            0.35172413793103446,
            0.3724137931034483,
            0.38620689655172413,
            0.3586206896551724
        ]
    },
    "64": {
        "mean": 0.37034482758620685,
        "max": 0.4068965517241379,
        "min": 0.3310344827586207,
        "all": [
            0.36551724137931035,
            0.3724137931034483,
            0.3793103448275862,
            0.3724137931034483,
            0.3793103448275862,
            0.4068965517241379,
            0.3931034482758621,
            0.33793103448275863,
            0.3310344827586207,
            0.36551724137931035
        ]
    },
    "128": {
        "mean": 0.3793103448275862,
        "max": 0.3793103448275862,
        "min": 0.3793103448275862,
        "all": [
            0.3793103448275862,
            0.3793103448275862,
            0.3793103448275862,
            0.3793103448275862,
            0.3793103448275862,
            0.3793103448275862,
            0.3793103448275862,
            0.3793103448275862,
            0.3793103448275862,
            0.3793103448275862
        ]
    }
}