{
    "1": {
        "mean": 0.5780000000000001,
        "max": 0.6066666666666667,
        "min": 0.54,
        "all": [
            0.56,
            0.5866666666666667,
            0.5733333333333334,
            0.58,
            0.54,
            0.56,
            0.5933333333333334,
            0.5933333333333334,
            0.5866666666666667,
            0.6066666666666667
        ]
    },
    "2": {
        "mean": 0.6113333333333333,
        "max": 0.64,
        "min": 0.5733333333333334,
        "all": [
            0.5733333333333334,
            0.6066666666666667,
            0.5866666666666667,
            0.64,
            0.6333333333333333,
            0.6,
            0.6,
            0.6333333333333333,
            0.64,
            0.6
        ]
    },
    "4": {
        "mean": 0.6066666666666667,
        "max": 0.6466666666666666,
        "min": 0.5733333333333334,
        "all": [
            0.6133333333333333,
            0.6066666666666667,
            0.5866666666666667,
            0.62,
            0.5933333333333334,
            0.6266666666666667,
            0.6,
            0.6466666666666666,
            0.6,
            0.5733333333333334
        ]
    },
    "8": {
        "mean": 0.6206666666666665,
        "max": 0.6466666666666666,
        "min": 0.6,
        "all": [
            0.6066666666666667,
            0.62,
            0.62,
            0.6133333333333333,
            0.6333333333333333,
            0.6333333333333333,
            0.6466666666666666,
            0.6,
            0.6333333333333333,
            0.6
        ]
    },
    "16": {
        "mean": 0.6026666666666667,
        "max": 0.6266666666666667,
        "min": 0.5733333333333334,
        "all": [
            0.5733333333333334,
            0.6066666666666667,
            0.62,
            0.58,
            0.6066666666666667,
            0.62,
            0.6,
            0.6,
            0.5933333333333334,
            0.6266666666666667
        ]
    },
    "32": {
        "mean": 0.6059999999999999,
        "max": 0.6266666666666667,
        "min": 0.5666666666666667,
        "all": [
            0.6133333333333333,
            0.6266666666666667,
            0.6266666666666667,
            0.62,
            0.5666666666666667,
            0.6,
            0.6066666666666667,
            0.62,
            0.6,
            0.58
        ]
    },
    "64": {
        "mean": 0.6006666666666668,
        "max": 0.6266666666666667,
        "min": 0.58,
        "all": [
            0.6266666666666667,
            0.6,
            0.62,
            0.58,
            0.5866666666666667,
            0.6066666666666667,
            0.6,
            0.6133333333333333,
            0.5933333333333334,
            0.58
        ]
    },
    "128": {
        "mean": 0.5933333333333335,
        "max": 0.5933333333333334,
        "min": 0.5933333333333334,
        "all": [
            0.5933333333333334,
            0.5933333333333334,
            0.5933333333333334,
            0.5933333333333334,
            0.5933333333333334,
            0.5933333333333334,
            0.5933333333333334,
            0.5933333333333334,
            0.5933333333333334,
            0.5933333333333334
        ]
    }
}