{
    "1": {
        "mean": 0.5780000000000001,
        "max": 0.6066666666666667,
        "min": 0.54,
        "all": [
            0.56,
            0.5866666666666667,
            0.5733333333333334,
            0.58,
            0.54,
            0.56,
            0.5933333333333334,
            0.5933333333333334,
            0.5866666666666667,
            0.6066666666666667
        ]
    },
    "2": {
        "mean": 0.6186666666666667,
        "max": 0.6466666666666666,
        "min": 0.5866666666666667,
        "all": [
            0.6066666666666667,
            0.6266666666666667,
            0.5933333333333334,
            0.64,
            0.6266666666666667,
            0.6133333333333333,
            0.6066666666666667,
            0.6466666666666666,
            0.64,
            0.5866666666666667
        ]
    },
    "4": {
        "mean": 0.612,
        "max": 0.6533333333333333,
        "min": 0.58,
        "all": [
            0.6,
            0.5866666666666667,
            0.6133333333333333,
            0.6266666666666667,
            0.6266666666666667,
            0.62,
            0.6266666666666667,
            0.6533333333333333,
            0.5866666666666667,
            0.58
        ]
    },
    "8": {
        "mean": 0.6153333333333333,
        "max": 0.64,
        "min": 0.5866666666666667,
        "all": [
            0.6,
            0.64,
            0.6333333333333333,
            0.6066666666666667,
            0.6,
            0.6266666666666667,
            0.64,
            0.6066666666666667,
            0.6133333333333333,
            0.5866666666666667
        ]
    },
    "16": {
        "mean": 0.6140000000000001,
        "max": 0.6466666666666666,
        "min": 0.5933333333333334,
        "all": [
            0.62,
            0.6066666666666667,
            0.6466666666666666,
            0.5933333333333334,
            0.6,
            0.6,
            0.6066666666666667,
            0.62,
            0.6133333333333333,
            0.6333333333333333
        ]
    },
    "32": {
        "mean": 0.61,
        "max": 0.6333333333333333,
        "min": 0.5866666666666667,
        "all": [
            0.6333333333333333,
            0.5866666666666667,
            0.6066666666666667,
            0.6066666666666667,
            0.6333333333333333,
            0.5866666666666667,
            0.6333333333333333,
            0.6133333333333333,
            0.6,
            0.6
        ]
    },
    "64": {
        "mean": 0.608,
        "max": 0.6333333333333333,
        "min": 0.5933333333333334,
        "all": [
            0.62,
            0.6,
            0.6,
            0.5933333333333334,
            0.6133333333333333,
            0.6066666666666667,
            0.6333333333333333,
            0.6133333333333333,
            0.5933333333333334,
            0.6066666666666667
        ]
    },
    "128": {
        "mean": 0.6133333333333333,
        "max": 0.6133333333333333,
        "min": 0.6133333333333333,
        "all": [
            0.6133333333333333,
            0.6133333333333333,
            0.6133333333333333,
            0.6133333333333333,
            0.6133333333333333,
            0.6133333333333333,
            0.6133333333333333,
            0.6133333333333333,
            0.6133333333333333,
            0.6133333333333333
        ]
    }
}