{
    "1": {
        "mean": 0.48133333333333334,
        "max": 0.52,
        "min": 0.43333333333333335,
        "all": [
            0.5,
            0.46,
            0.5066666666666667,
            0.43333333333333335,
            0.5,
            0.49333333333333335,
            0.44666666666666666,
            0.52,
            0.4533333333333333,
            0.5
        ]
    },
    "2": {
        "mean": 0.49399999999999994,
        "max": 0.5333333333333333,
        "min": 0.44666666666666666,
        "all": [
            0.4866666666666667,
            0.5133333333333333,
            0.52,
            0.5133333333333333,
            0.44666666666666666,
            0.4866666666666667,
            0.4866666666666667,
            0.4666666666666667,
            0.4866666666666667,
            0.5333333333333333
        ]
    },
    "4": {
        "mean": 0.5119999999999999,
        "max": 0.56,
        "min": 0.4666666666666667,
        "all": [
            0.5266666666666666,
            0.5066666666666667,
            0.4666666666666667,
            0.5266666666666666,
            0.5133333333333333,
            0.49333333333333335,
            0.5133333333333333,
            0.49333333333333335,
            0.56,
            0.52
        ]
    },
    "8": {
        "mean": 0.5266666666666667,
        "max": 0.5533333333333333,
        "min": 0.5066666666666667,
        "all": [
            0.5066666666666667,
            0.5333333333333333,
            0.52,
            0.5066666666666667,
            0.52,
            0.5266666666666666,
            0.54,
            0.5533333333333333,
            0.5533333333333333,
            0.5066666666666667
        ]
    },
    "16": {
        "mean": 0.508,
        "max": 0.5533333333333333,
        "min": 0.48,
        "all": [
            0.5133333333333333,
            0.48,
            0.5533333333333333,
            0.54,
            0.48,
            0.5,
            0.5,
            0.5066666666666667,
            0.5,
            0.5066666666666667
        ]
    },
    "32": {
        "mean": 0.5146666666666667,
        "max": 0.56,
        "min": 0.47333333333333333,
        "all": [
            0.5533333333333333,
            0.4866666666666667,
            0.5533333333333333,
            0.54,
            0.5066666666666667,
            0.56,
            0.4866666666666667,
            0.4866666666666667,
            0.47333333333333333,
            0.5
        ]
    },
    "64": {
        "mean": 0.5193333333333332,
        "max": 0.5733333333333334,
        "min": 0.4866666666666667,
        "all": [
            0.4866666666666667,
            0.5,
            0.52,
            0.54,
            0.52,
            0.52,
            0.5133333333333333,
            0.5,
            0.52,
            0.5733333333333334
        ]
    },
    "128": {
        "mean": 0.5266666666666666,
        "max": 0.5266666666666666,
        "min": 0.5266666666666666,
        "all": [
            0.5266666666666666,
            0.5266666666666666,
            0.5266666666666666,
            0.5266666666666666,
            0.5266666666666666,
            0.5266666666666666,
            0.5266666666666666,
            0.5266666666666666,
            0.5266666666666666,
            0.5266666666666666
        ]
    }
}