{
    "1": {
        "mean": 0.4815317498788172,
        "max": 0.4968492486669898,
        "min": 0.4692195831313621,
        "all": [
            0.4968492486669898,
            0.47649054774600097,
            0.48618516723218613,
            0.4881240911294232,
            0.48327678138633057,
            0.48327678138633057,
            0.4774600096946195,
            0.4774600096946195,
            0.4769752787203102,
            0.4692195831313621
        ]
    },
    "2": {
        "mean": 0.5173048957828406,
        "max": 0.523509452253999,
        "min": 0.5094522539990305,
        "all": [
            0.5128453708191953,
            0.523509452253999,
            0.5210857973824528,
            0.5186621425109065,
            0.5191468734852157,
            0.5133301017935046,
            0.5094522539990305,
            0.5230247212796898,
            0.5191468734852157,
            0.5128453708191953
        ]
    },
    "4": {
        "mean": 0.5462918080465342,
        "max": 0.5588948133785749,
        "min": 0.5399903053805138,
        "all": [
            0.5443528841492972,
            0.5448376151236064,
            0.5419292292777509,
            0.5399903053805138,
            0.5492001938923897,
            0.5492001938923897,
            0.5419292292777509,
            0.5525933107125546,
            0.5399903053805138,
            0.5588948133785749
        ]
    },
    "8": {
        "mean": 0.561415414444983,
        "max": 0.5710130877363063,
        "min": 0.5501696558410082,
        "all": [
            0.5613184682501212,
            0.5584100824042656,
            0.5651963160445953,
            0.5584100824042656,
            0.5710130877363063,
            0.5632573921473583,
            0.5676199709161416,
            0.5598642753271934,
            0.5501696558410082,
            0.5588948133785749
        ]
    },
    "16": {
        "mean": 0.574551623848764,
        "max": 0.5826466311197286,
        "min": 0.5671352399418322,
        "all": [
            0.575860397479399,
            0.5826466311197286,
            0.5671352399418322,
            0.573921473582162,
            0.5681047018904508,
            0.575860397479399,
            0.5748909355307804,
            0.56858943286476,
            0.579738245273873,
            0.5787687833252545
        ]
    },
    "32": {
        "mean": 0.5815317498788172,
        "max": 0.5865244789142026,
        "min": 0.573921473582162,
        "all": [
            0.5821619001454192,
            0.573921473582162,
            0.5821619001454192,
            0.5807077072224915,
            0.5865244789142026,
            0.5845855550169656,
            0.5841008240426563,
            0.5782840523509453,
            0.5845855550169656,
            0.5782840523509453
        ]
    },
    "64": {
        "mean": 0.585506543868153,
        "max": 0.588948133785749,
        "min": 0.5811924381968008,
        "all": [
            0.5841008240426563,
            0.5865244789142026,
            0.5855550169655841,
            0.5860397479398933,
            0.5811924381968008,
            0.588948133785749,
            0.5821619001454192,
            0.5865244789142026,
            0.5874939408628211,
            0.5865244789142026
        ]
    },
    "128": {
        "mean": 0.5879786718371304,
        "max": 0.5879786718371304,
        "min": 0.5879786718371304,
        "all": [
            0.5879786718371304,
            0.5879786718371304,
            0.5879786718371304,
            0.5879786718371304,
            0.5879786718371304,
            0.5879786718371304,
            0.5879786718371304,
            0.5879786718371304,
            0.5879786718371304,
            0.5879786718371304
        ]
    }
}