{
    "1": {
        "mean": 0.4815317498788172,
        "max": 0.4968492486669898,
        "min": 0.4692195831313621,
        "all": [
            0.4968492486669898,
            0.47649054774600097,
            0.48618516723218613,
            0.4881240911294232,
            0.48327678138633057,
            0.48327678138633057,
            0.4774600096946195,
            0.4774600096946195,
            0.4769752787203102,
            0.4692195831313621
        ]
    },
    "2": {
        "mean": 0.516965584100824,
        "max": 0.5288414929714008,
        "min": 0.5041202132816287,
        "all": [
            0.5118759088705769,
            0.5288414929714008,
            0.5133301017935046,
            0.506543868153175,
            0.5230247212796898,
            0.523509452253999,
            0.5041202132816287,
            0.5244789142026175,
            0.5196316044595249,
            0.5142995637421232
        ]
    },
    "4": {
        "mean": 0.5427047988366457,
        "max": 0.5487154629180805,
        "min": 0.5341735336888027,
        "all": [
            0.5438681531749879,
            0.5438681531749879,
            0.5341735336888027,
            0.5487154629180805,
            0.5453223460979156,
            0.5443528841492972,
            0.5443528841492972,
            0.534658264663112,
            0.5395055744062045,
            0.5482307319437713
        ]
    },
    "8": {
        "mean": 0.5544352884149297,
        "max": 0.5598642753271934,
        "min": 0.5438681531749879,
        "all": [
            0.5559864275327193,
            0.5564711585070286,
            0.5598642753271934,
            0.5511391177896268,
            0.5569558894813379,
            0.5540475036354823,
            0.5593795443528842,
            0.5579253514299564,
            0.5487154629180805,
            0.5438681531749879
        ]
    },
    "16": {
        "mean": 0.5650024236548715,
        "max": 0.5714978187106156,
        "min": 0.5579253514299564,
        "all": [
            0.5690741638390693,
            0.5714978187106156,
            0.5598642753271934,
            0.5637421231216675,
            0.5618031992244304,
            0.5656810470189045,
            0.566650508967523,
            0.5579253514299564,
            0.5690741638390693,
            0.564711585070286
        ]
    },
    "32": {
        "mean": 0.5729035385361124,
        "max": 0.5787687833252545,
        "min": 0.5695588948133786,
        "all": [
            0.5744062045564712,
            0.5695588948133786,
            0.5787687833252545,
            0.5714978187106156,
            0.575860397479399,
            0.5724672806592341,
            0.5763451284537082,
            0.5700436257876879,
            0.5700436257876879,
            0.5700436257876879
        ]
    },
    "64": {
        "mean": 0.5783809985458072,
        "max": 0.58167716917111,
        "min": 0.5724672806592341,
        "all": [
            0.5792535142995637,
            0.5724672806592341,
            0.5807077072224915,
            0.5744062045564712,
            0.5792535142995637,
            0.58167716917111,
            0.5782840523509453,
            0.5753756665050896,
            0.58167716917111,
            0.5807077072224915
        ]
    },
    "128": {
        "mean": 0.5826466311197286,
        "max": 0.5826466311197286,
        "min": 0.5826466311197286,
        "all": [
            0.5826466311197286,
            0.5826466311197286,
            0.5826466311197286,
            0.5826466311197286,
            0.5826466311197286,
            0.5826466311197286,
            0.5826466311197286,
            0.5826466311197286,
            0.5826466311197286,
            0.5826466311197286
        ]
    }
}