{
    "1": {
        "mean": 0.5864285714285713,
        "max": 0.6071428571428571,
        "min": 0.5642857142857143,
        "all": [
            0.5714285714285714,
            0.5785714285714286,
            0.6,
            0.5928571428571429,
            0.5928571428571429,
            0.6,
            0.6071428571428571,
            0.5642857142857143,
            0.5928571428571429,
            0.5642857142857143
        ]
    },
    "2": {
        "mean": 0.5842857142857143,
        "max": 0.6214285714285714,
        "min": 0.5571428571428572,
        "all": [
            0.6214285714285714,
            0.5571428571428572,
            0.6142857142857143,
            0.5642857142857143,
            0.6142857142857143,
            0.5928571428571429,
            0.5714285714285714,
            0.5642857142857143,
            0.5571428571428572,
            0.5857142857142857
        ]
    },
    "4": {
        "mean": 0.5942857142857142,
        "max": 0.6214285714285714,
        "min": 0.5642857142857143,
        "all": [
            0.5928571428571429,
            0.6071428571428571,
            0.6071428571428571,
            0.5857142857142857,
            0.5857142857142857,
            0.6,
            0.5714285714285714,
            0.5642857142857143,
            0.6214285714285714,
            0.6071428571428571
        ]
    },
    "8": {
        "mean": 0.587142857142857,
        "max": 0.6357142857142857,
        "min": 0.5642857142857143,
        "all": [
            0.5785714285714286,
            0.5928571428571429,
            0.5714285714285714,
            0.5857142857142857,
            0.6,
            0.6357142857142857,
            0.5642857142857143,
            0.5714285714285714,
            0.6071428571428571,
            0.5642857142857143
        ]
    },
    "16": {
        "mean": 0.5914285714285713,
        "max": 0.6357142857142857,
        "min": 0.5214285714285715,
        "all": [
            0.6071428571428571,
            0.6357142857142857,
            0.5214285714285715,
            0.6071428571428571,
            0.5857142857142857,
            0.5785714285714286,
            0.5714285714285714,
            0.6071428571428571,
            0.5928571428571429,
            0.6071428571428571
        ]
    },
    "32": {
        "mean": 0.5764285714285713,
        "max": 0.6142857142857143,
        "min": 0.55,
        "all": [
            0.55,
            0.5785714285714286,
            0.6142857142857143,
            0.5571428571428572,
            0.5714285714285714,
            0.5857142857142857,
            0.5785714285714286,
            0.5642857142857143,
            0.5714285714285714,
            0.5928571428571429
        ]
    },
    "64": {
        "mean": 0.5864285714285713,
        "max": 0.6071428571428571,
        "min": 0.5642857142857143,
        "all": [
            0.5928571428571429,
            0.5642857142857143,
            0.5857142857142857,
            0.6,
            0.6071428571428571,
            0.5785714285714286,
            0.5642857142857143,
            0.6,
            0.5785714285714286,
            0.5928571428571429
        ]
    },
    "128": {
        "mean": 0.5785714285714285,
        "max": 0.5785714285714286,
        "min": 0.5785714285714286,
        "all": [
            0.5785714285714286,
            0.5785714285714286,
            0.5785714285714286,
            0.5785714285714286,
            0.5785714285714286,
            0.5785714285714286,
            0.5785714285714286,
            0.5785714285714286,
            0.5785714285714286,
            0.5785714285714286
        ]
    }
}