{
    "1": {
        "mean": 0.4815317498788172,
        "max": 0.4968492486669898,
        "min": 0.4692195831313621,
        "all": [
            0.4968492486669898,
            0.47649054774600097,
            0.48618516723218613,
            0.4881240911294232,
            0.48327678138633057,
            0.48327678138633057,
            0.4774600096946195,
            0.4774600096946195,
            0.4769752787203102,
            0.4692195831313621
        ]
    },
    "2": {
        "mean": 0.5191468734852156,
        "max": 0.5322346097915657,
        "min": 0.5109064469219583,
        "all": [
            0.5138148327678138,
            0.5322346097915657,
            0.5176926805622879,
            0.5109064469219583,
            0.5244789142026175,
            0.5210857973824528,
            0.5113911778962675,
            0.5244789142026175,
            0.521570528356762,
            0.5138148327678138
        ]
    },
    "4": {
        "mean": 0.541153659718856,
        "max": 0.5550169655841009,
        "min": 0.5259331071255453,
        "all": [
            0.5419292292777509,
            0.5380513814832768,
            0.5259331071255453,
            0.5550169655841009,
            0.5448376151236064,
            0.5428986912263694,
            0.5467765390208434,
            0.5327193407658749,
            0.5361124575860398,
            0.5472612699951527
        ]
    },
    "8": {
        "mean": 0.5470189045079981,
        "max": 0.5550169655841009,
        "min": 0.5361124575860398,
        "all": [
            0.5506543868153175,
            0.549684924866699,
            0.5414444983034415,
            0.5424139602520601,
            0.551623848763936,
            0.549684924866699,
            0.5550169655841009,
            0.5506543868153175,
            0.5428986912263694,
            0.5361124575860398
        ]
    },
    "16": {
        "mean": 0.5461463887542415,
        "max": 0.5550169655841009,
        "min": 0.5380513814832768,
        "all": [
            0.5550169655841009,
            0.5550169655841009,
            0.5409597673291323,
            0.5443528841492972,
            0.5458070770722249,
            0.5380513814832768,
            0.5501696558410082,
            0.5390208434318953,
            0.5448376151236064,
            0.5482307319437713
        ]
    },
    "32": {
        "mean": 0.5411536597188561,
        "max": 0.5472612699951527,
        "min": 0.5317498788172564,
        "all": [
            0.5462918080465342,
            0.5409597673291323,
            0.5414444983034415,
            0.5472612699951527,
            0.5317498788172564,
            0.5356277266117305,
            0.5467765390208434,
            0.5356277266117305,
            0.5438681531749879,
            0.5419292292777509
        ]
    },
    "64": {
        "mean": 0.5380513814832768,
        "max": 0.5448376151236064,
        "min": 0.5302956858943286,
        "all": [
            0.5361124575860398,
            0.5302956858943286,
            0.5351429956374212,
            0.5390208434318953,
            0.5448376151236064,
            0.5380513814832768,
            0.5395055744062045,
            0.5380513814832768,
            0.5390208434318953,
            0.5404750363548231
        ]
    },
    "128": {
        "mean": 0.5375666505089676,
        "max": 0.5375666505089676,
        "min": 0.5375666505089676,
        "all": [
            0.5375666505089676,
            0.5375666505089676,
            0.5375666505089676,
            0.5375666505089676,
            0.5375666505089676,
            0.5375666505089676,
            0.5375666505089676,
            0.5375666505089676,
            0.5375666505089676,
            0.5375666505089676
        ]
    }
}