{
    "1": {
        "mean": 0.4815317498788172,
        "max": 0.4968492486669898,
        "min": 0.4692195831313621,
        "all": [
            0.4968492486669898,
            0.47649054774600097,
            0.48618516723218613,
            0.4881240911294232,
            0.48327678138633057,
            0.48327678138633057,
            0.4774600096946195,
            0.4774600096946195,
            0.4769752787203102,
            0.4692195831313621
        ]
    },
    "2": {
        "mean": 0.5380513814832768,
        "max": 0.5530780416868638,
        "min": 0.5254483761512361,
        "all": [
            0.5317498788172564,
            0.5530780416868638,
            0.534658264663112,
            0.5375666505089676,
            0.5438681531749879,
            0.5433834222006786,
            0.5254483761512361,
            0.5399903053805138,
            0.5414444983034415,
            0.5293262239457102
        ]
    },
    "4": {
        "mean": 0.5783809985458072,
        "max": 0.58167716917111,
        "min": 0.5744062045564712,
        "all": [
            0.5748909355307804,
            0.5744062045564712,
            0.5807077072224915,
            0.579738245273873,
            0.579738245273873,
            0.5811924381968008,
            0.579738245273873,
            0.5744062045564712,
            0.5773145904023267,
            0.58167716917111
        ]
    },
    "8": {
        "mean": 0.6000969461948619,
        "max": 0.6068831798351915,
        "min": 0.5933107125545323,
        "all": [
            0.5986427532719341,
            0.5933107125545323,
            0.6000969461948619,
            0.5933107125545323,
            0.6015511391177897,
            0.5991274842462433,
            0.6068831798351915,
            0.605913717886573,
            0.5981580222976248,
            0.603974793989336
        ]
    },
    "16": {
        "mean": 0.6201648085312652,
        "max": 0.6277266117304896,
        "min": 0.6126999515269026,
        "all": [
            0.6253029568589433,
            0.6223945710130877,
            0.6126999515269026,
            0.6175472612699952,
            0.6194861851672322,
            0.62094037809016,
            0.6223945710130877,
            0.6146388754241396,
            0.6277266117304896,
            0.6185167232186136
        ]
    },
    "32": {
        "mean": 0.6279205041202133,
        "max": 0.6311197285506543,
        "min": 0.6238487639360155,
        "all": [
            0.6272418807561804,
            0.626757149781871,
            0.6296655356277266,
            0.6311197285506543,
            0.6311197285506543,
            0.6238487639360155,
            0.626757149781871,
            0.6272418807561804,
            0.6286960736791081,
            0.626757149781871
        ]
    },
    "64": {
        "mean": 0.6343674260785264,
        "max": 0.6383906931652933,
        "min": 0.6296655356277266,
        "all": [
            0.6364517692680562,
            0.6383906931652933,
            0.6369365002423655,
            0.6374212312166747,
            0.6320891904992729,
            0.63402811439651,
            0.6325739214735822,
            0.63402811439651,
            0.6320891904992729,
            0.6296655356277266
        ]
    },
    "128": {
        "mean": 0.6349975763451284,
        "max": 0.6349975763451284,
        "min": 0.6349975763451284,
        "all": [
            0.6349975763451284,
            0.6349975763451284,
            0.6349975763451284,
            0.6349975763451284,
            0.6349975763451284,
            0.6349975763451284,
            0.6349975763451284,
            0.6349975763451284,
            0.6349975763451284,
            0.6349975763451284
        ]
    }
}