{
    "1": {
        "mean": 0.4815317498788172,
        "max": 0.4968492486669898,
        "min": 0.4692195831313621,
        "all": [
            0.4968492486669898,
            0.47649054774600097,
            0.48618516723218613,
            0.4881240911294232,
            0.48327678138633057,
            0.48327678138633057,
            0.4774600096946195,
            0.4774600096946195,
            0.4769752787203102,
            0.4692195831313621
        ]
    },
    "2": {
        "mean": 0.5321861366941347,
        "max": 0.5467765390208434,
        "min": 0.5196316044595249,
        "all": [
            0.5239941832283083,
            0.5467765390208434,
            0.538536112457586,
            0.5370819195346582,
            0.5278720310227824,
            0.5298109549200194,
            0.5196316044595249,
            0.5341735336888027,
            0.5370819195346582,
            0.5269025690741639
        ]
    },
    "4": {
        "mean": 0.5710130877363063,
        "max": 0.5811924381968008,
        "min": 0.5632573921473583,
        "all": [
            0.5656810470189045,
            0.5695588948133786,
            0.56858943286476,
            0.5768298594280175,
            0.5782840523509453,
            0.5729520116335434,
            0.5632573921473583,
            0.5642268540959767,
            0.5695588948133786,
            0.5811924381968008
        ]
    },
    "8": {
        "mean": 0.5931168201648085,
        "max": 0.5971885603490062,
        "min": 0.5855550169655841,
        "all": [
            0.5957343674260785,
            0.5952496364517693,
            0.5928259815802229,
            0.5884634028114396,
            0.5937954435288415,
            0.5855550169655841,
            0.596703829374697,
            0.5937954435288415,
            0.5918565196316045,
            0.5971885603490062
        ]
    },
    "16": {
        "mean": 0.6101308773630635,
        "max": 0.6194861851672322,
        "min": 0.5962190984003878,
        "all": [
            0.6126999515269026,
            0.6073679108095007,
            0.605913717886573,
            0.6146388754241396,
            0.6126999515269026,
            0.605913717886573,
            0.6185167232186136,
            0.5962190984003878,
            0.6194861851672322,
            0.6078526417838099
        ]
    },
    "32": {
        "mean": 0.62355792535143,
        "max": 0.6325739214735822,
        "min": 0.6165777993213767,
        "all": [
            0.6325739214735822,
            0.6194861851672322,
            0.6204556471158507,
            0.6272418807561804,
            0.6204556471158507,
            0.6223945710130877,
            0.6291808046534173,
            0.6165777993213767,
            0.6243334949103247,
            0.622879301987397
        ]
    },
    "64": {
        "mean": 0.6306349975763451,
        "max": 0.6349975763451284,
        "min": 0.6238487639360155,
        "all": [
            0.6238487639360155,
            0.6330586524478914,
            0.6349975763451284,
            0.6316044595249637,
            0.6291808046534173,
            0.6272418807561804,
            0.6330586524478914,
            0.6291808046534173,
            0.6291808046534173,
            0.6349975763451284
        ]
    },
    "128": {
        "mean": 0.6364517692680562,
        "max": 0.6364517692680562,
        "min": 0.6364517692680562,
        "all": [
            0.6364517692680562,
            0.6364517692680562,
            0.6364517692680562,
            0.6364517692680562,
            0.6364517692680562,
            0.6364517692680562,
            0.6364517692680562,
            0.6364517692680562,
            0.6364517692680562,
            0.6364517692680562
        ]
    }
}