{
    "1": {
        "mean": 0.6838461538461539,
        "max": 0.7384615384615385,
        "min": 0.6384615384615384,
        "all": [
            0.6846153846153846,
            0.676923076923077,
            0.6538461538461539,
            0.7,
            0.6923076923076923,
            0.7384615384615385,
            0.6615384615384615,
            0.6384615384615384,
            0.6692307692307692,
            0.7230769230769231
        ]
    },
    "2": {
        "mean": 0.7346153846153847,
        "max": 0.7538461538461538,
        "min": 0.7076923076923077,
        "all": [
            0.7461538461538462,
            0.7538461538461538,
            0.7384615384615385,
            0.7384615384615385,
            0.7230769230769231,
            0.7230769230769231,
            0.7384615384615385,
            0.7307692307692307,
            0.7076923076923077,
            0.7461538461538462
        ]
    },
    "4": {
        "mean": 0.7584615384615384,
        "max": 0.7846153846153846,
        "min": 0.7307692307692307,
        "all": [
            0.7538461538461538,
            0.7384615384615385,
            0.7538461538461538,
            0.7538461538461538,
            0.7846153846153846,
            0.7538461538461538,
            0.7307692307692307,
            0.7692307692307693,
            0.7615384615384615,
            0.7846153846153846
        ]
    },
    "8": {
        "mean": 0.7569230769230769,
        "max": 0.7846153846153846,
        "min": 0.7230769230769231,
        "all": [
            0.7461538461538462,
            0.7615384615384615,
            0.7230769230769231,
            0.7538461538461538,
            0.7461538461538462,
            0.7615384615384615,
            0.7692307692307693,
            0.7461538461538462,
            0.7769230769230769,
            0.7846153846153846
        ]
    },
    "16": {
        "mean": 0.7699999999999999,
        "max": 0.7923076923076923,
        "min": 0.7384615384615385,
        "all": [
            0.7923076923076923,
            0.7538461538461538,
            0.7692307692307693,
            0.7538461538461538,
            0.7846153846153846,
            0.7384615384615385,
            0.7692307692307693,
            0.7923076923076923,
            0.7846153846153846,
            0.7615384615384615
        ]
    },
    "32": {
        "mean": 0.7723076923076923,
        "max": 0.7923076923076923,
        "min": 0.7461538461538462,
        "all": [
            0.7538461538461538,
            0.7846153846153846,
            0.7846153846153846,
            0.7538461538461538,
            0.7615384615384615,
            0.7923076923076923,
            0.7692307692307693,
            0.7923076923076923,
            0.7846153846153846,
            0.7461538461538462
        ]
    },
    "64": {
        "mean": 0.7746153846153845,
        "max": 0.7923076923076923,
        "min": 0.7538461538461538,
        "all": [
            0.7769230769230769,
            0.7692307692307693,
            0.7769230769230769,
            0.7538461538461538,
            0.7923076923076923,
            0.7692307692307693,
            0.7692307692307693,
            0.7846153846153846,
            0.7846153846153846,
            0.7692307692307693
        ]
    },
    "128": {
        "mean": 0.7923076923076923,
        "max": 0.7923076923076923,
        "min": 0.7923076923076923,
        "all": [
            0.7923076923076923,
            0.7923076923076923,
            0.7923076923076923,
            0.7923076923076923,
            0.7923076923076923,
            0.7923076923076923,
            0.7923076923076923,
            0.7923076923076923,
            0.7923076923076923,
            0.7923076923076923
        ]
    }
}