{
    "1": {
        "mean": 0.4815317498788172,
        "max": 0.4968492486669898,
        "min": 0.4692195831313621,
        "all": [
            0.4968492486669898,
            0.47649054774600097,
            0.48618516723218613,
            0.4881240911294232,
            0.48327678138633057,
            0.48327678138633057,
            0.4774600096946195,
            0.4774600096946195,
            0.4769752787203102,
            0.4692195831313621
        ]
    },
    "2": {
        "mean": 0.5125060591371788,
        "max": 0.5307804168686379,
        "min": 0.5016965584100824,
        "all": [
            0.5201163354338342,
            0.5191468734852157,
            0.5201163354338342,
            0.5089675230247213,
            0.5021812893843917,
            0.5016965584100824,
            0.5031507513330101,
            0.5307804168686379,
            0.5128453708191953,
            0.5060591371788657
        ]
    },
    "4": {
        "mean": 0.5478914202617547,
        "max": 0.5608337372758119,
        "min": 0.5390208434318953,
        "all": [
            0.5467765390208434,
            0.5487154629180805,
            0.5390208434318953,
            0.551623848763936,
            0.5540475036354823,
            0.5443528841492972,
            0.5424139602520601,
            0.551623848763936,
            0.5395055744062045,
            0.5608337372758119
        ]
    },
    "8": {
        "mean": 0.5693650024236548,
        "max": 0.5787687833252545,
        "min": 0.5613184682501212,
        "all": [
            0.5681047018904508,
            0.5656810470189045,
            0.5763451284537082,
            0.566650508967523,
            0.5787687833252545,
            0.5676199709161416,
            0.5724672806592341,
            0.5676199709161416,
            0.5613184682501212,
            0.5690741638390693
        ]
    },
    "16": {
        "mean": 0.5834222006786234,
        "max": 0.590887057682986,
        "min": 0.5782840523509453,
        "all": [
            0.5860397479398933,
            0.5879786718371304,
            0.5782840523509453,
            0.5811924381968008,
            0.5811924381968008,
            0.5787687833252545,
            0.590887057682986,
            0.5811924381968008,
            0.5845855550169656,
            0.5841008240426563
        ]
    },
    "32": {
        "mean": 0.5910809500727098,
        "max": 0.59476490547746,
        "min": 0.5850702859912749,
        "all": [
            0.590887057682986,
            0.5913717886572952,
            0.5870092098885119,
            0.59476490547746,
            0.59476490547746,
            0.5923412506059137,
            0.5937954435288415,
            0.5884634028114396,
            0.5923412506059137,
            0.5850702859912749
        ]
    },
    "64": {
        "mean": 0.5969461948618516,
        "max": 0.6030053320407174,
        "min": 0.5894328647600582,
        "all": [
            0.5942801745031507,
            0.5952496364517693,
            0.59476490547746,
            0.5933107125545323,
            0.5894328647600582,
            0.6010664081434803,
            0.6020358700920989,
            0.5986427532719341,
            0.6030053320407174,
            0.5976732913233156
        ]
    },
    "128": {
        "mean": 0.5996122152205527,
        "max": 0.5996122152205526,
        "min": 0.5996122152205526,
        "all": [
            0.5996122152205526,
            0.5996122152205526,
            0.5996122152205526,
            0.5996122152205526,
            0.5996122152205526,
            0.5996122152205526,
            0.5996122152205526,
            0.5996122152205526,
            0.5996122152205526,
            0.5996122152205526
        ]
    }
}