{
    "1": {
        "mean": 0.45533333333333337,
        "max": 0.4866666666666667,
        "min": 0.43333333333333335,
        "all": [
            0.44666666666666666,
            0.4533333333333333,
            0.46,
            0.4666666666666667,
            0.43333333333333335,
            0.44,
            0.4866666666666667,
            0.43333333333333335,
            0.46,
            0.47333333333333333
        ]
    },
    "2": {
        "mean": 0.4646666666666667,
        "max": 0.5,
        "min": 0.42,
        "all": [
            0.47333333333333333,
            0.4666666666666667,
            0.42,
            0.49333333333333335,
            0.43333333333333335,
            0.47333333333333333,
            0.5,
            0.4666666666666667,
            0.44666666666666666,
            0.47333333333333333
        ]
    },
    "4": {
        "mean": 0.44733333333333336,
        "max": 0.48,
        "min": 0.4266666666666667,
        "all": [
            0.44,
            0.4266666666666667,
            0.48,
            0.43333333333333335,
            0.44666666666666666,
            0.44666666666666666,
            0.4533333333333333,
            0.44666666666666666,
            0.44,
            0.46
        ]
    },
    "8": {
        "mean": 0.4406666666666667,
        "max": 0.48,
        "min": 0.38666666666666666,
        "all": [
            0.48,
            0.46,
            0.44666666666666666,
            0.44666666666666666,
            0.43333333333333335,
            0.4533333333333333,
            0.38666666666666666,
            0.4266666666666667,
            0.43333333333333335,
            0.44
        ]
    },
    "16": {
        "mean": 0.4253333333333333,
        "max": 0.46,
        "min": 0.3933333333333333,
        "all": [
            0.44,
            0.44666666666666666,
            0.42,
            0.3933333333333333,
            0.42,
            0.44666666666666666,
            0.3933333333333333,
            0.4066666666666667,
            0.46,
            0.4266666666666667
        ]
    },
    "32": {
        "mean": 0.42066666666666663,
        "max": 0.44666666666666666,
        "min": 0.37333333333333335,
        "all": [
            0.41333333333333333,
            0.43333333333333335,
            0.3933333333333333,
            0.44,
            0.44666666666666666,
            0.44,
            0.37333333333333335,
            0.3933333333333333,
            0.44666666666666666,
            0.4266666666666667
        ]
    },
    "64": {
        "mean": 0.4106666666666666,
        "max": 0.44,
        "min": 0.38666666666666666,
        "all": [
            0.42,
            0.41333333333333333,
            0.41333333333333333,
            0.38666666666666666,
            0.41333333333333333,
            0.42,
            0.42,
            0.3933333333333333,
            0.44,
            0.38666666666666666
        ]
    },
    "128": {
        "mean": 0.39333333333333337,
        "max": 0.3933333333333333,
        "min": 0.3933333333333333,
        "all": [
            0.3933333333333333,
            0.3933333333333333,
            0.3933333333333333,
            0.3933333333333333,
            0.3933333333333333,
            0.3933333333333333,
            0.3933333333333333,
            0.3933333333333333,
            0.3933333333333333,
            0.3933333333333333
        ]
    }
}