{
    "1": {
        "mean": 0.33333333333333337,
        "max": 0.38666666666666666,
        "min": 0.29333333333333333,
        "all": [
            0.31333333333333335,
            0.36666666666666664,
            0.32666666666666666,
            0.38666666666666666,
            0.35333333333333333,
            0.34,
            0.30666666666666664,
            0.32,
            0.32666666666666666,
            0.29333333333333333
        ]
    },
    "2": {
        "mean": 0.41866666666666674,
        "max": 0.4533333333333333,
        "min": 0.3466666666666667,
        "all": [
            0.4066666666666667,
            0.43333333333333335,
            0.42,
            0.44,
            0.3933333333333333,
            0.3466666666666667,
            0.4533333333333333,
            0.4066666666666667,
            0.44666666666666666,
            0.44
        ]
    },
    "4": {
        "mean": 0.44799999999999995,
        "max": 0.5,
        "min": 0.42,
        "all": [
            0.43333333333333335,
            0.44,
            0.4666666666666667,
            0.42,
            0.5,
            0.43333333333333335,
            0.4266666666666667,
            0.48,
            0.43333333333333335,
            0.44666666666666666
        ]
    },
    "8": {
        "mean": 0.46066666666666667,
        "max": 0.5066666666666667,
        "min": 0.43333333333333335,
        "all": [
            0.46,
            0.44,
            0.43333333333333335,
            0.44,
            0.43333333333333335,
            0.4533333333333333,
            0.5066666666666667,
            0.47333333333333333,
            0.48,
            0.4866666666666667
        ]
    },
    "16": {
        "mean": 0.48133333333333334,
        "max": 0.5266666666666666,
        "min": 0.4266666666666667,
        "all": [
            0.5266666666666666,
            0.49333333333333335,
            0.4533333333333333,
            0.47333333333333333,
            0.46,
            0.4666666666666667,
            0.5066666666666667,
            0.4266666666666667,
            0.5066666666666667,
            0.5
        ]
    },
    "32": {
        "mean": 0.47866666666666663,
        "max": 0.5,
        "min": 0.43333333333333335,
        "all": [
            0.49333333333333335,
            0.4533333333333333,
            0.5,
            0.49333333333333335,
            0.5,
            0.4533333333333333,
            0.5,
            0.43333333333333335,
            0.4666666666666667,
            0.49333333333333335
        ]
    },
    "64": {
        "mean": 0.49066666666666664,
        "max": 0.5333333333333333,
        "min": 0.4533333333333333,
        "all": [
            0.5066666666666667,
            0.4666666666666667,
            0.48,
            0.46,
            0.48,
            0.5333333333333333,
            0.5066666666666667,
            0.4533333333333333,
            0.5,
            0.52
        ]
    },
    "128": {
        "mean": 0.4800000000000001,
        "max": 0.48,
        "min": 0.48,
        "all": [
            0.48,
            0.48,
            0.48,
            0.48,
            0.48,
            0.48,
            0.48,
            0.48,
            0.48,
            0.48
        ]
    }
}