{
    "1": {
        "mean": 0.4174496644295302,
        "max": 0.4563758389261745,
        "min": 0.3691275167785235,
        "all": [
            0.4228187919463087,
            0.4228187919463087,
            0.3825503355704698,
            0.436241610738255,
            0.44966442953020136,
            0.38926174496644295,
            0.42953020134228187,
            0.3691275167785235,
            0.4161073825503356,
            0.4563758389261745
        ]
    },
    "2": {
        "mean": 0.4302013422818791,
        "max": 0.48322147651006714,
        "min": 0.3624161073825503,
        "all": [
            0.4161073825503356,
            0.4228187919463087,
            0.436241610738255,
            0.48322147651006714,
            0.436241610738255,
            0.4563758389261745,
            0.42953020134228187,
            0.3624161073825503,
            0.42953020134228187,
            0.42953020134228187
        ]
    },
    "4": {
        "mean": 0.42080536912751676,
        "max": 0.4429530201342282,
        "min": 0.38926174496644295,
        "all": [
            0.4429530201342282,
            0.38926174496644295,
            0.4161073825503356,
            0.4161073825503356,
            0.4429530201342282,
            0.40939597315436244,
            0.4161073825503356,
            0.42953020134228187,
            0.42953020134228187,
            0.4161073825503356
        ]
    },
    "8": {
        "mean": 0.43087248322147653,
        "max": 0.4563758389261745,
        "min": 0.40268456375838924,
        "all": [
            0.4429530201342282,
            0.40939597315436244,
            0.42953020134228187,
            0.4228187919463087,
            0.40268456375838924,
            0.4429530201342282,
            0.436241610738255,
            0.42953020134228187,
            0.436241610738255,
            0.4563758389261745
        ]
    },
    "16": {
        "mean": 0.42953020134228187,
        "max": 0.46308724832214765,
        "min": 0.38926174496644295,
        "all": [
            0.4429530201342282,
            0.46308724832214765,
            0.40939597315436244,
            0.436241610738255,
            0.4228187919463087,
            0.44966442953020136,
            0.42953020134228187,
            0.38926174496644295,
            0.4228187919463087,
            0.42953020134228187
        ]
    },
    "32": {
        "mean": 0.4322147651006712,
        "max": 0.44966442953020136,
        "min": 0.4228187919463087,
        "all": [
            0.4228187919463087,
            0.4228187919463087,
            0.4429530201342282,
            0.42953020134228187,
            0.436241610738255,
            0.44966442953020136,
            0.42953020134228187,
            0.42953020134228187,
            0.436241610738255,
            0.4228187919463087
        ]
    },
    "64": {
        "mean": 0.4402684563758389,
        "max": 0.4563758389261745,
        "min": 0.42953020134228187,
        "all": [
            0.4429530201342282,
            0.436241610738255,
            0.4429530201342282,
            0.436241610738255,
            0.42953020134228187,
            0.4563758389261745,
            0.436241610738255,
            0.4429530201342282,
            0.436241610738255,
            0.4429530201342282
        ]
    },
    "128": {
        "mean": 0.4429530201342282,
        "max": 0.4429530201342282,
        "min": 0.4429530201342282,
        "all": [
            0.4429530201342282,
            0.4429530201342282,
            0.4429530201342282,
            0.4429530201342282,
            0.4429530201342282,
            0.4429530201342282,
            0.4429530201342282,
            0.4429530201342282,
            0.4429530201342282,
            0.4429530201342282
        ]
    }
}