{
    "1": {
        "mean": 0.4815317498788172,
        "max": 0.4968492486669898,
        "min": 0.4692195831313621,
        "all": [
            0.4968492486669898,
            0.47649054774600097,
            0.48618516723218613,
            0.4881240911294232,
            0.48327678138633057,
            0.48327678138633057,
            0.4774600096946195,
            0.4774600096946195,
            0.4769752787203102,
            0.4692195831313621
        ]
    },
    "2": {
        "mean": 0.5208434318952981,
        "max": 0.5370819195346582,
        "min": 0.5128453708191953,
        "all": [
            0.5181774115365972,
            0.5370819195346582,
            0.5196316044595249,
            0.5244789142026175,
            0.5157537566650509,
            0.5162384876393602,
            0.5128453708191953,
            0.5264178380998545,
            0.5220552593310712,
            0.5157537566650509
        ]
    },
    "4": {
        "mean": 0.5476490547746,
        "max": 0.5569558894813379,
        "min": 0.5370819195346582,
        "all": [
            0.5472612699951527,
            0.5477460009694619,
            0.5467765390208434,
            0.5370819195346582,
            0.551623848763936,
            0.5525933107125546,
            0.5438681531749879,
            0.5530780416868638,
            0.5395055744062045,
            0.5569558894813379
        ]
    },
    "8": {
        "mean": 0.5643238002908385,
        "max": 0.5753756665050896,
        "min": 0.551623848763936,
        "all": [
            0.5656810470189045,
            0.5584100824042656,
            0.566650508967523,
            0.5613184682501212,
            0.5753756665050896,
            0.564711585070286,
            0.5705283567619971,
            0.5642268540959767,
            0.551623848763936,
            0.564711585070286
        ]
    },
    "16": {
        "mean": 0.5779932137663597,
        "max": 0.5850702859912749,
        "min": 0.5681047018904508,
        "all": [
            0.5753756665050896,
            0.5850702859912749,
            0.5681047018904508,
            0.5787687833252545,
            0.5729520116335434,
            0.5782840523509453,
            0.5807077072224915,
            0.5734367426078526,
            0.5845855550169656,
            0.5826466311197286
        ]
    },
    "32": {
        "mean": 0.584343189529811,
        "max": 0.5928259815802229,
        "min": 0.5782840523509453,
        "all": [
            0.5821619001454192,
            0.5782840523509453,
            0.58167716917111,
            0.5841008240426563,
            0.5874939408628211,
            0.588948133785749,
            0.5928259815802229,
            0.5792535142995637,
            0.5879786718371304,
            0.5807077072224915
        ]
    },
    "64": {
        "mean": 0.5870576829859427,
        "max": 0.5899175957343674,
        "min": 0.5841008240426563,
        "all": [
            0.5841008240426563,
            0.588948133785749,
            0.5874939408628211,
            0.5874939408628211,
            0.5841008240426563,
            0.5894328647600582,
            0.5879786718371304,
            0.5845855550169656,
            0.5899175957343674,
            0.5865244789142026
        ]
    },
    "128": {
        "mean": 0.5913717886572953,
        "max": 0.5913717886572952,
        "min": 0.5913717886572952,
        "all": [
            0.5913717886572952,
            0.5913717886572952,
            0.5913717886572952,
            0.5913717886572952,
            0.5913717886572952,
            0.5913717886572952,
            0.5913717886572952,
            0.5913717886572952,
            0.5913717886572952,
            0.5913717886572952
        ]
    }
}