{
    "1": {
        "mean": 0.5248322147651007,
        "max": 0.5369127516778524,
        "min": 0.48322147651006714,
        "all": [
            0.5302013422818792,
            0.5369127516778524,
            0.5234899328859061,
            0.5302013422818792,
            0.5369127516778524,
            0.5369127516778524,
            0.5302013422818792,
            0.48322147651006714,
            0.5167785234899329,
            0.5234899328859061
        ]
    },
    "2": {
        "mean": 0.5644295302013422,
        "max": 0.5906040268456376,
        "min": 0.5369127516778524,
        "all": [
            0.5503355704697986,
            0.5637583892617449,
            0.5570469798657718,
            0.5503355704697986,
            0.5570469798657718,
            0.5369127516778524,
            0.5704697986577181,
            0.5838926174496645,
            0.5838926174496645,
            0.5906040268456376
        ]
    },
    "4": {
        "mean": 0.6100671140939598,
        "max": 0.6442953020134228,
        "min": 0.5838926174496645,
        "all": [
            0.6040268456375839,
            0.5838926174496645,
            0.6174496644295302,
            0.6174496644295302,
            0.6174496644295302,
            0.5973154362416108,
            0.6442953020134228,
            0.6308724832214765,
            0.5838926174496645,
            0.6040268456375839
        ]
    },
    "8": {
        "mean": 0.6261744966442955,
        "max": 0.6510067114093959,
        "min": 0.6040268456375839,
        "all": [
            0.6375838926174496,
            0.6308724832214765,
            0.6174496644295302,
            0.6174496644295302,
            0.6040268456375839,
            0.6442953020134228,
            0.6510067114093959,
            0.6375838926174496,
            0.610738255033557,
            0.610738255033557
        ]
    },
    "16": {
        "mean": 0.6275167785234899,
        "max": 0.6577181208053692,
        "min": 0.5973154362416108,
        "all": [
            0.6040268456375839,
            0.6308724832214765,
            0.6308724832214765,
            0.6442953020134228,
            0.6241610738255033,
            0.6577181208053692,
            0.6174496644295302,
            0.5973154362416108,
            0.6241610738255033,
            0.6442953020134228
        ]
    },
    "32": {
        "mean": 0.6436241610738256,
        "max": 0.6711409395973155,
        "min": 0.6174496644295302,
        "all": [
            0.6442953020134228,
            0.6174496644295302,
            0.6577181208053692,
            0.6375838926174496,
            0.6577181208053692,
            0.6308724832214765,
            0.6375838926174496,
            0.6644295302013423,
            0.6174496644295302,
            0.6711409395973155
        ]
    },
    "64": {
        "mean": 0.6503355704697986,
        "max": 0.6711409395973155,
        "min": 0.6241610738255033,
        "all": [
            0.6510067114093959,
            0.6644295302013423,
            0.6711409395973155,
            0.6241610738255033,
            0.6375838926174496,
            0.6577181208053692,
            0.6510067114093959,
            0.6442953020134228,
            0.6442953020134228,
            0.6577181208053692
        ]
    },
    "128": {
        "mean": 0.6577181208053692,
        "max": 0.6577181208053692,
        "min": 0.6577181208053692,
        "all": [
            0.6577181208053692,
            0.6577181208053692,
            0.6577181208053692,
            0.6577181208053692,
            0.6577181208053692,
            0.6577181208053692,
            0.6577181208053692,
            0.6577181208053692,
            0.6577181208053692,
            0.6577181208053692
        ]
    }
}