{
    "1": {
        "mean": 0.5293333333333334,
        "max": 0.5733333333333334,
        "min": 0.48,
        "all": [
            0.5133333333333333,
            0.49333333333333335,
            0.5066666666666667,
            0.56,
            0.48,
            0.56,
            0.5,
            0.5733333333333334,
            0.5533333333333333,
            0.5533333333333333
        ]
    },
    "2": {
        "mean": 0.5353333333333334,
        "max": 0.5866666666666667,
        "min": 0.5066666666666667,
        "all": [
            0.5466666666666666,
            0.5733333333333334,
            0.5266666666666666,
            0.5066666666666667,
            0.52,
            0.54,
            0.5333333333333333,
            0.5866666666666667,
            0.5066666666666667,
            0.5133333333333333
        ]
    },
    "4": {
        "mean": 0.5313333333333334,
        "max": 0.56,
        "min": 0.49333333333333335,
        "all": [
            0.54,
            0.54,
            0.5133333333333333,
            0.5333333333333333,
            0.5333333333333333,
            0.49333333333333335,
            0.54,
            0.56,
            0.5533333333333333,
            0.5066666666666667
        ]
    },
    "8": {
        "mean": 0.5353333333333333,
        "max": 0.56,
        "min": 0.5066666666666667,
        "all": [
            0.52,
            0.5333333333333333,
            0.5066666666666667,
            0.5533333333333333,
            0.5466666666666666,
            0.5266666666666666,
            0.56,
            0.5466666666666666,
            0.54,
            0.52
        ]
    },
    "16": {
        "mean": 0.522,
        "max": 0.5333333333333333,
        "min": 0.4866666666666667,
        "all": [
            0.5333333333333333,
            0.5133333333333333,
            0.5266666666666666,
            0.5333333333333333,
            0.5333333333333333,
            0.5266666666666666,
            0.4866666666666667,
            0.5333333333333333,
            0.5066666666666667,
            0.5266666666666666
        ]
    },
    "32": {
        "mean": 0.5119999999999999,
        "max": 0.5266666666666666,
        "min": 0.4866666666666667,
        "all": [
            0.5266666666666666,
            0.52,
            0.5,
            0.5133333333333333,
            0.5066666666666667,
            0.5266666666666666,
            0.5133333333333333,
            0.52,
            0.5066666666666667,
            0.4866666666666667
        ]
    },
    "64": {
        "mean": 0.5006666666666667,
        "max": 0.5133333333333333,
        "min": 0.47333333333333333,
        "all": [
            0.47333333333333333,
            0.5,
            0.5,
            0.5,
            0.5066666666666667,
            0.49333333333333335,
            0.5133333333333333,
            0.5133333333333333,
            0.5,
            0.5066666666666667
        ]
    },
    "128": {
        "mean": 0.49333333333333335,
        "max": 0.49333333333333335,
        "min": 0.49333333333333335,
        "all": [
            0.49333333333333335,
            0.49333333333333335,
            0.49333333333333335,
            0.49333333333333335,
            0.49333333333333335,
            0.49333333333333335,
            0.49333333333333335,
            0.49333333333333335,
            0.49333333333333335,
            0.49333333333333335
        ]
    }
}