{
    "1": {
        "mean": 0.31517241379310346,
        "max": 0.3448275862068966,
        "min": 0.2620689655172414,
        "all": [
            0.3448275862068966,
            0.2827586206896552,
            0.2689655172413793,
            0.33793103448275863,
            0.3310344827586207,
            0.2620689655172414,
            0.31724137931034485,
            0.3310344827586207,
            0.3310344827586207,
            0.3448275862068966
        ]
    },
    "2": {
        "mean": 0.3213793103448276,
        "max": 0.36551724137931035,
        "min": 0.2689655172413793,
        "all": [
            0.36551724137931035,
            0.31724137931034485,
            0.32413793103448274,
            0.3448275862068966,
            0.3103448275862069,
            0.30344827586206896,
            0.2689655172413793,
            0.32413793103448274,
            0.3310344827586207,
            0.32413793103448274
        ]
    },
    "4": {
        "mean": 0.34344827586206894,
        "max": 0.4068965517241379,
        "min": 0.30344827586206896,
        "all": [
            0.3310344827586207,
            0.3586206896551724,
            0.3586206896551724,
            0.4068965517241379,
            0.3586206896551724,
            0.3103448275862069,
            0.3448275862068966,
            0.30344827586206896,
            0.32413793103448274,
            0.33793103448275863
        ]
    },
    "8": {
        "mean": 0.33448275862068966,
        "max": 0.38620689655172413,
        "min": 0.296551724137931,
        "all": [
            0.296551724137931,
            0.3103448275862069,
            0.36551724137931035,
            0.38620689655172413,
            0.31724137931034485,
            0.31724137931034485,
            0.31724137931034485,
            0.33793103448275863,
            0.38620689655172413,
            0.3103448275862069
        ]
    },
    "16": {
        "mean": 0.31724137931034485,
        "max": 0.3793103448275862,
        "min": 0.27586206896551724,
        "all": [
            0.3793103448275862,
            0.3103448275862069,
            0.32413793103448274,
            0.27586206896551724,
            0.30344827586206896,
            0.296551724137931,
            0.3310344827586207,
            0.30344827586206896,
            0.3310344827586207,
            0.31724137931034485
        ]
    },
    "32": {
        "mean": 0.3296551724137931,
        "max": 0.3793103448275862,
        "min": 0.296551724137931,
        "all": [
            0.36551724137931035,
            0.31724137931034485,
            0.3103448275862069,
            0.3793103448275862,
            0.3448275862068966,
            0.296551724137931,
            0.30344827586206896,
            0.3310344827586207,
            0.3103448275862069,
            0.33793103448275863
        ]
    },
    "64": {
        "mean": 0.32482758620689656,
        "max": 0.35172413793103446,
        "min": 0.2896551724137931,
        "all": [
            0.2896551724137931,
            0.3448275862068966,
            0.30344827586206896,
            0.35172413793103446,
            0.3310344827586207,
            0.3103448275862069,
            0.32413793103448274,
            0.33793103448275863,
            0.30344827586206896,
            0.35172413793103446
        ]
    },
    "128": {
        "mean": 0.34482758620689663,
        "max": 0.3448275862068966,
        "min": 0.3448275862068966,
        "all": [
            0.3448275862068966,
            0.3448275862068966,
            0.3448275862068966,
            0.3448275862068966,
            0.3448275862068966,
            0.3448275862068966,
            0.3448275862068966,
            0.3448275862068966,
            0.3448275862068966,
            0.3448275862068966
        ]
    }
}