{
    "1": {
        "mean": 0.31517241379310346,
        "max": 0.3448275862068966,
        "min": 0.2620689655172414,
        "all": [
            0.3448275862068966,
            0.2827586206896552,
            0.2689655172413793,
            0.33793103448275863,
            0.3310344827586207,
            0.2620689655172414,
            0.31724137931034485,
            0.3310344827586207,
            0.3310344827586207,
            0.3448275862068966
        ]
    },
    "2": {
        "mean": 0.3137931034482759,
        "max": 0.3586206896551724,
        "min": 0.27586206896551724,
        "all": [
            0.3310344827586207,
            0.31724137931034485,
            0.296551724137931,
            0.27586206896551724,
            0.3586206896551724,
            0.35172413793103446,
            0.30344827586206896,
            0.2827586206896552,
            0.30344827586206896,
            0.31724137931034485
        ]
    },
    "4": {
        "mean": 0.31517241379310346,
        "max": 0.3724137931034483,
        "min": 0.25517241379310346,
        "all": [
            0.296551724137931,
            0.3103448275862069,
            0.36551724137931035,
            0.3724137931034483,
            0.3310344827586207,
            0.2689655172413793,
            0.25517241379310346,
            0.2827586206896552,
            0.30344827586206896,
            0.36551724137931035
        ]
    },
    "8": {
        "mean": 0.2972413793103449,
        "max": 0.3310344827586207,
        "min": 0.2482758620689655,
        "all": [
            0.25517241379310346,
            0.30344827586206896,
            0.31724137931034485,
            0.2482758620689655,
            0.27586206896551724,
            0.3103448275862069,
            0.30344827586206896,
            0.32413793103448274,
            0.3310344827586207,
            0.30344827586206896
        ]
    },
    "16": {
        "mean": 0.30896551724137933,
        "max": 0.33793103448275863,
        "min": 0.2482758620689655,
        "all": [
            0.3310344827586207,
            0.30344827586206896,
            0.33793103448275863,
            0.27586206896551724,
            0.33793103448275863,
            0.2896551724137931,
            0.3103448275862069,
            0.32413793103448274,
            0.3310344827586207,
            0.2482758620689655
        ]
    },
    "32": {
        "mean": 0.29172413793103447,
        "max": 0.32413793103448274,
        "min": 0.25517241379310346,
        "all": [
            0.30344827586206896,
            0.25517241379310346,
            0.27586206896551724,
            0.2896551724137931,
            0.32413793103448274,
            0.296551724137931,
            0.30344827586206896,
            0.2827586206896552,
            0.3103448275862069,
            0.27586206896551724
        ]
    },
    "64": {
        "mean": 0.3062068965517241,
        "max": 0.3310344827586207,
        "min": 0.2827586206896552,
        "all": [
            0.30344827586206896,
            0.3103448275862069,
            0.2896551724137931,
            0.2827586206896552,
            0.31724137931034485,
            0.296551724137931,
            0.3103448275862069,
            0.3310344827586207,
            0.3103448275862069,
            0.3103448275862069
        ]
    },
    "128": {
        "mean": 0.303448275862069,
        "max": 0.30344827586206896,
        "min": 0.30344827586206896,
        "all": [
            0.30344827586206896,
            0.30344827586206896,
            0.30344827586206896,
            0.30344827586206896,
            0.30344827586206896,
            0.30344827586206896,
            0.30344827586206896,
            0.30344827586206896,
            0.30344827586206896,
            0.30344827586206896
        ]
    }
}