{
    "1": {
        "mean": 0.31517241379310346,
        "max": 0.3448275862068966,
        "min": 0.2620689655172414,
        "all": [
            0.3448275862068966,
            0.2827586206896552,
            0.2689655172413793,
            0.33793103448275863,
            0.3310344827586207,
            0.2620689655172414,
            0.31724137931034485,
            0.3310344827586207,
            0.3310344827586207,
            0.3448275862068966
        ]
    },
    "2": {
        "mean": 0.3268965517241379,
        "max": 0.3724137931034483,
        "min": 0.2827586206896552,
        "all": [
            0.3724137931034483,
            0.33793103448275863,
            0.3103448275862069,
            0.3310344827586207,
            0.3586206896551724,
            0.32413793103448274,
            0.30344827586206896,
            0.2827586206896552,
            0.31724137931034485,
            0.3310344827586207
        ]
    },
    "4": {
        "mean": 0.33586206896551724,
        "max": 0.38620689655172413,
        "min": 0.2827586206896552,
        "all": [
            0.2827586206896552,
            0.3586206896551724,
            0.3310344827586207,
            0.38620689655172413,
            0.31724137931034485,
            0.32413793103448274,
            0.3448275862068966,
            0.33793103448275863,
            0.32413793103448274,
            0.35172413793103446
        ]
    },
    "8": {
        "mean": 0.32620689655172413,
        "max": 0.3724137931034483,
        "min": 0.296551724137931,
        "all": [
            0.31724137931034485,
            0.30344827586206896,
            0.3724137931034483,
            0.32413793103448274,
            0.30344827586206896,
            0.31724137931034485,
            0.32413793103448274,
            0.3586206896551724,
            0.3448275862068966,
            0.296551724137931
        ]
    },
    "16": {
        "mean": 0.34,
        "max": 0.4068965517241379,
        "min": 0.2896551724137931,
        "all": [
            0.4068965517241379,
            0.38620689655172413,
            0.2896551724137931,
            0.31724137931034485,
            0.3586206896551724,
            0.32413793103448274,
            0.3310344827586207,
            0.35172413793103446,
            0.31724137931034485,
            0.31724137931034485
        ]
    },
    "32": {
        "mean": 0.3110344827586207,
        "max": 0.33793103448275863,
        "min": 0.2689655172413793,
        "all": [
            0.296551724137931,
            0.296551724137931,
            0.31724137931034485,
            0.3103448275862069,
            0.32413793103448274,
            0.32413793103448274,
            0.2689655172413793,
            0.33793103448275863,
            0.30344827586206896,
            0.3310344827586207
        ]
    },
    "64": {
        "mean": 0.31517241379310346,
        "max": 0.33793103448275863,
        "min": 0.2827586206896552,
        "all": [
            0.3310344827586207,
            0.31724137931034485,
            0.32413793103448274,
            0.30344827586206896,
            0.33793103448275863,
            0.2827586206896552,
            0.296551724137931,
            0.33793103448275863,
            0.3103448275862069,
            0.3103448275862069
        ]
    },
    "128": {
        "mean": 0.303448275862069,
        "max": 0.30344827586206896,
        "min": 0.30344827586206896,
        "all": [
            0.30344827586206896,
            0.30344827586206896,
            0.30344827586206896,
            0.30344827586206896,
            0.30344827586206896,
            0.30344827586206896,
            0.30344827586206896,
            0.30344827586206896,
            0.30344827586206896,
            0.30344827586206896
        ]
    }
}