{
    "1": {
        "mean": 0.4174496644295302,
        "max": 0.4563758389261745,
        "min": 0.3691275167785235,
        "all": [
            0.4228187919463087,
            0.4228187919463087,
            0.3825503355704698,
            0.436241610738255,
            0.44966442953020136,
            0.38926174496644295,
            0.42953020134228187,
            0.3691275167785235,
            0.4161073825503356,
            0.4563758389261745
        ]
    },
    "2": {
        "mean": 0.4275167785234899,
        "max": 0.4563758389261745,
        "min": 0.37583892617449666,
        "all": [
            0.4161073825503356,
            0.42953020134228187,
            0.40939597315436244,
            0.4563758389261745,
            0.436241610738255,
            0.40939597315436244,
            0.44966442953020136,
            0.37583892617449666,
            0.44966442953020136,
            0.4429530201342282
        ]
    },
    "4": {
        "mean": 0.43288590604026844,
        "max": 0.47651006711409394,
        "min": 0.40268456375838924,
        "all": [
            0.4429530201342282,
            0.4228187919463087,
            0.4161073825503356,
            0.42953020134228187,
            0.46308724832214765,
            0.40268456375838924,
            0.4228187919463087,
            0.4228187919463087,
            0.42953020134228187,
            0.47651006711409394
        ]
    },
    "8": {
        "mean": 0.4348993288590604,
        "max": 0.4563758389261745,
        "min": 0.40268456375838924,
        "all": [
            0.4563758389261745,
            0.4228187919463087,
            0.42953020134228187,
            0.4429530201342282,
            0.40268456375838924,
            0.4563758389261745,
            0.42953020134228187,
            0.4228187919463087,
            0.436241610738255,
            0.44966442953020136
        ]
    },
    "16": {
        "mean": 0.41140939597315435,
        "max": 0.4429530201342282,
        "min": 0.3825503355704698,
        "all": [
            0.4228187919463087,
            0.4429530201342282,
            0.4228187919463087,
            0.40268456375838924,
            0.3825503355704698,
            0.4161073825503356,
            0.3825503355704698,
            0.4161073825503356,
            0.4161073825503356,
            0.40939597315436244
        ]
    },
    "32": {
        "mean": 0.41946308724832215,
        "max": 0.4429530201342282,
        "min": 0.3959731543624161,
        "all": [
            0.40939597315436244,
            0.436241610738255,
            0.3959731543624161,
            0.42953020134228187,
            0.4161073825503356,
            0.4161073825503356,
            0.40939597315436244,
            0.4161073825503356,
            0.4228187919463087,
            0.4429530201342282
        ]
    },
    "64": {
        "mean": 0.4174496644295302,
        "max": 0.44966442953020136,
        "min": 0.3825503355704698,
        "all": [
            0.3959731543624161,
            0.44966442953020136,
            0.4228187919463087,
            0.40268456375838924,
            0.436241610738255,
            0.3825503355704698,
            0.4161073825503356,
            0.40939597315436244,
            0.436241610738255,
            0.4228187919463087
        ]
    },
    "128": {
        "mean": 0.4228187919463087,
        "max": 0.4228187919463087,
        "min": 0.4228187919463087,
        "all": [
            0.4228187919463087,
            0.4228187919463087,
            0.4228187919463087,
            0.4228187919463087,
            0.4228187919463087,
            0.4228187919463087,
            0.4228187919463087,
            0.4228187919463087,
            0.4228187919463087,
            0.4228187919463087
        ]
    }
}