{
    "1": {
        "mean": 0.4326666666666667,
        "max": 0.4866666666666667,
        "min": 0.36666666666666664,
        "all": [
            0.43333333333333335,
            0.42,
            0.47333333333333333,
            0.36666666666666664,
            0.44,
            0.4866666666666667,
            0.38,
            0.41333333333333333,
            0.4666666666666667,
            0.44666666666666666
        ]
    },
    "2": {
        "mean": 0.5006666666666667,
        "max": 0.54,
        "min": 0.46,
        "all": [
            0.5,
            0.49333333333333335,
            0.5133333333333333,
            0.54,
            0.5066666666666667,
            0.5333333333333333,
            0.4866666666666667,
            0.4866666666666667,
            0.4866666666666667,
            0.46
        ]
    },
    "4": {
        "mean": 0.5526666666666668,
        "max": 0.5933333333333334,
        "min": 0.52,
        "all": [
            0.56,
            0.56,
            0.5333333333333333,
            0.5466666666666666,
            0.5666666666666667,
            0.52,
            0.5533333333333333,
            0.56,
            0.5933333333333334,
            0.5333333333333333
        ]
    },
    "8": {
        "mean": 0.6113333333333333,
        "max": 0.6466666666666666,
        "min": 0.58,
        "all": [
            0.6266666666666667,
            0.6333333333333333,
            0.5933333333333334,
            0.58,
            0.6066666666666667,
            0.6133333333333333,
            0.5933333333333334,
            0.6333333333333333,
            0.5866666666666667,
            0.6466666666666666
        ]
    },
    "16": {
        "mean": 0.6146666666666667,
        "max": 0.6466666666666666,
        "min": 0.5933333333333334,
        "all": [
            0.5933333333333334,
            0.6466666666666666,
            0.6,
            0.6133333333333333,
            0.6066666666666667,
            0.6333333333333333,
            0.5933333333333334,
            0.6266666666666667,
            0.62,
            0.6133333333333333
        ]
    },
    "32": {
        "mean": 0.652,
        "max": 0.6866666666666666,
        "min": 0.62,
        "all": [
            0.64,
            0.6733333333333333,
            0.6733333333333333,
            0.6733333333333333,
            0.6866666666666666,
            0.6466666666666666,
            0.62,
            0.6266666666666667,
            0.66,
            0.62
        ]
    },
    "64": {
        "mean": 0.6613333333333332,
        "max": 0.6866666666666666,
        "min": 0.64,
        "all": [
            0.6733333333333333,
            0.6466666666666666,
            0.66,
            0.6466666666666666,
            0.6666666666666666,
            0.6533333333333333,
            0.66,
            0.64,
            0.6866666666666666,
            0.68
        ]
    },
    "128": {
        "mean": 0.6666666666666667,
        "max": 0.6666666666666666,
        "min": 0.6666666666666666,
        "all": [
            0.6666666666666666,
            0.6666666666666666,
            0.6666666666666666,
            0.6666666666666666,
            0.6666666666666666,
            0.6666666666666666,
            0.6666666666666666,
            0.6666666666666666,
            0.6666666666666666,
            0.6666666666666666
        ]
    }
}