{
    "1": {
        "mean": 0.33333333333333337,
        "max": 0.38666666666666666,
        "min": 0.29333333333333333,
        "all": [
            0.31333333333333335,
            0.36666666666666664,
            0.32666666666666666,
            0.38666666666666666,
            0.35333333333333333,
            0.34,
            0.30666666666666664,
            0.32,
            0.32666666666666666,
            0.29333333333333333
        ]
    },
    "2": {
        "mean": 0.4286666666666667,
        "max": 0.4666666666666667,
        "min": 0.36,
        "all": [
            0.42,
            0.4533333333333333,
            0.4266666666666667,
            0.44,
            0.3933333333333333,
            0.36,
            0.4666666666666667,
            0.4266666666666667,
            0.44666666666666666,
            0.4533333333333333
        ]
    },
    "4": {
        "mean": 0.48533333333333334,
        "max": 0.5133333333333333,
        "min": 0.42,
        "all": [
            0.4866666666666667,
            0.48,
            0.5133333333333333,
            0.4866666666666667,
            0.5133333333333333,
            0.4866666666666667,
            0.42,
            0.5,
            0.48,
            0.4866666666666667
        ]
    },
    "8": {
        "mean": 0.5279999999999999,
        "max": 0.5666666666666667,
        "min": 0.5,
        "all": [
            0.5266666666666666,
            0.5,
            0.5333333333333333,
            0.5,
            0.5333333333333333,
            0.52,
            0.5666666666666667,
            0.5666666666666667,
            0.5133333333333333,
            0.52
        ]
    },
    "16": {
        "mean": 0.5526666666666668,
        "max": 0.5866666666666667,
        "min": 0.52,
        "all": [
            0.5866666666666667,
            0.52,
            0.5466666666666666,
            0.5866666666666667,
            0.52,
            0.58,
            0.54,
            0.5266666666666666,
            0.5533333333333333,
            0.5666666666666667
        ]
    },
    "32": {
        "mean": 0.5773333333333334,
        "max": 0.6066666666666667,
        "min": 0.56,
        "all": [
            0.56,
            0.6,
            0.5733333333333334,
            0.6066666666666667,
            0.5733333333333334,
            0.5933333333333334,
            0.56,
            0.5666666666666667,
            0.5733333333333334,
            0.5666666666666667
        ]
    },
    "64": {
        "mean": 0.5926666666666667,
        "max": 0.6066666666666667,
        "min": 0.5733333333333334,
        "all": [
            0.5933333333333334,
            0.5933333333333334,
            0.58,
            0.5933333333333334,
            0.6,
            0.6066666666666667,
            0.5933333333333334,
            0.6,
            0.5733333333333334,
            0.5933333333333334
        ]
    },
    "128": {
        "mean": 0.5999999999999999,
        "max": 0.6,
        "min": 0.6,
        "all": [
            0.6,
            0.6,
            0.6,
            0.6,
            0.6,
            0.6,
            0.6,
            0.6,
            0.6,
            0.6
        ]
    }
}