{
    "1": {
        "mean": 0.4815317498788172,
        "max": 0.4968492486669898,
        "min": 0.4692195831313621,
        "all": [
            0.4968492486669898,
            0.47649054774600097,
            0.48618516723218613,
            0.4881240911294232,
            0.48327678138633057,
            0.48327678138633057,
            0.4774600096946195,
            0.4774600096946195,
            0.4769752787203102,
            0.4692195831313621
        ]
    },
    "2": {
        "mean": 0.5158507028599127,
        "max": 0.523509452253999,
        "min": 0.5070285991274842,
        "all": [
            0.5152690256907416,
            0.523509452253999,
            0.5099369849733398,
            0.5109064469219583,
            0.5201163354338342,
            0.5196316044595249,
            0.5113911778962675,
            0.5181774115365972,
            0.5225399903053806,
            0.5070285991274842
        ]
    },
    "4": {
        "mean": 0.5491032476975278,
        "max": 0.5613184682501212,
        "min": 0.5399903053805138,
        "all": [
            0.553562772661173,
            0.5521085797382452,
            0.5404750363548231,
            0.5443528841492972,
            0.5545322346097916,
            0.5467765390208434,
            0.5458070770722249,
            0.5521085797382452,
            0.5399903053805138,
            0.5613184682501212
        ]
    },
    "8": {
        "mean": 0.5650508967523025,
        "max": 0.5700436257876879,
        "min": 0.5603490063015026,
        "all": [
            0.5651963160445953,
            0.564711585070286,
            0.5700436257876879,
            0.5627726611730489,
            0.5676199709161416,
            0.564711585070286,
            0.5700436257876879,
            0.5632573921473583,
            0.5603490063015026,
            0.5618031992244304
        ]
    },
    "16": {
        "mean": 0.5795928259815801,
        "max": 0.5860397479398933,
        "min": 0.5714978187106156,
        "all": [
            0.5807077072224915,
            0.5860397479398933,
            0.5714978187106156,
            0.579738245273873,
            0.5748909355307804,
            0.5734367426078526,
            0.5845855550169656,
            0.5792535142995637,
            0.5826466311197286,
            0.5831313620940378
        ]
    },
    "32": {
        "mean": 0.5859428017450315,
        "max": 0.590887057682986,
        "min": 0.579738245273873,
        "all": [
            0.5821619001454192,
            0.58167716917111,
            0.5860397479398933,
            0.5874939408628211,
            0.5865244789142026,
            0.590887057682986,
            0.590887057682986,
            0.579738245273873,
            0.5894328647600582,
            0.5845855550169656
        ]
    },
    "64": {
        "mean": 0.5893359185651963,
        "max": 0.5937954435288415,
        "min": 0.5845855550169656,
        "all": [
            0.5874939408628211,
            0.5879786718371304,
            0.590887057682986,
            0.5879786718371304,
            0.5899175957343674,
            0.5937954435288415,
            0.5899175957343674,
            0.5845855550169656,
            0.5923412506059137,
            0.5884634028114396
        ]
    },
    "128": {
        "mean": 0.5918565196316045,
        "max": 0.5918565196316045,
        "min": 0.5918565196316045,
        "all": [
            0.5918565196316045,
            0.5918565196316045,
            0.5918565196316045,
            0.5918565196316045,
            0.5918565196316045,
            0.5918565196316045,
            0.5918565196316045,
            0.5918565196316045,
            0.5918565196316045,
            0.5918565196316045
        ]
    }
}