{
    "1": {
        "mean": 0.4815317498788172,
        "max": 0.4968492486669898,
        "min": 0.4692195831313621,
        "all": [
            0.4968492486669898,
            0.47649054774600097,
            0.48618516723218613,
            0.4881240911294232,
            0.48327678138633057,
            0.48327678138633057,
            0.4774600096946195,
            0.4774600096946195,
            0.4769752787203102,
            0.4692195831313621
        ]
    },
    "2": {
        "mean": 0.5186621425109065,
        "max": 0.5293262239457102,
        "min": 0.5128453708191953,
        "all": [
            0.5128453708191953,
            0.5293262239457102,
            0.5152690256907416,
            0.5186621425109065,
            0.5167232186136694,
            0.5225399903053806,
            0.5133301017935046,
            0.5196316044595249,
            0.5244789142026175,
            0.5138148327678138
        ]
    },
    "4": {
        "mean": 0.5506543868153175,
        "max": 0.5613184682501212,
        "min": 0.5428986912263694,
        "all": [
            0.549684924866699,
            0.5482307319437713,
            0.5477460009694619,
            0.551623848763936,
            0.5555016965584101,
            0.5511391177896268,
            0.5443528841492972,
            0.5540475036354823,
            0.5428986912263694,
            0.5613184682501212
        ]
    },
    "8": {
        "mean": 0.569219583131362,
        "max": 0.5753756665050896,
        "min": 0.5569558894813379,
        "all": [
            0.5656810470189045,
            0.5700436257876879,
            0.5753756665050896,
            0.5681047018904508,
            0.5724672806592341,
            0.5729520116335434,
            0.5719825496849249,
            0.566650508967523,
            0.5569558894813379,
            0.5719825496849249
        ]
    },
    "16": {
        "mean": 0.5815802229762481,
        "max": 0.5879786718371304,
        "min": 0.5763451284537082,
        "all": [
            0.5773145904023267,
            0.5841008240426563,
            0.5763451284537082,
            0.58167716917111,
            0.5768298594280175,
            0.583616093068347,
            0.5850702859912749,
            0.5777993213766359,
            0.5850702859912749,
            0.5879786718371304
        ]
    },
    "32": {
        "mean": 0.5887542413960253,
        "max": 0.59476490547746,
        "min": 0.5831313620940378,
        "all": [
            0.5865244789142026,
            0.5831313620940378,
            0.5894328647600582,
            0.5879786718371304,
            0.5933107125545323,
            0.59476490547746,
            0.5918565196316045,
            0.5860397479398933,
            0.5894328647600582,
            0.5850702859912749
        ]
    },
    "64": {
        "mean": 0.5940378090159961,
        "max": 0.6000969461948619,
        "min": 0.588948133785749,
        "all": [
            0.5952496364517693,
            0.59476490547746,
            0.5971885603490062,
            0.588948133785749,
            0.5918565196316045,
            0.5962190984003878,
            0.5937954435288415,
            0.5913717886572952,
            0.6000969461948619,
            0.590887057682986
        ]
    },
    "128": {
        "mean": 0.5957343674260784,
        "max": 0.5957343674260785,
        "min": 0.5957343674260785,
        "all": [
            0.5957343674260785,
            0.5957343674260785,
            0.5957343674260785,
            0.5957343674260785,
            0.5957343674260785,
            0.5957343674260785,
            0.5957343674260785,
            0.5957343674260785,
            0.5957343674260785,
            0.5957343674260785
        ]
    }
}