{
    "1": {
        "mean": 0.48133333333333334,
        "max": 0.52,
        "min": 0.43333333333333335,
        "all": [
            0.5,
            0.46,
            0.5066666666666667,
            0.43333333333333335,
            0.5,
            0.49333333333333335,
            0.44666666666666666,
            0.52,
            0.4533333333333333,
            0.5
        ]
    },
    "2": {
        "mean": 0.502,
        "max": 0.5333333333333333,
        "min": 0.46,
        "all": [
            0.5,
            0.52,
            0.5333333333333333,
            0.5066666666666667,
            0.46,
            0.4666666666666667,
            0.5133333333333333,
            0.4666666666666667,
            0.52,
            0.5333333333333333
        ]
    },
    "4": {
        "mean": 0.5386666666666666,
        "max": 0.5733333333333334,
        "min": 0.5133333333333333,
        "all": [
            0.5333333333333333,
            0.5333333333333333,
            0.5266666666666666,
            0.5466666666666666,
            0.5333333333333333,
            0.5133333333333333,
            0.5466666666666666,
            0.5733333333333334,
            0.54,
            0.54
        ]
    },
    "8": {
        "mean": 0.5493333333333335,
        "max": 0.6,
        "min": 0.52,
        "all": [
            0.56,
            0.54,
            0.54,
            0.52,
            0.52,
            0.5266666666666666,
            0.6,
            0.5733333333333334,
            0.5533333333333333,
            0.56
        ]
    },
    "16": {
        "mean": 0.5393333333333333,
        "max": 0.56,
        "min": 0.5133333333333333,
        "all": [
            0.5133333333333333,
            0.54,
            0.54,
            0.56,
            0.5333333333333333,
            0.54,
            0.5333333333333333,
            0.5533333333333333,
            0.5533333333333333,
            0.5266666666666666
        ]
    },
    "32": {
        "mean": 0.5606666666666666,
        "max": 0.6,
        "min": 0.52,
        "all": [
            0.5933333333333334,
            0.56,
            0.5466666666666666,
            0.5533333333333333,
            0.5733333333333334,
            0.6,
            0.5533333333333333,
            0.5533333333333333,
            0.52,
            0.5533333333333333
        ]
    },
    "64": {
        "mean": 0.5399999999999999,
        "max": 0.56,
        "min": 0.5266666666666666,
        "all": [
            0.54,
            0.5533333333333333,
            0.5533333333333333,
            0.5266666666666666,
            0.5266666666666666,
            0.5266666666666666,
            0.56,
            0.54,
            0.54,
            0.5333333333333333
        ]
    },
    "128": {
        "mean": 0.5466666666666666,
        "max": 0.5466666666666666,
        "min": 0.5466666666666666,
        "all": [
            0.5466666666666666,
            0.5466666666666666,
            0.5466666666666666,
            0.5466666666666666,
            0.5466666666666666,
            0.5466666666666666,
            0.5466666666666666,
            0.5466666666666666,
            0.5466666666666666,
            0.5466666666666666
        ]
    }
}