{
    "1": {
        "mean": 0.5864285714285713,
        "max": 0.6071428571428571,
        "min": 0.5642857142857143,
        "all": [
            0.5714285714285714,
            0.5785714285714286,
            0.6,
            0.5928571428571429,
            0.5928571428571429,
            0.6,
            0.6071428571428571,
            0.5642857142857143,
            0.5928571428571429,
            0.5642857142857143
        ]
    },
    "2": {
        "mean": 0.5942857142857142,
        "max": 0.6214285714285714,
        "min": 0.5714285714285714,
        "all": [
            0.6214285714285714,
            0.5785714285714286,
            0.6142857142857143,
            0.5714285714285714,
            0.6142857142857143,
            0.6214285714285714,
            0.5714285714285714,
            0.5714285714285714,
            0.5785714285714286,
            0.6
        ]
    },
    "4": {
        "mean": 0.6264285714285714,
        "max": 0.6571428571428571,
        "min": 0.6,
        "all": [
            0.6142857142857143,
            0.6071428571428571,
            0.6142857142857143,
            0.6357142857142857,
            0.6214285714285714,
            0.6428571428571429,
            0.6428571428571429,
            0.6571428571428571,
            0.6,
            0.6285714285714286
        ]
    },
    "8": {
        "mean": 0.6357142857142857,
        "max": 0.65,
        "min": 0.6214285714285714,
        "all": [
            0.6285714285714286,
            0.6285714285714286,
            0.6285714285714286,
            0.6428571428571429,
            0.6214285714285714,
            0.6428571428571429,
            0.65,
            0.6357142857142857,
            0.6357142857142857,
            0.6428571428571429
        ]
    },
    "16": {
        "mean": 0.6414285714285715,
        "max": 0.6571428571428571,
        "min": 0.6214285714285714,
        "all": [
            0.6357142857142857,
            0.6428571428571429,
            0.6428571428571429,
            0.6571428571428571,
            0.65,
            0.6428571428571429,
            0.6285714285714286,
            0.6214285714285714,
            0.65,
            0.6428571428571429
        ]
    },
    "32": {
        "mean": 0.6507142857142858,
        "max": 0.6642857142857143,
        "min": 0.6428571428571429,
        "all": [
            0.6571428571428571,
            0.6428571428571429,
            0.6571428571428571,
            0.65,
            0.65,
            0.6428571428571429,
            0.65,
            0.6428571428571429,
            0.6642857142857143,
            0.65
        ]
    },
    "64": {
        "mean": 0.6564285714285715,
        "max": 0.6642857142857143,
        "min": 0.65,
        "all": [
            0.65,
            0.6571428571428571,
            0.6571428571428571,
            0.6571428571428571,
            0.6642857142857143,
            0.6571428571428571,
            0.65,
            0.65,
            0.6571428571428571,
            0.6642857142857143
        ]
    },
    "128": {
        "mean": 0.6571428571428573,
        "max": 0.6571428571428571,
        "min": 0.6571428571428571,
        "all": [
            0.6571428571428571,
            0.6571428571428571,
            0.6571428571428571,
            0.6571428571428571,
            0.6571428571428571,
            0.6571428571428571,
            0.6571428571428571,
            0.6571428571428571,
            0.6571428571428571,
            0.6571428571428571
        ]
    }
}