{
    "1": {
        "mean": 0.5248322147651007,
        "max": 0.5369127516778524,
        "min": 0.48322147651006714,
        "all": [
            0.5302013422818792,
            0.5369127516778524,
            0.5234899328859061,
            0.5302013422818792,
            0.5369127516778524,
            0.5369127516778524,
            0.5302013422818792,
            0.48322147651006714,
            0.5167785234899329,
            0.5234899328859061
        ]
    },
    "2": {
        "mean": 0.5442953020134229,
        "max": 0.5973154362416108,
        "min": 0.5100671140939598,
        "all": [
            0.5302013422818792,
            0.5503355704697986,
            0.5234899328859061,
            0.5436241610738255,
            0.5302013422818792,
            0.5100671140939598,
            0.5637583892617449,
            0.5436241610738255,
            0.5503355704697986,
            0.5973154362416108
        ]
    },
    "4": {
        "mean": 0.6046979865771813,
        "max": 0.6375838926174496,
        "min": 0.5503355704697986,
        "all": [
            0.6040268456375839,
            0.5771812080536913,
            0.6040268456375839,
            0.6375838926174496,
            0.5973154362416108,
            0.610738255033557,
            0.6308724832214765,
            0.6241610738255033,
            0.610738255033557,
            0.5503355704697986
        ]
    },
    "8": {
        "mean": 0.6134228187919464,
        "max": 0.6442953020134228,
        "min": 0.5906040268456376,
        "all": [
            0.6174496644295302,
            0.5906040268456376,
            0.6241610738255033,
            0.5973154362416108,
            0.610738255033557,
            0.5973154362416108,
            0.6442953020134228,
            0.6241610738255033,
            0.6174496644295302,
            0.610738255033557
        ]
    },
    "16": {
        "mean": 0.6221476510067114,
        "max": 0.6442953020134228,
        "min": 0.6040268456375839,
        "all": [
            0.6040268456375839,
            0.6241610738255033,
            0.610738255033557,
            0.6375838926174496,
            0.610738255033557,
            0.610738255033557,
            0.6442953020134228,
            0.6308724832214765,
            0.610738255033557,
            0.6375838926174496
        ]
    },
    "32": {
        "mean": 0.6295302013422819,
        "max": 0.6510067114093959,
        "min": 0.5906040268456376,
        "all": [
            0.6241610738255033,
            0.6241610738255033,
            0.6442953020134228,
            0.6375838926174496,
            0.6510067114093959,
            0.5906040268456376,
            0.6442953020134228,
            0.6308724832214765,
            0.6174496644295302,
            0.6308724832214765
        ]
    },
    "64": {
        "mean": 0.6382550335570469,
        "max": 0.6577181208053692,
        "min": 0.6174496644295302,
        "all": [
            0.6442953020134228,
            0.6375838926174496,
            0.6577181208053692,
            0.6174496644295302,
            0.6375838926174496,
            0.6442953020134228,
            0.6442953020134228,
            0.6241610738255033,
            0.6442953020134228,
            0.6308724832214765
        ]
    },
    "128": {
        "mean": 0.6442953020134228,
        "max": 0.6442953020134228,
        "min": 0.6442953020134228,
        "all": [
            0.6442953020134228,
            0.6442953020134228,
            0.6442953020134228,
            0.6442953020134228,
            0.6442953020134228,
            0.6442953020134228,
            0.6442953020134228,
            0.6442953020134228,
            0.6442953020134228,
            0.6442953020134228
        ]
    }
}