{
    "1": {
        "mean": 0.48119999999999996,
        "max": 0.502,
        "min": 0.452,
        "all": [
            0.48,
            0.47,
            0.474,
            0.452,
            0.474,
            0.498,
            0.488,
            0.472,
            0.502,
            0.502
        ]
    },
    "2": {
        "mean": 0.5610000000000002,
        "max": 0.586,
        "min": 0.548,
        "all": [
            0.564,
            0.562,
            0.556,
            0.558,
            0.564,
            0.56,
            0.55,
            0.562,
            0.548,
            0.586
        ]
    },
    "4": {
        "mean": 0.6242,
        "max": 0.656,
        "min": 0.606,
        "all": [
            0.634,
            0.618,
            0.606,
            0.626,
            0.624,
            0.616,
            0.656,
            0.628,
            0.606,
            0.628
        ]
    },
    "8": {
        "mean": 0.6644,
        "max": 0.696,
        "min": 0.636,
        "all": [
            0.646,
            0.67,
            0.696,
            0.668,
            0.658,
            0.652,
            0.662,
            0.636,
            0.686,
            0.67
        ]
    },
    "16": {
        "mean": 0.7089999999999999,
        "max": 0.724,
        "min": 0.7,
        "all": [
            0.702,
            0.71,
            0.718,
            0.706,
            0.7,
            0.702,
            0.724,
            0.7,
            0.72,
            0.708
        ]
    },
    "32": {
        "mean": 0.7358,
        "max": 0.748,
        "min": 0.72,
        "all": [
            0.742,
            0.72,
            0.734,
            0.732,
            0.748,
            0.744,
            0.736,
            0.728,
            0.742,
            0.732
        ]
    },
    "64": {
        "mean": 0.7527999999999999,
        "max": 0.764,
        "min": 0.744,
        "all": [
            0.758,
            0.748,
            0.75,
            0.754,
            0.756,
            0.75,
            0.764,
            0.756,
            0.744,
            0.748
        ]
    },
    "100": {
        "mean": 0.7620000000000001,
        "max": 0.762,
        "min": 0.762,
        "all": [
            0.762,
            0.762,
            0.762,
            0.762,
            0.762,
            0.762,
            0.762,
            0.762,
            0.762,
            0.762
        ]
    }
}