{
    "1": {
        "mean": 0.48119999999999996,
        "max": 0.502,
        "min": 0.452,
        "all": [
            0.48,
            0.47,
            0.474,
            0.452,
            0.474,
            0.498,
            0.488,
            0.472,
            0.502,
            0.502
        ]
    },
    "2": {
        "mean": 0.5539999999999999,
        "max": 0.576,
        "min": 0.534,
        "all": [
            0.554,
            0.556,
            0.562,
            0.556,
            0.556,
            0.55,
            0.544,
            0.552,
            0.534,
            0.576
        ]
    },
    "4": {
        "mean": 0.6107999999999999,
        "max": 0.628,
        "min": 0.584,
        "all": [
            0.622,
            0.6,
            0.588,
            0.628,
            0.622,
            0.62,
            0.626,
            0.612,
            0.584,
            0.606
        ]
    },
    "8": {
        "mean": 0.656,
        "max": 0.686,
        "min": 0.636,
        "all": [
            0.644,
            0.686,
            0.668,
            0.648,
            0.658,
            0.654,
            0.646,
            0.636,
            0.66,
            0.66
        ]
    },
    "16": {
        "mean": 0.6953999999999999,
        "max": 0.714,
        "min": 0.686,
        "all": [
            0.69,
            0.696,
            0.71,
            0.714,
            0.692,
            0.688,
            0.694,
            0.688,
            0.686,
            0.696
        ]
    },
    "32": {
        "mean": 0.7150000000000001,
        "max": 0.726,
        "min": 0.704,
        "all": [
            0.714,
            0.712,
            0.714,
            0.716,
            0.726,
            0.722,
            0.704,
            0.71,
            0.714,
            0.718
        ]
    },
    "64": {
        "mean": 0.736,
        "max": 0.742,
        "min": 0.728,
        "all": [
            0.734,
            0.736,
            0.734,
            0.742,
            0.74,
            0.742,
            0.73,
            0.728,
            0.736,
            0.738
        ]
    },
    "100": {
        "mean": 0.7460000000000001,
        "max": 0.746,
        "min": 0.746,
        "all": [
            0.746,
            0.746,
            0.746,
            0.746,
            0.746,
            0.746,
            0.746,
            0.746,
            0.746,
            0.746
        ]
    }
}