{
    "1": {
        "mean": 0.48119999999999996,
        "max": 0.502,
        "min": 0.452,
        "all": [
            0.48,
            0.47,
            0.474,
            0.452,
            0.474,
            0.498,
            0.488,
            0.472,
            0.502,
            0.502
        ]
    },
    "2": {
        "mean": 0.554,
        "max": 0.576,
        "min": 0.54,
        "all": [
            0.558,
            0.56,
            0.548,
            0.552,
            0.56,
            0.55,
            0.548,
            0.548,
            0.54,
            0.576
        ]
    },
    "4": {
        "mean": 0.6140000000000001,
        "max": 0.63,
        "min": 0.586,
        "all": [
            0.612,
            0.61,
            0.6,
            0.616,
            0.626,
            0.626,
            0.63,
            0.622,
            0.586,
            0.612
        ]
    },
    "8": {
        "mean": 0.6522000000000001,
        "max": 0.674,
        "min": 0.632,
        "all": [
            0.632,
            0.644,
            0.658,
            0.664,
            0.65,
            0.674,
            0.656,
            0.636,
            0.642,
            0.666
        ]
    },
    "16": {
        "mean": 0.6778000000000002,
        "max": 0.698,
        "min": 0.666,
        "all": [
            0.67,
            0.678,
            0.678,
            0.68,
            0.668,
            0.698,
            0.676,
            0.682,
            0.682,
            0.666
        ]
    },
    "32": {
        "mean": 0.7016,
        "max": 0.714,
        "min": 0.684,
        "all": [
            0.714,
            0.686,
            0.706,
            0.684,
            0.714,
            0.706,
            0.696,
            0.712,
            0.702,
            0.696
        ]
    },
    "64": {
        "mean": 0.7066,
        "max": 0.72,
        "min": 0.696,
        "all": [
            0.72,
            0.708,
            0.696,
            0.718,
            0.7,
            0.708,
            0.698,
            0.706,
            0.696,
            0.716
        ]
    },
    "100": {
        "mean": 0.7059999999999998,
        "max": 0.706,
        "min": 0.706,
        "all": [
            0.706,
            0.706,
            0.706,
            0.706,
            0.706,
            0.706,
            0.706,
            0.706,
            0.706,
            0.706
        ]
    }
}