{
    "1": {
        "mean": 0.3786666666666667,
        "max": 0.4666666666666667,
        "min": 0.31333333333333335,
        "all": [
            0.34,
            0.4066666666666667,
            0.3333333333333333,
            0.41333333333333333,
            0.4666666666666667,
            0.31333333333333335,
            0.38,
            0.32666666666666666,
            0.41333333333333333,
            0.3933333333333333
        ]
    },
    "2": {
        "mean": 0.45999999999999996,
        "max": 0.5266666666666666,
        "min": 0.3933333333333333,
        "all": [
            0.4533333333333333,
            0.4533333333333333,
            0.3933333333333333,
            0.5066666666666667,
            0.47333333333333333,
            0.44,
            0.5,
            0.43333333333333335,
            0.5266666666666666,
            0.42
        ]
    },
    "4": {
        "mean": 0.48,
        "max": 0.54,
        "min": 0.44,
        "all": [
            0.46,
            0.48,
            0.5266666666666666,
            0.47333333333333333,
            0.54,
            0.49333333333333335,
            0.47333333333333333,
            0.4666666666666667,
            0.44,
            0.44666666666666666
        ]
    },
    "8": {
        "mean": 0.488,
        "max": 0.5133333333333333,
        "min": 0.43333333333333335,
        "all": [
            0.46,
            0.5133333333333333,
            0.5133333333333333,
            0.43333333333333335,
            0.4866666666666667,
            0.49333333333333335,
            0.4866666666666667,
            0.48,
            0.5066666666666667,
            0.5066666666666667
        ]
    },
    "16": {
        "mean": 0.4873333333333333,
        "max": 0.5266666666666666,
        "min": 0.44666666666666666,
        "all": [
            0.44666666666666666,
            0.47333333333333333,
            0.4666666666666667,
            0.5133333333333333,
            0.52,
            0.5266666666666666,
            0.48,
            0.5066666666666667,
            0.48,
            0.46
        ]
    },
    "32": {
        "mean": 0.4633333333333334,
        "max": 0.5,
        "min": 0.44,
        "all": [
            0.4533333333333333,
            0.47333333333333333,
            0.46,
            0.5,
            0.44,
            0.47333333333333333,
            0.4666666666666667,
            0.44666666666666666,
            0.4533333333333333,
            0.4666666666666667
        ]
    },
    "64": {
        "mean": 0.446,
        "max": 0.47333333333333333,
        "min": 0.42,
        "all": [
            0.42,
            0.4533333333333333,
            0.46,
            0.43333333333333335,
            0.47333333333333333,
            0.43333333333333335,
            0.44666666666666666,
            0.44,
            0.44,
            0.46
        ]
    },
    "128": {
        "mean": 0.4600000000000001,
        "max": 0.46,
        "min": 0.46,
        "all": [
            0.46,
            0.46,
            0.46,
            0.46,
            0.46,
            0.46,
            0.46,
            0.46,
            0.46,
            0.46
        ]
    }
}