{
    "1": {
        "mean": 0.3786666666666667,
        "max": 0.4666666666666667,
        "min": 0.31333333333333335,
        "all": [
            0.34,
            0.4066666666666667,
            0.3333333333333333,
            0.41333333333333333,
            0.4666666666666667,
            0.31333333333333335,
            0.38,
            0.32666666666666666,
            0.41333333333333333,
            0.3933333333333333
        ]
    },
    "2": {
        "mean": 0.4546666666666666,
        "max": 0.5066666666666667,
        "min": 0.36666666666666664,
        "all": [
            0.46,
            0.44,
            0.4,
            0.5066666666666667,
            0.4866666666666667,
            0.4666666666666667,
            0.5,
            0.4266666666666667,
            0.49333333333333335,
            0.36666666666666664
        ]
    },
    "4": {
        "mean": 0.4846666666666667,
        "max": 0.54,
        "min": 0.44666666666666666,
        "all": [
            0.54,
            0.5133333333333333,
            0.5333333333333333,
            0.4866666666666667,
            0.44666666666666666,
            0.47333333333333333,
            0.44666666666666666,
            0.4666666666666667,
            0.47333333333333333,
            0.4666666666666667
        ]
    },
    "8": {
        "mean": 0.5073333333333334,
        "max": 0.56,
        "min": 0.4666666666666667,
        "all": [
            0.56,
            0.49333333333333335,
            0.5133333333333333,
            0.48,
            0.49333333333333335,
            0.54,
            0.4666666666666667,
            0.5133333333333333,
            0.5133333333333333,
            0.5
        ]
    },
    "16": {
        "mean": 0.49400000000000005,
        "max": 0.54,
        "min": 0.44,
        "all": [
            0.5266666666666666,
            0.44,
            0.5133333333333333,
            0.54,
            0.49333333333333335,
            0.5133333333333333,
            0.5066666666666667,
            0.5,
            0.44,
            0.4666666666666667
        ]
    },
    "32": {
        "mean": 0.4793333333333334,
        "max": 0.52,
        "min": 0.44,
        "all": [
            0.49333333333333335,
            0.48,
            0.47333333333333333,
            0.52,
            0.48,
            0.47333333333333333,
            0.44,
            0.44,
            0.48,
            0.5133333333333333
        ]
    },
    "64": {
        "mean": 0.4886666666666667,
        "max": 0.52,
        "min": 0.4533333333333333,
        "all": [
            0.52,
            0.5,
            0.5066666666666667,
            0.46,
            0.49333333333333335,
            0.4533333333333333,
            0.5066666666666667,
            0.5066666666666667,
            0.46,
            0.48
        ]
    },
    "128": {
        "mean": 0.47333333333333333,
        "max": 0.47333333333333333,
        "min": 0.47333333333333333,
        "all": [
            0.47333333333333333,
            0.47333333333333333,
            0.47333333333333333,
            0.47333333333333333,
            0.47333333333333333,
            0.47333333333333333,
            0.47333333333333333,
            0.47333333333333333,
            0.47333333333333333,
            0.47333333333333333
        ]
    }
}