{
    "1": {
        "mean": 0.48133333333333334,
        "max": 0.52,
        "min": 0.43333333333333335,
        "all": [
            0.5,
            0.46,
            0.5066666666666667,
            0.43333333333333335,
            0.5,
            0.49333333333333335,
            0.44666666666666666,
            0.52,
            0.4533333333333333,
            0.5
        ]
    },
    "2": {
        "mean": 0.4953333333333333,
        "max": 0.5266666666666666,
        "min": 0.4666666666666667,
        "all": [
            0.5066666666666667,
            0.52,
            0.5,
            0.48,
            0.48,
            0.48,
            0.4666666666666667,
            0.47333333333333333,
            0.52,
            0.5266666666666666
        ]
    },
    "4": {
        "mean": 0.5133333333333334,
        "max": 0.5533333333333333,
        "min": 0.49333333333333335,
        "all": [
            0.49333333333333335,
            0.5266666666666666,
            0.5533333333333333,
            0.5066666666666667,
            0.52,
            0.5066666666666667,
            0.5133333333333333,
            0.5133333333333333,
            0.5,
            0.5
        ]
    },
    "8": {
        "mean": 0.5293333333333334,
        "max": 0.5533333333333333,
        "min": 0.5,
        "all": [
            0.5333333333333333,
            0.5533333333333333,
            0.5333333333333333,
            0.5,
            0.5466666666666666,
            0.5266666666666666,
            0.52,
            0.54,
            0.5333333333333333,
            0.5066666666666667
        ]
    },
    "16": {
        "mean": 0.5353333333333333,
        "max": 0.5666666666666667,
        "min": 0.49333333333333335,
        "all": [
            0.52,
            0.52,
            0.5466666666666666,
            0.49333333333333335,
            0.5133333333333333,
            0.56,
            0.5666666666666667,
            0.5666666666666667,
            0.54,
            0.5266666666666666
        ]
    },
    "32": {
        "mean": 0.5406666666666666,
        "max": 0.5666666666666667,
        "min": 0.5,
        "all": [
            0.5666666666666667,
            0.54,
            0.52,
            0.5,
            0.5533333333333333,
            0.54,
            0.54,
            0.5133333333333333,
            0.5666666666666667,
            0.5666666666666667
        ]
    },
    "64": {
        "mean": 0.54,
        "max": 0.56,
        "min": 0.5066666666666667,
        "all": [
            0.56,
            0.5066666666666667,
            0.54,
            0.54,
            0.5133333333333333,
            0.5466666666666666,
            0.54,
            0.56,
            0.54,
            0.5533333333333333
        ]
    },
    "128": {
        "mean": 0.5533333333333335,
        "max": 0.5533333333333333,
        "min": 0.5533333333333333,
        "all": [
            0.5533333333333333,
            0.5533333333333333,
            0.5533333333333333,
            0.5533333333333333,
            0.5533333333333333,
            0.5533333333333333,
            0.5533333333333333,
            0.5533333333333333,
            0.5533333333333333,
            0.5533333333333333
        ]
    }
}