{
    "1": {
        "mean": 0.5248322147651007,
        "max": 0.5369127516778524,
        "min": 0.48322147651006714,
        "all": [
            0.5302013422818792,
            0.5369127516778524,
            0.5234899328859061,
            0.5302013422818792,
            0.5369127516778524,
            0.5369127516778524,
            0.5302013422818792,
            0.48322147651006714,
            0.5167785234899329,
            0.5234899328859061
        ]
    },
    "2": {
        "mean": 0.5087248322147652,
        "max": 0.5771812080536913,
        "min": 0.46308724832214765,
        "all": [
            0.5369127516778524,
            0.47651006711409394,
            0.5033557046979866,
            0.46308724832214765,
            0.5167785234899329,
            0.48322147651006714,
            0.5167785234899329,
            0.5100671140939598,
            0.5033557046979866,
            0.5771812080536913
        ]
    },
    "4": {
        "mean": 0.5771812080536913,
        "max": 0.6040268456375839,
        "min": 0.5503355704697986,
        "all": [
            0.5704697986577181,
            0.5570469798657718,
            0.5771812080536913,
            0.5973154362416108,
            0.5973154362416108,
            0.5570469798657718,
            0.6040268456375839,
            0.6040268456375839,
            0.5570469798657718,
            0.5503355704697986
        ]
    },
    "8": {
        "mean": 0.6154362416107383,
        "max": 0.6375838926174496,
        "min": 0.5973154362416108,
        "all": [
            0.610738255033557,
            0.5973154362416108,
            0.6375838926174496,
            0.6174496644295302,
            0.6174496644295302,
            0.6241610738255033,
            0.6174496644295302,
            0.6241610738255033,
            0.6040268456375839,
            0.6040268456375839
        ]
    },
    "16": {
        "mean": 0.6134228187919464,
        "max": 0.6644295302013423,
        "min": 0.5838926174496645,
        "all": [
            0.610738255033557,
            0.610738255033557,
            0.6308724832214765,
            0.6241610738255033,
            0.5838926174496645,
            0.6644295302013423,
            0.610738255033557,
            0.5838926174496645,
            0.5906040268456376,
            0.6241610738255033
        ]
    },
    "32": {
        "mean": 0.6228187919463087,
        "max": 0.6375838926174496,
        "min": 0.6040268456375839,
        "all": [
            0.6308724832214765,
            0.6040268456375839,
            0.6375838926174496,
            0.6241610738255033,
            0.6308724832214765,
            0.610738255033557,
            0.6241610738255033,
            0.6174496644295302,
            0.6241610738255033,
            0.6241610738255033
        ]
    },
    "64": {
        "mean": 0.6322147651006711,
        "max": 0.6442953020134228,
        "min": 0.610738255033557,
        "all": [
            0.6308724832214765,
            0.6442953020134228,
            0.6375838926174496,
            0.6375838926174496,
            0.6308724832214765,
            0.6241610738255033,
            0.6308724832214765,
            0.610738255033557,
            0.6375838926174496,
            0.6375838926174496
        ]
    },
    "128": {
        "mean": 0.6241610738255032,
        "max": 0.6241610738255033,
        "min": 0.6241610738255033,
        "all": [
            0.6241610738255033,
            0.6241610738255033,
            0.6241610738255033,
            0.6241610738255033,
            0.6241610738255033,
            0.6241610738255033,
            0.6241610738255033,
            0.6241610738255033,
            0.6241610738255033,
            0.6241610738255033
        ]
    }
}