{
    "1": {
        "mean": 0.5753333333333335,
        "max": 0.62,
        "min": 0.5333333333333333,
        "all": [
            0.5333333333333333,
            0.5466666666666666,
            0.5933333333333334,
            0.6,
            0.56,
            0.58,
            0.54,
            0.62,
            0.5866666666666667,
            0.5933333333333334
        ]
    },
    "2": {
        "mean": 0.6093333333333334,
        "max": 0.68,
        "min": 0.5533333333333333,
        "all": [
            0.6066666666666667,
            0.58,
            0.6066666666666667,
            0.62,
            0.68,
            0.5933333333333334,
            0.6066666666666667,
            0.64,
            0.5533333333333333,
            0.6066666666666667
        ]
    },
    "4": {
        "mean": 0.6313333333333333,
        "max": 0.6466666666666666,
        "min": 0.6133333333333333,
        "all": [
            0.6466666666666666,
            0.6133333333333333,
            0.64,
            0.6466666666666666,
            0.6133333333333333,
            0.6266666666666667,
            0.6266666666666667,
            0.6466666666666666,
            0.64,
            0.6133333333333333
        ]
    },
    "8": {
        "mean": 0.6593333333333333,
        "max": 0.6733333333333333,
        "min": 0.6333333333333333,
        "all": [
            0.6466666666666666,
            0.6666666666666666,
            0.6466666666666666,
            0.6733333333333333,
            0.6733333333333333,
            0.6533333333333333,
            0.6666666666666666,
            0.6333333333333333,
            0.6666666666666666,
            0.6666666666666666
        ]
    },
    "16": {
        "mean": 0.6646666666666667,
        "max": 0.7066666666666667,
        "min": 0.6266666666666667,
        "all": [
            0.6733333333333333,
            0.66,
            0.6533333333333333,
            0.68,
            0.66,
            0.66,
            0.7066666666666667,
            0.6266666666666667,
            0.6733333333333333,
            0.6533333333333333
        ]
    },
    "32": {
        "mean": 0.662,
        "max": 0.6733333333333333,
        "min": 0.6533333333333333,
        "all": [
            0.66,
            0.6666666666666666,
            0.6533333333333333,
            0.66,
            0.6666666666666666,
            0.6533333333333333,
            0.6666666666666666,
            0.6733333333333333,
            0.66,
            0.66
        ]
    },
    "64": {
        "mean": 0.6779999999999999,
        "max": 0.7,
        "min": 0.66,
        "all": [
            0.68,
            0.6866666666666666,
            0.7,
            0.66,
            0.6666666666666666,
            0.6933333333333334,
            0.66,
            0.6666666666666666,
            0.68,
            0.6866666666666666
        ]
    },
    "128": {
        "mean": 0.6799999999999999,
        "max": 0.68,
        "min": 0.68,
        "all": [
            0.68,
            0.68,
            0.68,
            0.68,
            0.68,
            0.68,
            0.68,
            0.68,
            0.68,
            0.68
        ]
    }
}