{
    "1": {
        "mean": 0.3786666666666667,
        "max": 0.4666666666666667,
        "min": 0.31333333333333335,
        "all": [
            0.34,
            0.4066666666666667,
            0.3333333333333333,
            0.41333333333333333,
            0.4666666666666667,
            0.31333333333333335,
            0.38,
            0.32666666666666666,
            0.41333333333333333,
            0.3933333333333333
        ]
    },
    "2": {
        "mean": 0.4693333333333333,
        "max": 0.5266666666666666,
        "min": 0.3933333333333333,
        "all": [
            0.47333333333333333,
            0.48,
            0.3933333333333333,
            0.52,
            0.4666666666666667,
            0.4533333333333333,
            0.5066666666666667,
            0.46,
            0.5266666666666666,
            0.41333333333333333
        ]
    },
    "4": {
        "mean": 0.53,
        "max": 0.5933333333333334,
        "min": 0.49333333333333335,
        "all": [
            0.5266666666666666,
            0.54,
            0.54,
            0.5533333333333333,
            0.5933333333333334,
            0.5,
            0.5266666666666666,
            0.5333333333333333,
            0.49333333333333335,
            0.49333333333333335
        ]
    },
    "8": {
        "mean": 0.576,
        "max": 0.6133333333333333,
        "min": 0.5,
        "all": [
            0.58,
            0.5466666666666666,
            0.6133333333333333,
            0.5,
            0.6066666666666667,
            0.5666666666666667,
            0.6,
            0.56,
            0.6,
            0.5866666666666667
        ]
    },
    "16": {
        "mean": 0.5833333333333333,
        "max": 0.6,
        "min": 0.5666666666666667,
        "all": [
            0.5666666666666667,
            0.5933333333333334,
            0.5666666666666667,
            0.58,
            0.6,
            0.5866666666666667,
            0.5866666666666667,
            0.6,
            0.5733333333333334,
            0.58
        ]
    },
    "32": {
        "mean": 0.5813333333333333,
        "max": 0.6133333333333333,
        "min": 0.5466666666666666,
        "all": [
            0.6,
            0.58,
            0.5733333333333334,
            0.5466666666666666,
            0.5666666666666667,
            0.5666666666666667,
            0.6,
            0.5866666666666667,
            0.6133333333333333,
            0.58
        ]
    },
    "64": {
        "mean": 0.5913333333333333,
        "max": 0.6333333333333333,
        "min": 0.54,
        "all": [
            0.58,
            0.6133333333333333,
            0.6133333333333333,
            0.6333333333333333,
            0.5733333333333334,
            0.54,
            0.6,
            0.5933333333333334,
            0.5666666666666667,
            0.6
        ]
    },
    "128": {
        "mean": 0.5933333333333335,
        "max": 0.5933333333333334,
        "min": 0.5933333333333334,
        "all": [
            0.5933333333333334,
            0.5933333333333334,
            0.5933333333333334,
            0.5933333333333334,
            0.5933333333333334,
            0.5933333333333334,
            0.5933333333333334,
            0.5933333333333334,
            0.5933333333333334,
            0.5933333333333334
        ]
    }
}