{
    "1": {
        "mean": 0.3786666666666667,
        "max": 0.4666666666666667,
        "min": 0.31333333333333335,
        "all": [
            0.34,
            0.4066666666666667,
            0.3333333333333333,
            0.41333333333333333,
            0.4666666666666667,
            0.31333333333333335,
            0.38,
            0.32666666666666666,
            0.41333333333333333,
            0.3933333333333333
        ]
    },
    "2": {
        "mean": 0.46066666666666667,
        "max": 0.5333333333333333,
        "min": 0.3933333333333333,
        "all": [
            0.44,
            0.4666666666666667,
            0.3933333333333333,
            0.5333333333333333,
            0.4666666666666667,
            0.44,
            0.4666666666666667,
            0.4533333333333333,
            0.5266666666666666,
            0.42
        ]
    },
    "4": {
        "mean": 0.5246666666666666,
        "max": 0.5533333333333333,
        "min": 0.49333333333333335,
        "all": [
            0.52,
            0.5533333333333333,
            0.5333333333333333,
            0.5333333333333333,
            0.5466666666666666,
            0.49333333333333335,
            0.52,
            0.5333333333333333,
            0.5,
            0.5133333333333333
        ]
    },
    "8": {
        "mean": 0.572,
        "max": 0.62,
        "min": 0.5266666666666666,
        "all": [
            0.62,
            0.56,
            0.6,
            0.5266666666666666,
            0.5533333333333333,
            0.58,
            0.5666666666666667,
            0.5333333333333333,
            0.58,
            0.6
        ]
    },
    "16": {
        "mean": 0.5913333333333333,
        "max": 0.6266666666666667,
        "min": 0.5533333333333333,
        "all": [
            0.5533333333333333,
            0.58,
            0.56,
            0.6066666666666667,
            0.62,
            0.6133333333333333,
            0.5733333333333334,
            0.6266666666666667,
            0.6,
            0.58
        ]
    },
    "32": {
        "mean": 0.5873333333333333,
        "max": 0.62,
        "min": 0.56,
        "all": [
            0.5866666666666667,
            0.6,
            0.58,
            0.5866666666666667,
            0.5733333333333334,
            0.56,
            0.5866666666666667,
            0.58,
            0.6,
            0.62
        ]
    },
    "64": {
        "mean": 0.5940000000000001,
        "max": 0.62,
        "min": 0.56,
        "all": [
            0.5666666666666667,
            0.6066666666666667,
            0.62,
            0.62,
            0.5866666666666667,
            0.56,
            0.6133333333333333,
            0.62,
            0.56,
            0.5866666666666667
        ]
    },
    "128": {
        "mean": 0.5866666666666667,
        "max": 0.5866666666666667,
        "min": 0.5866666666666667,
        "all": [
            0.5866666666666667,
            0.5866666666666667,
            0.5866666666666667,
            0.5866666666666667,
            0.5866666666666667,
            0.5866666666666667,
            0.5866666666666667,
            0.5866666666666667,
            0.5866666666666667,
            0.5866666666666667
        ]
    }
}