{
    "1": {
        "mean": 0.31517241379310346,
        "max": 0.3448275862068966,
        "min": 0.2620689655172414,
        "all": [
            0.3448275862068966,
            0.2827586206896552,
            0.2689655172413793,
            0.33793103448275863,
            0.3310344827586207,
            0.2620689655172414,
            0.31724137931034485,
            0.3310344827586207,
            0.3310344827586207,
            0.3448275862068966
        ]
    },
    "2": {
        "mean": 0.36275862068965514,
        "max": 0.38620689655172413,
        "min": 0.3310344827586207,
        "all": [
            0.36551724137931035,
            0.3724137931034483,
            0.3793103448275862,
            0.3310344827586207,
            0.38620689655172413,
            0.3724137931034483,
            0.3586206896551724,
            0.3310344827586207,
            0.3724137931034483,
            0.3586206896551724
        ]
    },
    "4": {
        "mean": 0.39241379310344826,
        "max": 0.4206896551724138,
        "min": 0.35172413793103446,
        "all": [
            0.38620689655172413,
            0.3724137931034483,
            0.4,
            0.4068965517241379,
            0.4206896551724138,
            0.4,
            0.35172413793103446,
            0.3931034482758621,
            0.38620689655172413,
            0.4068965517241379
        ]
    },
    "8": {
        "mean": 0.39724137931034487,
        "max": 0.4206896551724138,
        "min": 0.36551724137931035,
        "all": [
            0.3793103448275862,
            0.3931034482758621,
            0.4068965517241379,
            0.4206896551724138,
            0.4,
            0.4068965517241379,
            0.36551724137931035,
            0.4206896551724138,
            0.3931034482758621,
            0.38620689655172413
        ]
    },
    "16": {
        "mean": 0.4006896551724138,
        "max": 0.4206896551724138,
        "min": 0.3724137931034483,
        "all": [
            0.3793103448275862,
            0.41379310344827586,
            0.4068965517241379,
            0.41379310344827586,
            0.3724137931034483,
            0.3793103448275862,
            0.4068965517241379,
            0.4206896551724138,
            0.4,
            0.41379310344827586
        ]
    },
    "32": {
        "mean": 0.4027586206896552,
        "max": 0.4206896551724138,
        "min": 0.38620689655172413,
        "all": [
            0.3931034482758621,
            0.38620689655172413,
            0.4068965517241379,
            0.4068965517241379,
            0.4068965517241379,
            0.4206896551724138,
            0.4068965517241379,
            0.3931034482758621,
            0.3931034482758621,
            0.41379310344827586
        ]
    },
    "64": {
        "mean": 0.3986206896551724,
        "max": 0.4206896551724138,
        "min": 0.3724137931034483,
        "all": [
            0.4068965517241379,
            0.3931034482758621,
            0.4,
            0.3931034482758621,
            0.3931034482758621,
            0.4206896551724138,
            0.4068965517241379,
            0.38620689655172413,
            0.3724137931034483,
            0.41379310344827586
        ]
    },
    "128": {
        "mean": 0.3931034482758621,
        "max": 0.3931034482758621,
        "min": 0.3931034482758621,
        "all": [
            0.3931034482758621,
            0.3931034482758621,
            0.3931034482758621,
            0.3931034482758621,
            0.3931034482758621,
            0.3931034482758621,
            0.3931034482758621,
            0.3931034482758621,
            0.3931034482758621,
            0.3931034482758621
        ]
    }
}