{
    "1": {
        "mean": 0.4326666666666667,
        "max": 0.4866666666666667,
        "min": 0.36666666666666664,
        "all": [
            0.43333333333333335,
            0.42,
            0.47333333333333333,
            0.36666666666666664,
            0.44,
            0.4866666666666667,
            0.38,
            0.41333333333333333,
            0.4666666666666667,
            0.44666666666666666
        ]
    },
    "2": {
        "mean": 0.5126666666666667,
        "max": 0.5533333333333333,
        "min": 0.4666666666666667,
        "all": [
            0.5133333333333333,
            0.5266666666666666,
            0.5,
            0.5533333333333333,
            0.52,
            0.52,
            0.5133333333333333,
            0.4666666666666667,
            0.49333333333333335,
            0.52
        ]
    },
    "4": {
        "mean": 0.5606666666666668,
        "max": 0.6066666666666667,
        "min": 0.5133333333333333,
        "all": [
            0.5466666666666666,
            0.58,
            0.5666666666666667,
            0.5733333333333334,
            0.6066666666666667,
            0.5533333333333333,
            0.5333333333333333,
            0.5533333333333333,
            0.58,
            0.5133333333333333
        ]
    },
    "8": {
        "mean": 0.5906666666666667,
        "max": 0.62,
        "min": 0.5533333333333333,
        "all": [
            0.62,
            0.62,
            0.56,
            0.5533333333333333,
            0.6133333333333333,
            0.6,
            0.5866666666666667,
            0.5933333333333334,
            0.56,
            0.6
        ]
    },
    "16": {
        "mean": 0.5906666666666667,
        "max": 0.6466666666666666,
        "min": 0.56,
        "all": [
            0.5933333333333334,
            0.6066666666666667,
            0.5733333333333334,
            0.5666666666666667,
            0.6133333333333333,
            0.6466666666666666,
            0.5733333333333334,
            0.6,
            0.5733333333333334,
            0.56
        ]
    },
    "32": {
        "mean": 0.6013333333333333,
        "max": 0.62,
        "min": 0.5733333333333334,
        "all": [
            0.62,
            0.6066666666666667,
            0.6133333333333333,
            0.6066666666666667,
            0.6,
            0.5933333333333334,
            0.6133333333333333,
            0.6066666666666667,
            0.58,
            0.5733333333333334
        ]
    },
    "64": {
        "mean": 0.5893333333333333,
        "max": 0.6066666666666667,
        "min": 0.5666666666666667,
        "all": [
            0.6066666666666667,
            0.6066666666666667,
            0.5866666666666667,
            0.5933333333333334,
            0.6,
            0.5866666666666667,
            0.58,
            0.5666666666666667,
            0.6,
            0.5666666666666667
        ]
    },
    "128": {
        "mean": 0.58,
        "max": 0.58,
        "min": 0.58,
        "all": [
            0.58,
            0.58,
            0.58,
            0.58,
            0.58,
            0.58,
            0.58,
            0.58,
            0.58,
            0.58
        ]
    }
}