{
    "1": {
        "mean": 0.4326666666666667,
        "max": 0.4866666666666667,
        "min": 0.36666666666666664,
        "all": [
            0.43333333333333335,
            0.42,
            0.47333333333333333,
            0.36666666666666664,
            0.44,
            0.4866666666666667,
            0.38,
            0.41333333333333333,
            0.4666666666666667,
            0.44666666666666666
        ]
    },
    "2": {
        "mean": 0.5173333333333333,
        "max": 0.5466666666666666,
        "min": 0.48,
        "all": [
            0.49333333333333335,
            0.5266666666666666,
            0.5266666666666666,
            0.5466666666666666,
            0.5133333333333333,
            0.49333333333333335,
            0.5266666666666666,
            0.48,
            0.5266666666666666,
            0.54
        ]
    },
    "4": {
        "mean": 0.5586666666666666,
        "max": 0.5933333333333334,
        "min": 0.5333333333333333,
        "all": [
            0.5466666666666666,
            0.5733333333333334,
            0.54,
            0.5466666666666666,
            0.58,
            0.5933333333333334,
            0.5333333333333333,
            0.5533333333333333,
            0.58,
            0.54
        ]
    },
    "8": {
        "mean": 0.58,
        "max": 0.6066666666666667,
        "min": 0.54,
        "all": [
            0.5866666666666667,
            0.5933333333333334,
            0.54,
            0.5466666666666666,
            0.58,
            0.5733333333333334,
            0.5866666666666667,
            0.5933333333333334,
            0.5933333333333334,
            0.6066666666666667
        ]
    },
    "16": {
        "mean": 0.564,
        "max": 0.6066666666666667,
        "min": 0.5466666666666666,
        "all": [
            0.5466666666666666,
            0.5466666666666666,
            0.6066666666666667,
            0.5533333333333333,
            0.56,
            0.58,
            0.56,
            0.5666666666666667,
            0.5466666666666666,
            0.5733333333333334
        ]
    },
    "32": {
        "mean": 0.5846666666666668,
        "max": 0.64,
        "min": 0.5466666666666666,
        "all": [
            0.5933333333333334,
            0.5733333333333334,
            0.5533333333333333,
            0.6066666666666667,
            0.64,
            0.5866666666666667,
            0.6,
            0.5466666666666666,
            0.5866666666666667,
            0.56
        ]
    },
    "64": {
        "mean": 0.5873333333333333,
        "max": 0.62,
        "min": 0.56,
        "all": [
            0.6066666666666667,
            0.6066666666666667,
            0.5866666666666667,
            0.5866666666666667,
            0.6,
            0.62,
            0.5666666666666667,
            0.56,
            0.56,
            0.58
        ]
    },
    "128": {
        "mean": 0.5666666666666667,
        "max": 0.5666666666666667,
        "min": 0.5666666666666667,
        "all": [
            0.5666666666666667,
            0.5666666666666667,
            0.5666666666666667,
            0.5666666666666667,
            0.5666666666666667,
            0.5666666666666667,
            0.5666666666666667,
            0.5666666666666667,
            0.5666666666666667,
            0.5666666666666667
        ]
    }
}