{
    "1": {
        "mean": 0.4326666666666667,
        "max": 0.4866666666666667,
        "min": 0.36666666666666664,
        "all": [
            0.43333333333333335,
            0.42,
            0.47333333333333333,
            0.36666666666666664,
            0.44,
            0.4866666666666667,
            0.38,
            0.41333333333333333,
            0.4666666666666667,
            0.44666666666666666
        ]
    },
    "2": {
        "mean": 0.516,
        "max": 0.5466666666666666,
        "min": 0.48,
        "all": [
            0.49333333333333335,
            0.5266666666666666,
            0.52,
            0.5466666666666666,
            0.5133333333333333,
            0.49333333333333335,
            0.52,
            0.48,
            0.5266666666666666,
            0.54
        ]
    },
    "4": {
        "mean": 0.5593333333333332,
        "max": 0.6,
        "min": 0.5333333333333333,
        "all": [
            0.5533333333333333,
            0.56,
            0.54,
            0.54,
            0.5866666666666667,
            0.6,
            0.5333333333333333,
            0.56,
            0.58,
            0.54
        ]
    },
    "8": {
        "mean": 0.5820000000000001,
        "max": 0.6066666666666667,
        "min": 0.5333333333333333,
        "all": [
            0.5933333333333334,
            0.5933333333333334,
            0.5333333333333333,
            0.5533333333333333,
            0.5933333333333334,
            0.58,
            0.5866666666666667,
            0.5933333333333334,
            0.5866666666666667,
            0.6066666666666667
        ]
    },
    "16": {
        "mean": 0.5660000000000001,
        "max": 0.6066666666666667,
        "min": 0.5466666666666666,
        "all": [
            0.5666666666666667,
            0.56,
            0.6066666666666667,
            0.56,
            0.5466666666666666,
            0.5866666666666667,
            0.5466666666666666,
            0.56,
            0.56,
            0.5666666666666667
        ]
    },
    "32": {
        "mean": 0.5846666666666667,
        "max": 0.6533333333333333,
        "min": 0.5466666666666666,
        "all": [
            0.5733333333333334,
            0.58,
            0.56,
            0.6,
            0.6533333333333333,
            0.5933333333333334,
            0.6,
            0.5466666666666666,
            0.5733333333333334,
            0.5666666666666667
        ]
    },
    "64": {
        "mean": 0.5833333333333334,
        "max": 0.62,
        "min": 0.5533333333333333,
        "all": [
            0.5866666666666667,
            0.5933333333333334,
            0.58,
            0.5933333333333334,
            0.5866666666666667,
            0.62,
            0.5933333333333334,
            0.5533333333333333,
            0.56,
            0.5666666666666667
        ]
    },
    "128": {
        "mean": 0.5666666666666667,
        "max": 0.5666666666666667,
        "min": 0.5666666666666667,
        "all": [
            0.5666666666666667,
            0.5666666666666667,
            0.5666666666666667,
            0.5666666666666667,
            0.5666666666666667,
            0.5666666666666667,
            0.5666666666666667,
            0.5666666666666667,
            0.5666666666666667,
            0.5666666666666667
        ]
    }
}