{
    "1": {
        "mean": 0.4326666666666667,
        "max": 0.4866666666666667,
        "min": 0.36666666666666664,
        "all": [
            0.43333333333333335,
            0.42,
            0.47333333333333333,
            0.36666666666666664,
            0.44,
            0.4866666666666667,
            0.38,
            0.41333333333333333,
            0.4666666666666667,
            0.44666666666666666
        ]
    },
    "2": {
        "mean": 0.5053333333333334,
        "max": 0.56,
        "min": 0.46,
        "all": [
            0.5,
            0.52,
            0.49333333333333335,
            0.56,
            0.52,
            0.5066666666666667,
            0.52,
            0.46,
            0.4666666666666667,
            0.5066666666666667
        ]
    },
    "4": {
        "mean": 0.554,
        "max": 0.5933333333333334,
        "min": 0.5,
        "all": [
            0.5466666666666666,
            0.5866666666666667,
            0.56,
            0.52,
            0.5733333333333334,
            0.5866666666666667,
            0.54,
            0.5333333333333333,
            0.5933333333333334,
            0.5
        ]
    },
    "8": {
        "mean": 0.5793333333333333,
        "max": 0.6266666666666667,
        "min": 0.5266666666666666,
        "all": [
            0.58,
            0.6266666666666667,
            0.56,
            0.5266666666666666,
            0.5666666666666667,
            0.6066666666666667,
            0.5866666666666667,
            0.58,
            0.5666666666666667,
            0.5933333333333334
        ]
    },
    "16": {
        "mean": 0.594,
        "max": 0.64,
        "min": 0.5666666666666667,
        "all": [
            0.62,
            0.6333333333333333,
            0.5733333333333334,
            0.58,
            0.6,
            0.64,
            0.58,
            0.5666666666666667,
            0.58,
            0.5666666666666667
        ]
    },
    "32": {
        "mean": 0.6026666666666667,
        "max": 0.6266666666666667,
        "min": 0.5733333333333334,
        "all": [
            0.62,
            0.6266666666666667,
            0.6,
            0.5933333333333334,
            0.5866666666666667,
            0.6133333333333333,
            0.6,
            0.62,
            0.5933333333333334,
            0.5733333333333334
        ]
    },
    "64": {
        "mean": 0.6,
        "max": 0.6133333333333333,
        "min": 0.5866666666666667,
        "all": [
            0.6133333333333333,
            0.5866666666666667,
            0.6,
            0.5933333333333334,
            0.6133333333333333,
            0.6133333333333333,
            0.5866666666666667,
            0.5866666666666667,
            0.6133333333333333,
            0.5933333333333334
        ]
    },
    "128": {
        "mean": 0.6133333333333333,
        "max": 0.6133333333333333,
        "min": 0.6133333333333333,
        "all": [
            0.6133333333333333,
            0.6133333333333333,
            0.6133333333333333,
            0.6133333333333333,
            0.6133333333333333,
            0.6133333333333333,
            0.6133333333333333,
            0.6133333333333333,
            0.6133333333333333,
            0.6133333333333333
        ]
    }
}