{
    "1": {
        "mean": 0.5248322147651007,
        "max": 0.5369127516778524,
        "min": 0.48322147651006714,
        "all": [
            0.5302013422818792,
            0.5369127516778524,
            0.5234899328859061,
            0.5302013422818792,
            0.5369127516778524,
            0.5369127516778524,
            0.5302013422818792,
            0.48322147651006714,
            0.5167785234899329,
            0.5234899328859061
        ]
    },
    "2": {
        "mean": 0.5489932885906039,
        "max": 0.6174496644295302,
        "min": 0.4966442953020134,
        "all": [
            0.5637583892617449,
            0.5302013422818792,
            0.5033557046979866,
            0.5436241610738255,
            0.5637583892617449,
            0.4966442953020134,
            0.5503355704697986,
            0.5570469798657718,
            0.5637583892617449,
            0.6174496644295302
        ]
    },
    "4": {
        "mean": 0.5651006711409396,
        "max": 0.5973154362416108,
        "min": 0.5167785234899329,
        "all": [
            0.5771812080536913,
            0.5637583892617449,
            0.5637583892617449,
            0.5771812080536913,
            0.5570469798657718,
            0.5167785234899329,
            0.5906040268456376,
            0.5973154362416108,
            0.5771812080536913,
            0.5302013422818792
        ]
    },
    "8": {
        "mean": 0.5503355704697988,
        "max": 0.5771812080536913,
        "min": 0.5234899328859061,
        "all": [
            0.5771812080536913,
            0.5704697986577181,
            0.5369127516778524,
            0.5302013422818792,
            0.5570469798657718,
            0.5234899328859061,
            0.5637583892617449,
            0.5369127516778524,
            0.5570469798657718,
            0.5503355704697986
        ]
    },
    "16": {
        "mean": 0.5536912751677853,
        "max": 0.5906040268456376,
        "min": 0.5100671140939598,
        "all": [
            0.5570469798657718,
            0.5637583892617449,
            0.5906040268456376,
            0.5570469798657718,
            0.5100671140939598,
            0.5838926174496645,
            0.5570469798657718,
            0.5234899328859061,
            0.5436241610738255,
            0.5503355704697986
        ]
    },
    "32": {
        "mean": 0.5523489932885907,
        "max": 0.5906040268456376,
        "min": 0.5100671140939598,
        "all": [
            0.5302013422818792,
            0.5637583892617449,
            0.5302013422818792,
            0.5906040268456376,
            0.5637583892617449,
            0.5100671140939598,
            0.5570469798657718,
            0.5570469798657718,
            0.5637583892617449,
            0.5570469798657718
        ]
    },
    "64": {
        "mean": 0.5248322147651008,
        "max": 0.5503355704697986,
        "min": 0.4563758389261745,
        "all": [
            0.5503355704697986,
            0.4563758389261745,
            0.4899328859060403,
            0.5234899328859061,
            0.5302013422818792,
            0.5503355704697986,
            0.5302013422818792,
            0.5302013422818792,
            0.5369127516778524,
            0.5503355704697986
        ]
    },
    "128": {
        "mean": 0.553020134228188,
        "max": 0.5637583892617449,
        "min": 0.5436241610738255,
        "all": [
            0.5436241610738255,
            0.5570469798657718,
            0.5503355704697986,
            0.5637583892617449,
            0.5436241610738255,
            0.5570469798657718,
            0.5637583892617449,
            0.5570469798657718,
            0.5436241610738255,
            0.5503355704697986
        ]
    }
}