{
    "1": {
        "mean": 0.31517241379310346,
        "max": 0.3448275862068966,
        "min": 0.2620689655172414,
        "all": [
            0.3448275862068966,
            0.2827586206896552,
            0.2689655172413793,
            0.33793103448275863,
            0.3310344827586207,
            0.2620689655172414,
            0.31724137931034485,
            0.3310344827586207,
            0.3310344827586207,
            0.3448275862068966
        ]
    },
    "2": {
        "mean": 0.3448275862068965,
        "max": 0.38620689655172413,
        "min": 0.31724137931034485,
        "all": [
            0.3448275862068966,
            0.31724137931034485,
            0.3310344827586207,
            0.3310344827586207,
            0.36551724137931035,
            0.36551724137931035,
            0.35172413793103446,
            0.31724137931034485,
            0.38620689655172413,
            0.33793103448275863
        ]
    },
    "4": {
        "mean": 0.35379310344827586,
        "max": 0.4068965517241379,
        "min": 0.30344827586206896,
        "all": [
            0.36551724137931035,
            0.30344827586206896,
            0.3931034482758621,
            0.4068965517241379,
            0.3724137931034483,
            0.3103448275862069,
            0.35172413793103446,
            0.31724137931034485,
            0.38620689655172413,
            0.3310344827586207
        ]
    },
    "8": {
        "mean": 0.3517241379310344,
        "max": 0.4068965517241379,
        "min": 0.31724137931034485,
        "all": [
            0.3448275862068966,
            0.31724137931034485,
            0.31724137931034485,
            0.4068965517241379,
            0.36551724137931035,
            0.3586206896551724,
            0.32413793103448274,
            0.35172413793103446,
            0.4,
            0.3310344827586207
        ]
    },
    "16": {
        "mean": 0.376551724137931,
        "max": 0.4068965517241379,
        "min": 0.3310344827586207,
        "all": [
            0.38620689655172413,
            0.38620689655172413,
            0.3586206896551724,
            0.3724137931034483,
            0.4068965517241379,
            0.38620689655172413,
            0.3931034482758621,
            0.3310344827586207,
            0.3724137931034483,
            0.3724137931034483
        ]
    },
    "32": {
        "mean": 0.36689655172413793,
        "max": 0.3931034482758621,
        "min": 0.3310344827586207,
        "all": [
            0.3310344827586207,
            0.3931034482758621,
            0.3724137931034483,
            0.3793103448275862,
            0.36551724137931035,
            0.38620689655172413,
            0.3724137931034483,
            0.33793103448275863,
            0.3586206896551724,
            0.3724137931034483
        ]
    },
    "64": {
        "mean": 0.3462068965517241,
        "max": 0.3724137931034483,
        "min": 0.32413793103448274,
        "all": [
            0.33793103448275863,
            0.3724137931034483,
            0.3310344827586207,
            0.3310344827586207,
            0.3448275862068966,
            0.33793103448275863,
            0.3724137931034483,
            0.33793103448275863,
            0.3724137931034483,
            0.32413793103448274
        ]
    },
    "128": {
        "mean": 0.33103448275862063,
        "max": 0.3310344827586207,
        "min": 0.3310344827586207,
        "all": [
            0.3310344827586207,
            0.3310344827586207,
            0.3310344827586207,
            0.3310344827586207,
            0.3310344827586207,
            0.3310344827586207,
            0.3310344827586207,
            0.3310344827586207,
            0.3310344827586207,
            0.3310344827586207
        ]
    }
}