{
    "1": {
        "mean": 0.4174496644295302,
        "max": 0.4563758389261745,
        "min": 0.3691275167785235,
        "all": [
            0.4228187919463087,
            0.4228187919463087,
            0.3825503355704698,
            0.436241610738255,
            0.44966442953020136,
            0.38926174496644295,
            0.42953020134228187,
            0.3691275167785235,
            0.4161073825503356,
            0.4563758389261745
        ]
    },
    "2": {
        "mean": 0.42214765100671137,
        "max": 0.4563758389261745,
        "min": 0.35570469798657717,
        "all": [
            0.42953020134228187,
            0.40939597315436244,
            0.42953020134228187,
            0.4563758389261745,
            0.4429530201342282,
            0.3959731543624161,
            0.4429530201342282,
            0.35570469798657717,
            0.4429530201342282,
            0.4161073825503356
        ]
    },
    "4": {
        "mean": 0.41946308724832215,
        "max": 0.4563758389261745,
        "min": 0.37583892617449666,
        "all": [
            0.4563758389261745,
            0.4161073825503356,
            0.3959731543624161,
            0.4161073825503356,
            0.37583892617449666,
            0.40268456375838924,
            0.436241610738255,
            0.4228187919463087,
            0.4228187919463087,
            0.44966442953020136
        ]
    },
    "8": {
        "mean": 0.397986577181208,
        "max": 0.4429530201342282,
        "min": 0.3624161073825503,
        "all": [
            0.3825503355704698,
            0.37583892617449666,
            0.40268456375838924,
            0.4429530201342282,
            0.3624161073825503,
            0.3825503355704698,
            0.40268456375838924,
            0.40268456375838924,
            0.40939597315436244,
            0.4161073825503356
        ]
    },
    "16": {
        "mean": 0.3899328859060403,
        "max": 0.40939597315436244,
        "min": 0.348993288590604,
        "all": [
            0.40939597315436244,
            0.40268456375838924,
            0.3691275167785235,
            0.38926174496644295,
            0.348993288590604,
            0.40268456375838924,
            0.37583892617449666,
            0.40939597315436244,
            0.38926174496644295,
            0.40268456375838924
        ]
    },
    "32": {
        "mean": 0.3664429530201342,
        "max": 0.40268456375838924,
        "min": 0.3288590604026846,
        "all": [
            0.3691275167785235,
            0.40268456375838924,
            0.3959731543624161,
            0.3691275167785235,
            0.3691275167785235,
            0.3825503355704698,
            0.3288590604026846,
            0.35570469798657717,
            0.348993288590604,
            0.3422818791946309
        ]
    },
    "64": {
        "mean": 0.3530201342281879,
        "max": 0.3825503355704698,
        "min": 0.3221476510067114,
        "all": [
            0.348993288590604,
            0.3825503355704698,
            0.35570469798657717,
            0.3288590604026846,
            0.35570469798657717,
            0.37583892617449666,
            0.35570469798657717,
            0.3221476510067114,
            0.3422818791946309,
            0.3624161073825503
        ]
    },
    "128": {
        "mean": 0.3288590604026846,
        "max": 0.3288590604026846,
        "min": 0.3288590604026846,
        "all": [
            0.3288590604026846,
            0.3288590604026846,
            0.3288590604026846,
            0.3288590604026846,
            0.3288590604026846,
            0.3288590604026846,
            0.3288590604026846,
            0.3288590604026846,
            0.3288590604026846,
            0.3288590604026846
        ]
    }
}