{
    "1": {
        "mean": 0.4174496644295302,
        "max": 0.4563758389261745,
        "min": 0.3691275167785235,
        "all": [
            0.4228187919463087,
            0.4228187919463087,
            0.3825503355704698,
            0.436241610738255,
            0.44966442953020136,
            0.38926174496644295,
            0.42953020134228187,
            0.3691275167785235,
            0.4161073825503356,
            0.4563758389261745
        ]
    },
    "2": {
        "mean": 0.4389261744966443,
        "max": 0.48322147651006714,
        "min": 0.3959731543624161,
        "all": [
            0.4228187919463087,
            0.4429530201342282,
            0.42953020134228187,
            0.48322147651006714,
            0.4563758389261745,
            0.4161073825503356,
            0.42953020134228187,
            0.3959731543624161,
            0.4563758389261745,
            0.4563758389261745
        ]
    },
    "4": {
        "mean": 0.4348993288590604,
        "max": 0.4697986577181208,
        "min": 0.3959731543624161,
        "all": [
            0.436241610738255,
            0.40939597315436244,
            0.4161073825503356,
            0.42953020134228187,
            0.46308724832214765,
            0.3959731543624161,
            0.4228187919463087,
            0.4697986577181208,
            0.46308724832214765,
            0.4429530201342282
        ]
    },
    "8": {
        "mean": 0.4476510067114094,
        "max": 0.48322147651006714,
        "min": 0.4161073825503356,
        "all": [
            0.48322147651006714,
            0.4563758389261745,
            0.4563758389261745,
            0.4563758389261745,
            0.42953020134228187,
            0.4429530201342282,
            0.4697986577181208,
            0.4429530201342282,
            0.4161073825503356,
            0.4228187919463087
        ]
    },
    "16": {
        "mean": 0.4597315436241611,
        "max": 0.5033557046979866,
        "min": 0.436241610738255,
        "all": [
            0.46308724832214765,
            0.5033557046979866,
            0.436241610738255,
            0.4697986577181208,
            0.44966442953020136,
            0.4563758389261745,
            0.44966442953020136,
            0.46308724832214765,
            0.4429530201342282,
            0.46308724832214765
        ]
    },
    "32": {
        "mean": 0.46174496644295304,
        "max": 0.4899328859060403,
        "min": 0.436241610738255,
        "all": [
            0.4429530201342282,
            0.44966442953020136,
            0.48322147651006714,
            0.436241610738255,
            0.4563758389261745,
            0.4899328859060403,
            0.4563758389261745,
            0.44966442953020136,
            0.4697986577181208,
            0.48322147651006714
        ]
    },
    "64": {
        "mean": 0.46375838926174495,
        "max": 0.48322147651006714,
        "min": 0.4429530201342282,
        "all": [
            0.4563758389261745,
            0.4697986577181208,
            0.46308724832214765,
            0.47651006711409394,
            0.46308724832214765,
            0.4697986577181208,
            0.44966442953020136,
            0.46308724832214765,
            0.48322147651006714,
            0.4429530201342282
        ]
    },
    "128": {
        "mean": 0.4697986577181208,
        "max": 0.4697986577181208,
        "min": 0.4697986577181208,
        "all": [
            0.4697986577181208,
            0.4697986577181208,
            0.4697986577181208,
            0.4697986577181208,
            0.4697986577181208,
            0.4697986577181208,
            0.4697986577181208,
            0.4697986577181208,
            0.4697986577181208,
            0.4697986577181208
        ]
    }
}