{
    "1": {
        "mean": 0.4174496644295302,
        "max": 0.4563758389261745,
        "min": 0.3691275167785235,
        "all": [
            0.4228187919463087,
            0.4228187919463087,
            0.3825503355704698,
            0.436241610738255,
            0.44966442953020136,
            0.38926174496644295,
            0.42953020134228187,
            0.3691275167785235,
            0.4161073825503356,
            0.4563758389261745
        ]
    },
    "2": {
        "mean": 0.45704697986577186,
        "max": 0.4966442953020134,
        "min": 0.38926174496644295,
        "all": [
            0.46308724832214765,
            0.436241610738255,
            0.4429530201342282,
            0.4966442953020134,
            0.4697986577181208,
            0.44966442953020136,
            0.46308724832214765,
            0.38926174496644295,
            0.46308724832214765,
            0.4966442953020134
        ]
    },
    "4": {
        "mean": 0.48389261744966444,
        "max": 0.5167785234899329,
        "min": 0.4563758389261745,
        "all": [
            0.47651006711409394,
            0.47651006711409394,
            0.4899328859060403,
            0.4563758389261745,
            0.4697986577181208,
            0.4697986577181208,
            0.5100671140939598,
            0.5167785234899329,
            0.48322147651006714,
            0.4899328859060403
        ]
    },
    "8": {
        "mean": 0.49194630872483225,
        "max": 0.5100671140939598,
        "min": 0.4697986577181208,
        "all": [
            0.5100671140939598,
            0.5033557046979866,
            0.4697986577181208,
            0.4966442953020134,
            0.48322147651006714,
            0.5033557046979866,
            0.48322147651006714,
            0.4899328859060403,
            0.47651006711409394,
            0.5033557046979866
        ]
    },
    "16": {
        "mean": 0.5040268456375839,
        "max": 0.5369127516778524,
        "min": 0.48322147651006714,
        "all": [
            0.5167785234899329,
            0.5369127516778524,
            0.48322147651006714,
            0.5302013422818792,
            0.5100671140939598,
            0.48322147651006714,
            0.4899328859060403,
            0.4899328859060403,
            0.4899328859060403,
            0.5100671140939598
        ]
    },
    "32": {
        "mean": 0.5120805369127517,
        "max": 0.5302013422818792,
        "min": 0.48322147651006714,
        "all": [
            0.5167785234899329,
            0.5302013422818792,
            0.5100671140939598,
            0.48322147651006714,
            0.5234899328859061,
            0.5167785234899329,
            0.5234899328859061,
            0.4966442953020134,
            0.5100671140939598,
            0.5100671140939598
        ]
    },
    "64": {
        "mean": 0.5234899328859061,
        "max": 0.5369127516778524,
        "min": 0.5033557046979866,
        "all": [
            0.5302013422818792,
            0.5234899328859061,
            0.5167785234899329,
            0.5302013422818792,
            0.5167785234899329,
            0.5302013422818792,
            0.5234899328859061,
            0.5033557046979866,
            0.5234899328859061,
            0.5369127516778524
        ]
    },
    "128": {
        "mean": 0.5369127516778524,
        "max": 0.5369127516778524,
        "min": 0.5369127516778524,
        "all": [
            0.5369127516778524,
            0.5369127516778524,
            0.5369127516778524,
            0.5369127516778524,
            0.5369127516778524,
            0.5369127516778524,
            0.5369127516778524,
            0.5369127516778524,
            0.5369127516778524,
            0.5369127516778524
        ]
    }
}