{
    "1": {
        "mean": 0.33333333333333337,
        "max": 0.38666666666666666,
        "min": 0.29333333333333333,
        "all": [
            0.31333333333333335,
            0.36666666666666664,
            0.32666666666666666,
            0.38666666666666666,
            0.35333333333333333,
            0.34,
            0.30666666666666664,
            0.32,
            0.32666666666666666,
            0.29333333333333333
        ]
    },
    "2": {
        "mean": 0.4053333333333334,
        "max": 0.4666666666666667,
        "min": 0.32666666666666666,
        "all": [
            0.41333333333333333,
            0.4066666666666667,
            0.4066666666666667,
            0.41333333333333333,
            0.38666666666666666,
            0.32666666666666666,
            0.42,
            0.37333333333333335,
            0.4666666666666667,
            0.44
        ]
    },
    "4": {
        "mean": 0.41600000000000004,
        "max": 0.4533333333333333,
        "min": 0.38,
        "all": [
            0.4066666666666667,
            0.4533333333333333,
            0.43333333333333335,
            0.38,
            0.41333333333333333,
            0.44,
            0.4066666666666667,
            0.41333333333333333,
            0.38666666666666666,
            0.4266666666666667
        ]
    },
    "8": {
        "mean": 0.442,
        "max": 0.4866666666666667,
        "min": 0.4,
        "all": [
            0.42,
            0.4866666666666667,
            0.44,
            0.4066666666666667,
            0.44,
            0.4,
            0.48,
            0.46,
            0.46,
            0.4266666666666667
        ]
    },
    "16": {
        "mean": 0.4566666666666667,
        "max": 0.5466666666666666,
        "min": 0.41333333333333333,
        "all": [
            0.4266666666666667,
            0.5133333333333333,
            0.44666666666666666,
            0.46,
            0.41333333333333333,
            0.47333333333333333,
            0.43333333333333335,
            0.4266666666666667,
            0.5466666666666666,
            0.4266666666666667
        ]
    },
    "32": {
        "mean": 0.462,
        "max": 0.5,
        "min": 0.4066666666666667,
        "all": [
            0.4666666666666667,
            0.44666666666666666,
            0.46,
            0.4533333333333333,
            0.49333333333333335,
            0.4066666666666667,
            0.47333333333333333,
            0.4866666666666667,
            0.43333333333333335,
            0.5
        ]
    },
    "64": {
        "mean": 0.4786666666666667,
        "max": 0.5,
        "min": 0.46,
        "all": [
            0.5,
            0.46,
            0.48,
            0.4666666666666667,
            0.47333333333333333,
            0.4866666666666667,
            0.4666666666666667,
            0.4866666666666667,
            0.47333333333333333,
            0.49333333333333335
        ]
    },
    "128": {
        "mean": 0.4666666666666667,
        "max": 0.4666666666666667,
        "min": 0.4666666666666667,
        "all": [
            0.4666666666666667,
            0.4666666666666667,
            0.4666666666666667,
            0.4666666666666667,
            0.4666666666666667,
            0.4666666666666667,
            0.4666666666666667,
            0.4666666666666667,
            0.4666666666666667,
            0.4666666666666667
        ]
    }
}