{
    "1": {
        "mean": 0.45533333333333337,
        "max": 0.4866666666666667,
        "min": 0.43333333333333335,
        "all": [
            0.44666666666666666,
            0.4533333333333333,
            0.46,
            0.4666666666666667,
            0.43333333333333335,
            0.44,
            0.4866666666666667,
            0.43333333333333335,
            0.46,
            0.47333333333333333
        ]
    },
    "2": {
        "mean": 0.46799999999999997,
        "max": 0.5333333333333333,
        "min": 0.42,
        "all": [
            0.49333333333333335,
            0.48,
            0.42,
            0.4666666666666667,
            0.46,
            0.46,
            0.5333333333333333,
            0.46,
            0.44666666666666666,
            0.46
        ]
    },
    "4": {
        "mean": 0.4793333333333333,
        "max": 0.5,
        "min": 0.4533333333333333,
        "all": [
            0.49333333333333335,
            0.48,
            0.5,
            0.46,
            0.48,
            0.48,
            0.48,
            0.4533333333333333,
            0.48,
            0.4866666666666667
        ]
    },
    "8": {
        "mean": 0.49733333333333335,
        "max": 0.5133333333333333,
        "min": 0.48,
        "all": [
            0.5,
            0.49333333333333335,
            0.5133333333333333,
            0.5066666666666667,
            0.48,
            0.5,
            0.49333333333333335,
            0.4866666666666667,
            0.5133333333333333,
            0.4866666666666667
        ]
    },
    "16": {
        "mean": 0.49399999999999994,
        "max": 0.5133333333333333,
        "min": 0.48,
        "all": [
            0.5133333333333333,
            0.5,
            0.4866666666666667,
            0.48,
            0.49333333333333335,
            0.5,
            0.49333333333333335,
            0.4866666666666667,
            0.5,
            0.4866666666666667
        ]
    },
    "32": {
        "mean": 0.496,
        "max": 0.5066666666666667,
        "min": 0.47333333333333333,
        "all": [
            0.49333333333333335,
            0.49333333333333335,
            0.5,
            0.5066666666666667,
            0.5,
            0.5,
            0.5,
            0.5,
            0.47333333333333333,
            0.49333333333333335
        ]
    },
    "64": {
        "mean": 0.4993333333333333,
        "max": 0.5133333333333333,
        "min": 0.4866666666666667,
        "all": [
            0.5,
            0.5133333333333333,
            0.5,
            0.5066666666666667,
            0.5,
            0.5,
            0.49333333333333335,
            0.5,
            0.49333333333333335,
            0.4866666666666667
        ]
    },
    "128": {
        "mean": 0.49333333333333335,
        "max": 0.49333333333333335,
        "min": 0.49333333333333335,
        "all": [
            0.49333333333333335,
            0.49333333333333335,
            0.49333333333333335,
            0.49333333333333335,
            0.49333333333333335,
            0.49333333333333335,
            0.49333333333333335,
            0.49333333333333335,
            0.49333333333333335,
            0.49333333333333335
        ]
    }
}