{
    "1": {
        "mean": 0.45533333333333337,
        "max": 0.4866666666666667,
        "min": 0.43333333333333335,
        "all": [
            0.44666666666666666,
            0.4533333333333333,
            0.46,
            0.4666666666666667,
            0.43333333333333335,
            0.44,
            0.4866666666666667,
            0.43333333333333335,
            0.46,
            0.47333333333333333
        ]
    },
    "2": {
        "mean": 0.462,
        "max": 0.5,
        "min": 0.42,
        "all": [
            0.46,
            0.48,
            0.42,
            0.5,
            0.43333333333333335,
            0.4533333333333333,
            0.5,
            0.4666666666666667,
            0.44666666666666666,
            0.46
        ]
    },
    "4": {
        "mean": 0.4746666666666666,
        "max": 0.5,
        "min": 0.4266666666666667,
        "all": [
            0.47333333333333333,
            0.47333333333333333,
            0.5,
            0.4666666666666667,
            0.48,
            0.4666666666666667,
            0.49333333333333335,
            0.4266666666666667,
            0.48,
            0.4866666666666667
        ]
    },
    "8": {
        "mean": 0.48866666666666675,
        "max": 0.5066666666666667,
        "min": 0.47333333333333333,
        "all": [
            0.5066666666666667,
            0.48,
            0.5,
            0.5,
            0.48,
            0.4866666666666667,
            0.5,
            0.48,
            0.48,
            0.47333333333333333
        ]
    },
    "16": {
        "mean": 0.484,
        "max": 0.5066666666666667,
        "min": 0.4666666666666667,
        "all": [
            0.5066666666666667,
            0.4666666666666667,
            0.47333333333333333,
            0.48,
            0.5066666666666667,
            0.5,
            0.48,
            0.4666666666666667,
            0.47333333333333333,
            0.4866666666666667
        ]
    },
    "32": {
        "mean": 0.49000000000000005,
        "max": 0.5066666666666667,
        "min": 0.47333333333333333,
        "all": [
            0.49333333333333335,
            0.5066666666666667,
            0.47333333333333333,
            0.49333333333333335,
            0.4866666666666667,
            0.5066666666666667,
            0.4866666666666667,
            0.5,
            0.48,
            0.47333333333333333
        ]
    },
    "64": {
        "mean": 0.4953333333333333,
        "max": 0.5066666666666667,
        "min": 0.48,
        "all": [
            0.49333333333333335,
            0.5,
            0.5066666666666667,
            0.4866666666666667,
            0.48,
            0.5,
            0.5066666666666667,
            0.5,
            0.48,
            0.5
        ]
    },
    "128": {
        "mean": 0.5066666666666667,
        "max": 0.5066666666666667,
        "min": 0.5066666666666667,
        "all": [
            0.5066666666666667,
            0.5066666666666667,
            0.5066666666666667,
            0.5066666666666667,
            0.5066666666666667,
            0.5066666666666667,
            0.5066666666666667,
            0.5066666666666667,
            0.5066666666666667,
            0.5066666666666667
        ]
    }
}