{
    "1": {
        "mean": 0.33333333333333337,
        "max": 0.38666666666666666,
        "min": 0.29333333333333333,
        "all": [
            0.31333333333333335,
            0.36666666666666664,
            0.32666666666666666,
            0.38666666666666666,
            0.35333333333333333,
            0.34,
            0.30666666666666664,
            0.32,
            0.32666666666666666,
            0.29333333333333333
        ]
    },
    "2": {
        "mean": 0.4106666666666666,
        "max": 0.44666666666666666,
        "min": 0.3466666666666667,
        "all": [
            0.41333333333333333,
            0.41333333333333333,
            0.42,
            0.41333333333333333,
            0.38666666666666666,
            0.3466666666666667,
            0.43333333333333335,
            0.3933333333333333,
            0.44666666666666666,
            0.44
        ]
    },
    "4": {
        "mean": 0.42733333333333334,
        "max": 0.48,
        "min": 0.38666666666666666,
        "all": [
            0.43333333333333335,
            0.48,
            0.42,
            0.3933333333333333,
            0.4666666666666667,
            0.4066666666666667,
            0.4066666666666667,
            0.4533333333333333,
            0.38666666666666666,
            0.4266666666666667
        ]
    },
    "8": {
        "mean": 0.45066666666666666,
        "max": 0.49333333333333335,
        "min": 0.4,
        "all": [
            0.49333333333333335,
            0.44666666666666666,
            0.4,
            0.4533333333333333,
            0.44,
            0.44666666666666666,
            0.4533333333333333,
            0.4866666666666667,
            0.4266666666666667,
            0.46
        ]
    },
    "16": {
        "mean": 0.466,
        "max": 0.5066666666666667,
        "min": 0.4266666666666667,
        "all": [
            0.47333333333333333,
            0.4866666666666667,
            0.4266666666666667,
            0.48,
            0.43333333333333335,
            0.47333333333333333,
            0.4533333333333333,
            0.47333333333333333,
            0.5066666666666667,
            0.4533333333333333
        ]
    },
    "32": {
        "mean": 0.4873333333333334,
        "max": 0.52,
        "min": 0.4533333333333333,
        "all": [
            0.4533333333333333,
            0.48,
            0.49333333333333335,
            0.5,
            0.52,
            0.48,
            0.48,
            0.5,
            0.46,
            0.5066666666666667
        ]
    },
    "64": {
        "mean": 0.4746666666666666,
        "max": 0.5266666666666666,
        "min": 0.44,
        "all": [
            0.44666666666666666,
            0.5266666666666666,
            0.5066666666666667,
            0.44,
            0.47333333333333333,
            0.4866666666666667,
            0.4666666666666667,
            0.4866666666666667,
            0.4533333333333333,
            0.46
        ]
    },
    "128": {
        "mean": 0.47333333333333333,
        "max": 0.47333333333333333,
        "min": 0.47333333333333333,
        "all": [
            0.47333333333333333,
            0.47333333333333333,
            0.47333333333333333,
            0.47333333333333333,
            0.47333333333333333,
            0.47333333333333333,
            0.47333333333333333,
            0.47333333333333333,
            0.47333333333333333,
            0.47333333333333333
        ]
    }
}