{
    "1": {
        "mean": 0.45533333333333337,
        "max": 0.4866666666666667,
        "min": 0.43333333333333335,
        "all": [
            0.44666666666666666,
            0.4533333333333333,
            0.46,
            0.4666666666666667,
            0.43333333333333335,
            0.44,
            0.4866666666666667,
            0.43333333333333335,
            0.46,
            0.47333333333333333
        ]
    },
    "2": {
        "mean": 0.4786666666666667,
        "max": 0.5333333333333333,
        "min": 0.44,
        "all": [
            0.5,
            0.5066666666666667,
            0.4533333333333333,
            0.48,
            0.4533333333333333,
            0.48,
            0.5333333333333333,
            0.44,
            0.4666666666666667,
            0.47333333333333333
        ]
    },
    "4": {
        "mean": 0.4793333333333334,
        "max": 0.5266666666666666,
        "min": 0.4533333333333333,
        "all": [
            0.49333333333333335,
            0.4666666666666667,
            0.5266666666666666,
            0.46,
            0.47333333333333333,
            0.4666666666666667,
            0.5,
            0.4533333333333333,
            0.48,
            0.47333333333333333
        ]
    },
    "8": {
        "mean": 0.4913333333333333,
        "max": 0.52,
        "min": 0.47333333333333333,
        "all": [
            0.5133333333333333,
            0.47333333333333333,
            0.52,
            0.4866666666666667,
            0.49333333333333335,
            0.47333333333333333,
            0.48,
            0.49333333333333335,
            0.49333333333333335,
            0.4866666666666667
        ]
    },
    "16": {
        "mean": 0.4840000000000001,
        "max": 0.5066666666666667,
        "min": 0.46,
        "all": [
            0.5066666666666667,
            0.5,
            0.47333333333333333,
            0.48,
            0.47333333333333333,
            0.49333333333333335,
            0.4866666666666667,
            0.49333333333333335,
            0.46,
            0.47333333333333333
        ]
    },
    "32": {
        "mean": 0.48533333333333334,
        "max": 0.5066666666666667,
        "min": 0.46,
        "all": [
            0.5,
            0.48,
            0.48,
            0.48,
            0.5066666666666667,
            0.5066666666666667,
            0.4666666666666667,
            0.48,
            0.49333333333333335,
            0.46
        ]
    },
    "64": {
        "mean": 0.4746666666666666,
        "max": 0.4866666666666667,
        "min": 0.46,
        "all": [
            0.46,
            0.47333333333333333,
            0.4866666666666667,
            0.4866666666666667,
            0.46,
            0.48,
            0.4666666666666667,
            0.4866666666666667,
            0.48,
            0.4666666666666667
        ]
    },
    "128": {
        "mean": 0.47333333333333333,
        "max": 0.47333333333333333,
        "min": 0.47333333333333333,
        "all": [
            0.47333333333333333,
            0.47333333333333333,
            0.47333333333333333,
            0.47333333333333333,
            0.47333333333333333,
            0.47333333333333333,
            0.47333333333333333,
            0.47333333333333333,
            0.47333333333333333,
            0.47333333333333333
        ]
    }
}