{
    "1": {
        "mean": 0.3786666666666667,
        "max": 0.4666666666666667,
        "min": 0.31333333333333335,
        "all": [
            0.34,
            0.4066666666666667,
            0.3333333333333333,
            0.41333333333333333,
            0.4666666666666667,
            0.31333333333333335,
            0.38,
            0.32666666666666666,
            0.41333333333333333,
            0.3933333333333333
        ]
    },
    "2": {
        "mean": 0.45533333333333337,
        "max": 0.5333333333333333,
        "min": 0.38666666666666666,
        "all": [
            0.46,
            0.46,
            0.38666666666666666,
            0.52,
            0.4666666666666667,
            0.47333333333333333,
            0.4666666666666667,
            0.4,
            0.5333333333333333,
            0.38666666666666666
        ]
    },
    "4": {
        "mean": 0.4993333333333334,
        "max": 0.5333333333333333,
        "min": 0.47333333333333333,
        "all": [
            0.5133333333333333,
            0.5133333333333333,
            0.49333333333333335,
            0.47333333333333333,
            0.5333333333333333,
            0.4866666666666667,
            0.5,
            0.5,
            0.5066666666666667,
            0.47333333333333333
        ]
    },
    "8": {
        "mean": 0.524,
        "max": 0.5933333333333334,
        "min": 0.4533333333333333,
        "all": [
            0.5266666666666666,
            0.54,
            0.5933333333333334,
            0.46,
            0.5333333333333333,
            0.5333333333333333,
            0.4533333333333333,
            0.5266666666666666,
            0.56,
            0.5133333333333333
        ]
    },
    "16": {
        "mean": 0.5406666666666666,
        "max": 0.58,
        "min": 0.5,
        "all": [
            0.54,
            0.5333333333333333,
            0.5266666666666666,
            0.5266666666666666,
            0.5,
            0.5733333333333334,
            0.52,
            0.58,
            0.5666666666666667,
            0.54
        ]
    },
    "32": {
        "mean": 0.54,
        "max": 0.58,
        "min": 0.5066666666666667,
        "all": [
            0.5333333333333333,
            0.52,
            0.5066666666666667,
            0.54,
            0.5466666666666666,
            0.52,
            0.58,
            0.5266666666666666,
            0.58,
            0.5466666666666666
        ]
    },
    "64": {
        "mean": 0.5640000000000001,
        "max": 0.58,
        "min": 0.5466666666666666,
        "all": [
            0.5666666666666667,
            0.5666666666666667,
            0.5733333333333334,
            0.58,
            0.5666666666666667,
            0.5466666666666666,
            0.5666666666666667,
            0.5733333333333334,
            0.5533333333333333,
            0.5466666666666666
        ]
    },
    "128": {
        "mean": 0.5513333333333333,
        "max": 0.5733333333333334,
        "min": 0.5333333333333333,
        "all": [
            0.5533333333333333,
            0.5733333333333334,
            0.5733333333333334,
            0.5466666666666666,
            0.5333333333333333,
            0.5466666666666666,
            0.5533333333333333,
            0.54,
            0.5533333333333333,
            0.54
        ]
    }
}