{
    "1": {
        "mean": 0.3786666666666667,
        "max": 0.4666666666666667,
        "min": 0.31333333333333335,
        "all": [
            0.34,
            0.4066666666666667,
            0.3333333333333333,
            0.41333333333333333,
            0.4666666666666667,
            0.31333333333333335,
            0.38,
            0.32666666666666666,
            0.41333333333333333,
            0.3933333333333333
        ]
    },
    "2": {
        "mean": 0.45999999999999996,
        "max": 0.54,
        "min": 0.4,
        "all": [
            0.4666666666666667,
            0.4266666666666667,
            0.4,
            0.52,
            0.47333333333333333,
            0.47333333333333333,
            0.47333333333333333,
            0.42,
            0.54,
            0.4066666666666667
        ]
    },
    "4": {
        "mean": 0.514,
        "max": 0.54,
        "min": 0.43333333333333335,
        "all": [
            0.5133333333333333,
            0.5333333333333333,
            0.5333333333333333,
            0.5133333333333333,
            0.54,
            0.5266666666666666,
            0.5133333333333333,
            0.52,
            0.5133333333333333,
            0.43333333333333335
        ]
    },
    "8": {
        "mean": 0.5393333333333333,
        "max": 0.5866666666666667,
        "min": 0.4866666666666667,
        "all": [
            0.5466666666666666,
            0.5466666666666666,
            0.5866666666666667,
            0.4866666666666667,
            0.54,
            0.5533333333333333,
            0.5066666666666667,
            0.56,
            0.5533333333333333,
            0.5133333333333333
        ]
    },
    "16": {
        "mean": 0.5466666666666667,
        "max": 0.5666666666666667,
        "min": 0.5133333333333333,
        "all": [
            0.5533333333333333,
            0.56,
            0.52,
            0.56,
            0.5133333333333333,
            0.5533333333333333,
            0.54,
            0.5666666666666667,
            0.5533333333333333,
            0.5466666666666666
        ]
    },
    "32": {
        "mean": 0.546,
        "max": 0.5733333333333334,
        "min": 0.5133333333333333,
        "all": [
            0.5666666666666667,
            0.5533333333333333,
            0.54,
            0.5133333333333333,
            0.5333333333333333,
            0.54,
            0.5733333333333334,
            0.52,
            0.5666666666666667,
            0.5533333333333333
        ]
    },
    "64": {
        "mean": 0.5386666666666666,
        "max": 0.5666666666666667,
        "min": 0.5066666666666667,
        "all": [
            0.5666666666666667,
            0.5066666666666667,
            0.5466666666666666,
            0.5266666666666666,
            0.5266666666666666,
            0.5266666666666666,
            0.56,
            0.54,
            0.5266666666666666,
            0.56
        ]
    },
    "128": {
        "mean": 0.5353333333333332,
        "max": 0.5533333333333333,
        "min": 0.5266666666666666,
        "all": [
            0.5266666666666666,
            0.5533333333333333,
            0.5333333333333333,
            0.5266666666666666,
            0.54,
            0.5266666666666666,
            0.54,
            0.5333333333333333,
            0.5333333333333333,
            0.54
        ]
    }
}