{
    "1": {
        "mean": 0.3786666666666667,
        "max": 0.4666666666666667,
        "min": 0.31333333333333335,
        "all": [
            0.34,
            0.4066666666666667,
            0.3333333333333333,
            0.41333333333333333,
            0.4666666666666667,
            0.31333333333333335,
            0.38,
            0.32666666666666666,
            0.41333333333333333,
            0.3933333333333333
        ]
    },
    "2": {
        "mean": 0.45266666666666666,
        "max": 0.52,
        "min": 0.38,
        "all": [
            0.4866666666666667,
            0.44666666666666666,
            0.3933333333333333,
            0.52,
            0.47333333333333333,
            0.4533333333333333,
            0.4666666666666667,
            0.4,
            0.5066666666666667,
            0.38
        ]
    },
    "4": {
        "mean": 0.5053333333333334,
        "max": 0.5666666666666667,
        "min": 0.4666666666666667,
        "all": [
            0.5266666666666666,
            0.4866666666666667,
            0.5266666666666666,
            0.49333333333333335,
            0.5666666666666667,
            0.5066666666666667,
            0.5066666666666667,
            0.48,
            0.49333333333333335,
            0.4666666666666667
        ]
    },
    "8": {
        "mean": 0.516,
        "max": 0.56,
        "min": 0.46,
        "all": [
            0.5533333333333333,
            0.5,
            0.5533333333333333,
            0.46,
            0.5333333333333333,
            0.48,
            0.5,
            0.52,
            0.56,
            0.5
        ]
    },
    "16": {
        "mean": 0.5386666666666667,
        "max": 0.56,
        "min": 0.5133333333333333,
        "all": [
            0.5133333333333333,
            0.5533333333333333,
            0.5266666666666666,
            0.5333333333333333,
            0.56,
            0.5266666666666666,
            0.5333333333333333,
            0.5466666666666666,
            0.5466666666666666,
            0.5466666666666666
        ]
    },
    "32": {
        "mean": 0.5366666666666666,
        "max": 0.56,
        "min": 0.5,
        "all": [
            0.5266666666666666,
            0.5466666666666666,
            0.54,
            0.5333333333333333,
            0.5533333333333333,
            0.5133333333333333,
            0.5533333333333333,
            0.5,
            0.56,
            0.54
        ]
    },
    "64": {
        "mean": 0.5826666666666667,
        "max": 0.6133333333333333,
        "min": 0.5666666666666667,
        "all": [
            0.6,
            0.5666666666666667,
            0.5733333333333334,
            0.5666666666666667,
            0.5866666666666667,
            0.5666666666666667,
            0.6066666666666667,
            0.6133333333333333,
            0.5666666666666667,
            0.58
        ]
    },
    "128": {
        "mean": 0.6066666666666667,
        "max": 0.6066666666666667,
        "min": 0.6066666666666667,
        "all": [
            0.6066666666666667,
            0.6066666666666667,
            0.6066666666666667,
            0.6066666666666667,
            0.6066666666666667,
            0.6066666666666667,
            0.6066666666666667,
            0.6066666666666667,
            0.6066666666666667,
            0.6066666666666667
        ]
    }
}