{
    "1": {
        "mean": 0.4815317498788172,
        "max": 0.4968492486669898,
        "min": 0.4692195831313621,
        "all": [
            0.4968492486669898,
            0.47649054774600097,
            0.48618516723218613,
            0.4881240911294232,
            0.48327678138633057,
            0.48327678138633057,
            0.4774600096946195,
            0.4774600096946195,
            0.4769752787203102,
            0.4692195831313621
        ]
    },
    "2": {
        "mean": 0.5158507028599127,
        "max": 0.523509452253999,
        "min": 0.5070285991274842,
        "all": [
            0.5152690256907416,
            0.523509452253999,
            0.5099369849733398,
            0.5109064469219583,
            0.5201163354338342,
            0.5196316044595249,
            0.5113911778962675,
            0.5181774115365972,
            0.5225399903053806,
            0.5070285991274842
        ]
    },
    "4": {
        "mean": 0.5390208434318953,
        "max": 0.5545322346097916,
        "min": 0.5220552593310712,
        "all": [
            0.5438681531749879,
            0.5380513814832768,
            0.5220552593310712,
            0.5395055744062045,
            0.5545322346097916,
            0.5390208434318953,
            0.5404750363548231,
            0.5361124575860398,
            0.5278720310227824,
            0.5487154629180805
        ]
    },
    "8": {
        "mean": 0.5452253999030539,
        "max": 0.5593795443528842,
        "min": 0.5220552593310712,
        "all": [
            0.5506543868153175,
            0.5521085797382452,
            0.5462918080465342,
            0.5438681531749879,
            0.5521085797382452,
            0.5593795443528842,
            0.5482307319437713,
            0.5351429956374212,
            0.5424139602520601,
            0.5220552593310712
        ]
    },
    "16": {
        "mean": 0.5510421715947649,
        "max": 0.5627726611730489,
        "min": 0.5414444983034415,
        "all": [
            0.5627726611730489,
            0.5579253514299564,
            0.5414444983034415,
            0.5511391177896268,
            0.551623848763936,
            0.5506543868153175,
            0.5458070770722249,
            0.5462918080465342,
            0.5501696558410082,
            0.5525933107125546
        ]
    },
    "32": {
        "mean": 0.5481337857489094,
        "max": 0.5593795443528842,
        "min": 0.5414444983034415,
        "all": [
            0.5462918080465342,
            0.5448376151236064,
            0.5414444983034415,
            0.5506543868153175,
            0.551623848763936,
            0.5467765390208434,
            0.5540475036354823,
            0.5443528841492972,
            0.5593795443528842,
            0.5419292292777509
        ]
    },
    "64": {
        "mean": 0.5486669898206495,
        "max": 0.5569558894813379,
        "min": 0.5409597673291323,
        "all": [
            0.5482307319437713,
            0.5409597673291323,
            0.5501696558410082,
            0.5492001938923897,
            0.5569558894813379,
            0.5472612699951527,
            0.5477460009694619,
            0.5487154629180805,
            0.5530780416868638,
            0.5443528841492972
        ]
    },
    "128": {
        "mean": 0.5458070770722249,
        "max": 0.5458070770722249,
        "min": 0.5458070770722249,
        "all": [
            0.5458070770722249,
            0.5458070770722249,
            0.5458070770722249,
            0.5458070770722249,
            0.5458070770722249,
            0.5458070770722249,
            0.5458070770722249,
            0.5458070770722249,
            0.5458070770722249,
            0.5458070770722249
        ]
    }
}