{
    "1": {
        "mean": 0.4815317498788172,
        "max": 0.4968492486669898,
        "min": 0.4692195831313621,
        "all": [
            0.4968492486669898,
            0.47649054774600097,
            0.48618516723218613,
            0.4881240911294232,
            0.48327678138633057,
            0.48327678138633057,
            0.4774600096946195,
            0.4774600096946195,
            0.4769752787203102,
            0.4692195831313621
        ]
    },
    "2": {
        "mean": 0.5173048957828406,
        "max": 0.5293262239457102,
        "min": 0.508482792050412,
        "all": [
            0.5176926805622879,
            0.5293262239457102,
            0.5138148327678138,
            0.5210857973824528,
            0.508482792050412,
            0.5157537566650509,
            0.5109064469219583,
            0.5220552593310712,
            0.5210857973824528,
            0.5128453708191953
        ]
    },
    "4": {
        "mean": 0.5468734852157053,
        "max": 0.5559864275327193,
        "min": 0.538536112457586,
        "all": [
            0.5443528841492972,
            0.5511391177896268,
            0.5419292292777509,
            0.5487154629180805,
            0.5559864275327193,
            0.5477460009694619,
            0.5433834222006786,
            0.5462918080465342,
            0.538536112457586,
            0.5506543868153175
        ]
    },
    "8": {
        "mean": 0.5616577799321377,
        "max": 0.575860397479399,
        "min": 0.5487154629180805,
        "all": [
            0.5588948133785749,
            0.5656810470189045,
            0.5622879301987397,
            0.5632573921473583,
            0.5729520116335434,
            0.5525933107125546,
            0.575860397479399,
            0.5487154629180805,
            0.5574406204556471,
            0.5588948133785749
        ]
    },
    "16": {
        "mean": 0.5670867668444013,
        "max": 0.5729520116335434,
        "min": 0.5579253514299564,
        "all": [
            0.5729520116335434,
            0.5681047018904508,
            0.5642268540959767,
            0.5618031992244304,
            0.5719825496849249,
            0.5661657779932138,
            0.5710130877363063,
            0.5579253514299564,
            0.566650508967523,
            0.5700436257876879
        ]
    },
    "32": {
        "mean": 0.5748909355307804,
        "max": 0.579738245273873,
        "min": 0.5632573921473583,
        "all": [
            0.5753756665050896,
            0.56858943286476,
            0.5792535142995637,
            0.579738245273873,
            0.5787687833252545,
            0.5763451284537082,
            0.579738245273873,
            0.5632573921473583,
            0.5714978187106156,
            0.5763451284537082
        ]
    },
    "64": {
        "mean": 0.5767813863305865,
        "max": 0.5855550169655841,
        "min": 0.56858943286476,
        "all": [
            0.5768298594280175,
            0.5710130877363063,
            0.5855550169655841,
            0.575860397479399,
            0.5763451284537082,
            0.5792535142995637,
            0.5773145904023267,
            0.5802229762481823,
            0.5768298594280175,
            0.56858943286476
        ]
    },
    "128": {
        "mean": 0.579738245273873,
        "max": 0.579738245273873,
        "min": 0.579738245273873,
        "all": [
            0.579738245273873,
            0.579738245273873,
            0.579738245273873,
            0.579738245273873,
            0.579738245273873,
            0.579738245273873,
            0.579738245273873,
            0.579738245273873,
            0.579738245273873,
            0.579738245273873
        ]
    }
}