{
    "1": {
        "mean": 0.6838461538461539,
        "max": 0.7384615384615385,
        "min": 0.6384615384615384,
        "all": [
            0.6846153846153846,
            0.676923076923077,
            0.6538461538461539,
            0.7,
            0.6923076923076923,
            0.7384615384615385,
            0.6615384615384615,
            0.6384615384615384,
            0.6692307692307692,
            0.7230769230769231
        ]
    },
    "2": {
        "mean": 0.7176923076923077,
        "max": 0.7384615384615385,
        "min": 0.6846153846153846,
        "all": [
            0.7384615384615385,
            0.7076923076923077,
            0.7153846153846154,
            0.7384615384615385,
            0.7307692307692307,
            0.7,
            0.7230769230769231,
            0.7,
            0.6846153846153846,
            0.7384615384615385
        ]
    },
    "4": {
        "mean": 0.716923076923077,
        "max": 0.7461538461538462,
        "min": 0.7076923076923077,
        "all": [
            0.7076923076923077,
            0.7461538461538462,
            0.7076923076923077,
            0.7153846153846154,
            0.7153846153846154,
            0.7153846153846154,
            0.7076923076923077,
            0.7076923076923077,
            0.7230769230769231,
            0.7230769230769231
        ]
    },
    "8": {
        "mean": 0.6984615384615385,
        "max": 0.7384615384615385,
        "min": 0.6615384615384615,
        "all": [
            0.6846153846153846,
            0.7076923076923077,
            0.6923076923076923,
            0.6692307692307692,
            0.6846153846153846,
            0.7076923076923077,
            0.7384615384615385,
            0.7307692307692307,
            0.6615384615384615,
            0.7076923076923077
        ]
    },
    "16": {
        "mean": 0.7092307692307692,
        "max": 0.7384615384615385,
        "min": 0.6846153846153846,
        "all": [
            0.6846153846153846,
            0.7,
            0.7307692307692307,
            0.7153846153846154,
            0.7230769230769231,
            0.7076923076923077,
            0.6923076923076923,
            0.7,
            0.7384615384615385,
            0.7
        ]
    },
    "32": {
        "mean": 0.6792307692307693,
        "max": 0.7,
        "min": 0.6615384615384615,
        "all": [
            0.676923076923077,
            0.7,
            0.6692307692307692,
            0.676923076923077,
            0.676923076923077,
            0.6615384615384615,
            0.6923076923076923,
            0.6846153846153846,
            0.6692307692307692,
            0.6846153846153846
        ]
    },
    "64": {
        "mean": 0.6630769230769232,
        "max": 0.676923076923077,
        "min": 0.6461538461538462,
        "all": [
            0.6692307692307692,
            0.676923076923077,
            0.6538461538461539,
            0.6692307692307692,
            0.6461538461538462,
            0.6538461538461539,
            0.6615384615384615,
            0.6538461538461539,
            0.676923076923077,
            0.6692307692307692
        ]
    },
    "128": {
        "mean": 0.6307692307692306,
        "max": 0.6307692307692307,
        "min": 0.6307692307692307,
        "all": [
            0.6307692307692307,
            0.6307692307692307,
            0.6307692307692307,
            0.6307692307692307,
            0.6307692307692307,
            0.6307692307692307,
            0.6307692307692307,
            0.6307692307692307,
            0.6307692307692307,
            0.6307692307692307
        ]
    }
}