{
    "1": {
        "mean": 0.5248322147651007,
        "max": 0.5369127516778524,
        "min": 0.48322147651006714,
        "all": [
            0.5302013422818792,
            0.5369127516778524,
            0.5234899328859061,
            0.5302013422818792,
            0.5369127516778524,
            0.5369127516778524,
            0.5302013422818792,
            0.48322147651006714,
            0.5167785234899329,
            0.5234899328859061
        ]
    },
    "2": {
        "mean": 0.5523489932885907,
        "max": 0.6040268456375839,
        "min": 0.5234899328859061,
        "all": [
            0.5503355704697986,
            0.5369127516778524,
            0.5503355704697986,
            0.5369127516778524,
            0.5570469798657718,
            0.5234899328859061,
            0.5637583892617449,
            0.5436241610738255,
            0.5570469798657718,
            0.6040268456375839
        ]
    },
    "4": {
        "mean": 0.6053691275167786,
        "max": 0.6308724832214765,
        "min": 0.5771812080536913,
        "all": [
            0.610738255033557,
            0.5771812080536913,
            0.610738255033557,
            0.6308724832214765,
            0.5973154362416108,
            0.5973154362416108,
            0.6174496644295302,
            0.6308724832214765,
            0.5906040268456376,
            0.5906040268456376
        ]
    },
    "8": {
        "mean": 0.6228187919463087,
        "max": 0.6510067114093959,
        "min": 0.6040268456375839,
        "all": [
            0.6510067114093959,
            0.610738255033557,
            0.6375838926174496,
            0.6040268456375839,
            0.6174496644295302,
            0.6308724832214765,
            0.6308724832214765,
            0.6375838926174496,
            0.6040268456375839,
            0.6040268456375839
        ]
    },
    "16": {
        "mean": 0.612751677852349,
        "max": 0.6442953020134228,
        "min": 0.5906040268456376,
        "all": [
            0.6040268456375839,
            0.610738255033557,
            0.6308724832214765,
            0.6174496644295302,
            0.5973154362416108,
            0.6442953020134228,
            0.610738255033557,
            0.5906040268456376,
            0.5906040268456376,
            0.6308724832214765
        ]
    },
    "32": {
        "mean": 0.6281879194630873,
        "max": 0.6510067114093959,
        "min": 0.6040268456375839,
        "all": [
            0.6375838926174496,
            0.6040268456375839,
            0.6510067114093959,
            0.6241610738255033,
            0.6510067114093959,
            0.610738255033557,
            0.6241610738255033,
            0.6174496644295302,
            0.6174496644295302,
            0.6442953020134228
        ]
    },
    "64": {
        "mean": 0.6322147651006711,
        "max": 0.6375838926174496,
        "min": 0.610738255033557,
        "all": [
            0.6308724832214765,
            0.6375838926174496,
            0.6375838926174496,
            0.6308724832214765,
            0.6308724832214765,
            0.6375838926174496,
            0.6308724832214765,
            0.610738255033557,
            0.6375838926174496,
            0.6375838926174496
        ]
    },
    "128": {
        "mean": 0.6241610738255032,
        "max": 0.6241610738255033,
        "min": 0.6241610738255033,
        "all": [
            0.6241610738255033,
            0.6241610738255033,
            0.6241610738255033,
            0.6241610738255033,
            0.6241610738255033,
            0.6241610738255033,
            0.6241610738255033,
            0.6241610738255033,
            0.6241610738255033,
            0.6241610738255033
        ]
    }
}