{
    "1": {
        "mean": 0.5293333333333334,
        "max": 0.5733333333333334,
        "min": 0.48,
        "all": [
            0.5133333333333333,
            0.49333333333333335,
            0.5066666666666667,
            0.56,
            0.48,
            0.56,
            0.5,
            0.5733333333333334,
            0.5533333333333333,
            0.5533333333333333
        ]
    },
    "2": {
        "mean": 0.5433333333333333,
        "max": 0.6133333333333333,
        "min": 0.5066666666666667,
        "all": [
            0.5533333333333333,
            0.56,
            0.5333333333333333,
            0.5266666666666666,
            0.5066666666666667,
            0.6133333333333333,
            0.5266666666666666,
            0.5466666666666666,
            0.5266666666666666,
            0.54
        ]
    },
    "4": {
        "mean": 0.5393333333333332,
        "max": 0.5733333333333334,
        "min": 0.5,
        "all": [
            0.54,
            0.5133333333333333,
            0.5,
            0.5466666666666666,
            0.5266666666666666,
            0.5533333333333333,
            0.56,
            0.5733333333333334,
            0.54,
            0.54
        ]
    },
    "8": {
        "mean": 0.5526666666666668,
        "max": 0.6,
        "min": 0.5333333333333333,
        "all": [
            0.5533333333333333,
            0.6,
            0.5466666666666666,
            0.5733333333333334,
            0.5333333333333333,
            0.5466666666666666,
            0.5333333333333333,
            0.56,
            0.5333333333333333,
            0.5466666666666666
        ]
    },
    "16": {
        "mean": 0.5539999999999999,
        "max": 0.6066666666666667,
        "min": 0.52,
        "all": [
            0.6066666666666667,
            0.5733333333333334,
            0.5533333333333333,
            0.56,
            0.5266666666666666,
            0.5466666666666666,
            0.52,
            0.5666666666666667,
            0.5666666666666667,
            0.52
        ]
    },
    "32": {
        "mean": 0.5566666666666666,
        "max": 0.5866666666666667,
        "min": 0.5333333333333333,
        "all": [
            0.5733333333333334,
            0.5733333333333334,
            0.5666666666666667,
            0.5466666666666666,
            0.5733333333333334,
            0.5466666666666666,
            0.5333333333333333,
            0.5866666666666667,
            0.5333333333333333,
            0.5333333333333333
        ]
    },
    "64": {
        "mean": 0.538,
        "max": 0.5533333333333333,
        "min": 0.5133333333333333,
        "all": [
            0.5533333333333333,
            0.5466666666666666,
            0.5266666666666666,
            0.54,
            0.5266666666666666,
            0.5466666666666666,
            0.5533333333333333,
            0.54,
            0.5133333333333333,
            0.5333333333333333
        ]
    },
    "128": {
        "mean": 0.5333333333333333,
        "max": 0.5333333333333333,
        "min": 0.5333333333333333,
        "all": [
            0.5333333333333333,
            0.5333333333333333,
            0.5333333333333333,
            0.5333333333333333,
            0.5333333333333333,
            0.5333333333333333,
            0.5333333333333333,
            0.5333333333333333,
            0.5333333333333333,
            0.5333333333333333
        ]
    }
}