{
    "1": {
        "mean": 0.5293333333333334,
        "max": 0.5733333333333334,
        "min": 0.48,
        "all": [
            0.5133333333333333,
            0.49333333333333335,
            0.5066666666666667,
            0.56,
            0.48,
            0.56,
            0.5,
            0.5733333333333334,
            0.5533333333333333,
            0.5533333333333333
        ]
    },
    "2": {
        "mean": 0.5426666666666666,
        "max": 0.6066666666666667,
        "min": 0.5133333333333333,
        "all": [
            0.54,
            0.56,
            0.5466666666666666,
            0.5266666666666666,
            0.52,
            0.6066666666666667,
            0.52,
            0.5533333333333333,
            0.5133333333333333,
            0.54
        ]
    },
    "4": {
        "mean": 0.5406666666666666,
        "max": 0.6,
        "min": 0.5066666666666667,
        "all": [
            0.5333333333333333,
            0.5333333333333333,
            0.5066666666666667,
            0.5266666666666666,
            0.5266666666666666,
            0.5666666666666667,
            0.56,
            0.6,
            0.52,
            0.5333333333333333
        ]
    },
    "8": {
        "mean": 0.5533333333333333,
        "max": 0.5866666666666667,
        "min": 0.5266666666666666,
        "all": [
            0.54,
            0.5866666666666667,
            0.5533333333333333,
            0.5733333333333334,
            0.5466666666666666,
            0.5466666666666666,
            0.54,
            0.5666666666666667,
            0.5266666666666666,
            0.5533333333333333
        ]
    },
    "16": {
        "mean": 0.5513333333333333,
        "max": 0.5866666666666667,
        "min": 0.5066666666666667,
        "all": [
            0.5666666666666667,
            0.5866666666666667,
            0.5533333333333333,
            0.5466666666666666,
            0.54,
            0.56,
            0.5066666666666667,
            0.5666666666666667,
            0.5533333333333333,
            0.5333333333333333
        ]
    },
    "32": {
        "mean": 0.5640000000000001,
        "max": 0.6,
        "min": 0.5333333333333333,
        "all": [
            0.6,
            0.5733333333333334,
            0.5666666666666667,
            0.5533333333333333,
            0.58,
            0.5666666666666667,
            0.54,
            0.58,
            0.5333333333333333,
            0.5466666666666666
        ]
    },
    "64": {
        "mean": 0.5546666666666666,
        "max": 0.6,
        "min": 0.5333333333333333,
        "all": [
            0.58,
            0.5533333333333333,
            0.5333333333333333,
            0.5466666666666666,
            0.5533333333333333,
            0.5466666666666666,
            0.5533333333333333,
            0.6,
            0.54,
            0.54
        ]
    },
    "128": {
        "mean": 0.5533333333333335,
        "max": 0.5533333333333333,
        "min": 0.5533333333333333,
        "all": [
            0.5533333333333333,
            0.5533333333333333,
            0.5533333333333333,
            0.5533333333333333,
            0.5533333333333333,
            0.5533333333333333,
            0.5533333333333333,
            0.5533333333333333,
            0.5533333333333333,
            0.5533333333333333
        ]
    }
}