{
    "1": {
        "mean": 0.48133333333333334,
        "max": 0.52,
        "min": 0.43333333333333335,
        "all": [
            0.5,
            0.46,
            0.5066666666666667,
            0.43333333333333335,
            0.5,
            0.49333333333333335,
            0.44666666666666666,
            0.52,
            0.4533333333333333,
            0.5
        ]
    },
    "2": {
        "mean": 0.524,
        "max": 0.58,
        "min": 0.4866666666666667,
        "all": [
            0.56,
            0.58,
            0.5333333333333333,
            0.4866666666666667,
            0.49333333333333335,
            0.5,
            0.5333333333333333,
            0.49333333333333335,
            0.5,
            0.56
        ]
    },
    "4": {
        "mean": 0.5366666666666667,
        "max": 0.5733333333333334,
        "min": 0.5066666666666667,
        "all": [
            0.5466666666666666,
            0.52,
            0.5466666666666666,
            0.5466666666666666,
            0.5266666666666666,
            0.5466666666666666,
            0.5066666666666667,
            0.54,
            0.5733333333333334,
            0.5133333333333333
        ]
    },
    "8": {
        "mean": 0.5559999999999998,
        "max": 0.5866666666666667,
        "min": 0.52,
        "all": [
            0.52,
            0.5866666666666667,
            0.5266666666666666,
            0.52,
            0.5466666666666666,
            0.58,
            0.5666666666666667,
            0.58,
            0.5666666666666667,
            0.5666666666666667
        ]
    },
    "16": {
        "mean": 0.5586666666666666,
        "max": 0.5933333333333334,
        "min": 0.5266666666666666,
        "all": [
            0.5333333333333333,
            0.56,
            0.58,
            0.56,
            0.54,
            0.5933333333333334,
            0.5666666666666667,
            0.5733333333333334,
            0.5266666666666666,
            0.5533333333333333
        ]
    },
    "32": {
        "mean": 0.5706666666666667,
        "max": 0.6133333333333333,
        "min": 0.5333333333333333,
        "all": [
            0.5933333333333334,
            0.5533333333333333,
            0.6133333333333333,
            0.58,
            0.5866666666666667,
            0.6066666666666667,
            0.5333333333333333,
            0.5466666666666666,
            0.5333333333333333,
            0.56
        ]
    },
    "64": {
        "mean": 0.5566666666666666,
        "max": 0.58,
        "min": 0.54,
        "all": [
            0.5666666666666667,
            0.56,
            0.56,
            0.58,
            0.5466666666666666,
            0.58,
            0.54,
            0.54,
            0.54,
            0.5533333333333333
        ]
    },
    "128": {
        "mean": 0.5733333333333334,
        "max": 0.5733333333333334,
        "min": 0.5733333333333334,
        "all": [
            0.5733333333333334,
            0.5733333333333334,
            0.5733333333333334,
            0.5733333333333334,
            0.5733333333333334,
            0.5733333333333334,
            0.5733333333333334,
            0.5733333333333334,
            0.5733333333333334,
            0.5733333333333334
        ]
    }
}