{
    "1": {
        "mean": 0.4815317498788172,
        "max": 0.4968492486669898,
        "min": 0.4692195831313621,
        "all": [
            0.4968492486669898,
            0.47649054774600097,
            0.48618516723218613,
            0.4881240911294232,
            0.48327678138633057,
            0.48327678138633057,
            0.4774600096946195,
            0.4774600096946195,
            0.4769752787203102,
            0.4692195831313621
        ]
    },
    "2": {
        "mean": 0.5200678623364035,
        "max": 0.5336888027144935,
        "min": 0.5142995637421232,
        "all": [
            0.5167232186136694,
            0.5336888027144935,
            0.5206010664081435,
            0.5191468734852157,
            0.5167232186136694,
            0.5186621425109065,
            0.5167232186136694,
            0.5239941832283083,
            0.5201163354338342,
            0.5142995637421232
        ]
    },
    "4": {
        "mean": 0.5481822588463403,
        "max": 0.5584100824042656,
        "min": 0.5375666505089676,
        "all": [
            0.5501696558410082,
            0.5487154629180805,
            0.5462918080465342,
            0.5375666505089676,
            0.5540475036354823,
            0.5482307319437713,
            0.5443528841492972,
            0.5540475036354823,
            0.5399903053805138,
            0.5584100824042656
        ]
    },
    "8": {
        "mean": 0.563936015511391,
        "max": 0.5748909355307804,
        "min": 0.5506543868153175,
        "all": [
            0.566650508967523,
            0.5579253514299564,
            0.5661657779932138,
            0.5618031992244304,
            0.5748909355307804,
            0.5637421231216675,
            0.5695588948133786,
            0.5632573921473583,
            0.5506543868153175,
            0.564711585070286
        ]
    },
    "16": {
        "mean": 0.577120698012603,
        "max": 0.5826466311197286,
        "min": 0.5695588948133786,
        "all": [
            0.5768298594280175,
            0.5826466311197286,
            0.5695588948133786,
            0.5768298594280175,
            0.5729520116335434,
            0.5787687833252545,
            0.5782840523509453,
            0.5719825496849249,
            0.58167716917111,
            0.58167716917111
        ]
    },
    "32": {
        "mean": 0.5840523509452253,
        "max": 0.5904023267086767,
        "min": 0.5787687833252545,
        "all": [
            0.5811924381968008,
            0.5787687833252545,
            0.5841008240426563,
            0.5826466311197286,
            0.5850702859912749,
            0.5904023267086767,
            0.5894328647600582,
            0.58167716917111,
            0.5870092098885119,
            0.5802229762481823
        ]
    },
    "64": {
        "mean": 0.5882695104217159,
        "max": 0.590887057682986,
        "min": 0.5845855550169656,
        "all": [
            0.5865244789142026,
            0.5899175957343674,
            0.5884634028114396,
            0.5899175957343674,
            0.5845855550169656,
            0.5894328647600582,
            0.588948133785749,
            0.5850702859912749,
            0.590887057682986,
            0.588948133785749
        ]
    },
    "128": {
        "mean": 0.5933107125545323,
        "max": 0.5933107125545323,
        "min": 0.5933107125545323,
        "all": [
            0.5933107125545323,
            0.5933107125545323,
            0.5933107125545323,
            0.5933107125545323,
            0.5933107125545323,
            0.5933107125545323,
            0.5933107125545323,
            0.5933107125545323,
            0.5933107125545323,
            0.5933107125545323
        ]
    }
}