{
    "1": {
        "mean": 0.31517241379310346,
        "max": 0.3448275862068966,
        "min": 0.2620689655172414,
        "all": [
            0.3448275862068966,
            0.2827586206896552,
            0.2689655172413793,
            0.33793103448275863,
            0.3310344827586207,
            0.2620689655172414,
            0.31724137931034485,
            0.3310344827586207,
            0.3310344827586207,
            0.3448275862068966
        ]
    },
    "2": {
        "mean": 0.3372413793103448,
        "max": 0.38620689655172413,
        "min": 0.296551724137931,
        "all": [
            0.3586206896551724,
            0.3310344827586207,
            0.296551724137931,
            0.32413793103448274,
            0.38620689655172413,
            0.36551724137931035,
            0.33793103448275863,
            0.3310344827586207,
            0.3310344827586207,
            0.3103448275862069
        ]
    },
    "4": {
        "mean": 0.323448275862069,
        "max": 0.3724137931034483,
        "min": 0.2896551724137931,
        "all": [
            0.3310344827586207,
            0.296551724137931,
            0.3448275862068966,
            0.3724137931034483,
            0.32413793103448274,
            0.2896551724137931,
            0.30344827586206896,
            0.32413793103448274,
            0.33793103448275863,
            0.3103448275862069
        ]
    },
    "8": {
        "mean": 0.3351724137931035,
        "max": 0.36551724137931035,
        "min": 0.296551724137931,
        "all": [
            0.3310344827586207,
            0.31724137931034485,
            0.36551724137931035,
            0.33793103448275863,
            0.33793103448275863,
            0.3586206896551724,
            0.31724137931034485,
            0.3586206896551724,
            0.3310344827586207,
            0.296551724137931
        ]
    },
    "16": {
        "mean": 0.33034482758620687,
        "max": 0.41379310344827586,
        "min": 0.296551724137931,
        "all": [
            0.32413793103448274,
            0.41379310344827586,
            0.3103448275862069,
            0.30344827586206896,
            0.31724137931034485,
            0.296551724137931,
            0.3448275862068966,
            0.296551724137931,
            0.36551724137931035,
            0.3310344827586207
        ]
    },
    "32": {
        "mean": 0.3296551724137931,
        "max": 0.3586206896551724,
        "min": 0.296551724137931,
        "all": [
            0.31724137931034485,
            0.33793103448275863,
            0.3310344827586207,
            0.3448275862068966,
            0.31724137931034485,
            0.296551724137931,
            0.32413793103448274,
            0.3448275862068966,
            0.32413793103448274,
            0.3586206896551724
        ]
    },
    "64": {
        "mean": 0.31448275862068964,
        "max": 0.3448275862068966,
        "min": 0.2827586206896552,
        "all": [
            0.3310344827586207,
            0.31724137931034485,
            0.296551724137931,
            0.3448275862068966,
            0.2827586206896552,
            0.3103448275862069,
            0.30344827586206896,
            0.32413793103448274,
            0.31724137931034485,
            0.31724137931034485
        ]
    },
    "128": {
        "mean": 0.296551724137931,
        "max": 0.296551724137931,
        "min": 0.296551724137931,
        "all": [
            0.296551724137931,
            0.296551724137931,
            0.296551724137931,
            0.296551724137931,
            0.296551724137931,
            0.296551724137931,
            0.296551724137931,
            0.296551724137931,
            0.296551724137931,
            0.296551724137931
        ]
    }
}