{
    "1": {
        "mean": 0.31517241379310346,
        "max": 0.3448275862068966,
        "min": 0.2620689655172414,
        "all": [
            0.3448275862068966,
            0.2827586206896552,
            0.2689655172413793,
            0.33793103448275863,
            0.3310344827586207,
            0.2620689655172414,
            0.31724137931034485,
            0.3310344827586207,
            0.3310344827586207,
            0.3448275862068966
        ]
    },
    "2": {
        "mean": 0.3406896551724138,
        "max": 0.3931034482758621,
        "min": 0.3103448275862069,
        "all": [
            0.31724137931034485,
            0.36551724137931035,
            0.31724137931034485,
            0.3586206896551724,
            0.3586206896551724,
            0.3310344827586207,
            0.31724137931034485,
            0.3103448275862069,
            0.3931034482758621,
            0.33793103448275863
        ]
    },
    "4": {
        "mean": 0.3372413793103448,
        "max": 0.3931034482758621,
        "min": 0.30344827586206896,
        "all": [
            0.33793103448275863,
            0.32413793103448274,
            0.3448275862068966,
            0.3931034482758621,
            0.32413793103448274,
            0.32413793103448274,
            0.30344827586206896,
            0.30344827586206896,
            0.33793103448275863,
            0.3793103448275862
        ]
    },
    "8": {
        "mean": 0.33862068965517245,
        "max": 0.3724137931034483,
        "min": 0.2896551724137931,
        "all": [
            0.2896551724137931,
            0.3310344827586207,
            0.35172413793103446,
            0.3724137931034483,
            0.33793103448275863,
            0.3586206896551724,
            0.3724137931034483,
            0.3103448275862069,
            0.3586206896551724,
            0.30344827586206896
        ]
    },
    "16": {
        "mean": 0.3406896551724138,
        "max": 0.36551724137931035,
        "min": 0.2896551724137931,
        "all": [
            0.35172413793103446,
            0.31724137931034485,
            0.3586206896551724,
            0.2896551724137931,
            0.3310344827586207,
            0.3586206896551724,
            0.36551724137931035,
            0.3448275862068966,
            0.3586206896551724,
            0.3310344827586207
        ]
    },
    "32": {
        "mean": 0.31310344827586206,
        "max": 0.3448275862068966,
        "min": 0.2827586206896552,
        "all": [
            0.31724137931034485,
            0.2827586206896552,
            0.31724137931034485,
            0.3448275862068966,
            0.31724137931034485,
            0.30344827586206896,
            0.32413793103448274,
            0.33793103448275863,
            0.30344827586206896,
            0.2827586206896552
        ]
    },
    "64": {
        "mean": 0.30896551724137933,
        "max": 0.3448275862068966,
        "min": 0.2827586206896552,
        "all": [
            0.2827586206896552,
            0.3448275862068966,
            0.296551724137931,
            0.30344827586206896,
            0.32413793103448274,
            0.33793103448275863,
            0.31724137931034485,
            0.296551724137931,
            0.30344827586206896,
            0.2827586206896552
        ]
    },
    "128": {
        "mean": 0.303448275862069,
        "max": 0.3103448275862069,
        "min": 0.296551724137931,
        "all": [
            0.296551724137931,
            0.3103448275862069,
            0.3103448275862069,
            0.30344827586206896,
            0.30344827586206896,
            0.3103448275862069,
            0.30344827586206896,
            0.296551724137931,
            0.296551724137931,
            0.30344827586206896
        ]
    }
}