{
    "1": {
        "mean": 0.31517241379310346,
        "max": 0.3448275862068966,
        "min": 0.2620689655172414,
        "all": [
            0.3448275862068966,
            0.2827586206896552,
            0.2689655172413793,
            0.33793103448275863,
            0.3310344827586207,
            0.2620689655172414,
            0.31724137931034485,
            0.3310344827586207,
            0.3310344827586207,
            0.3448275862068966
        ]
    },
    "2": {
        "mean": 0.34068965517241384,
        "max": 0.4,
        "min": 0.296551724137931,
        "all": [
            0.3586206896551724,
            0.32413793103448274,
            0.296551724137931,
            0.33793103448275863,
            0.4,
            0.3724137931034483,
            0.3448275862068966,
            0.32413793103448274,
            0.3448275862068966,
            0.30344827586206896
        ]
    },
    "4": {
        "mean": 0.3303448275862068,
        "max": 0.3793103448275862,
        "min": 0.2896551724137931,
        "all": [
            0.3310344827586207,
            0.2896551724137931,
            0.3586206896551724,
            0.3793103448275862,
            0.3310344827586207,
            0.32413793103448274,
            0.3103448275862069,
            0.33793103448275863,
            0.3310344827586207,
            0.3103448275862069
        ]
    },
    "8": {
        "mean": 0.3351724137931035,
        "max": 0.36551724137931035,
        "min": 0.2689655172413793,
        "all": [
            0.3103448275862069,
            0.3103448275862069,
            0.36551724137931035,
            0.35172413793103446,
            0.35172413793103446,
            0.3586206896551724,
            0.32413793103448274,
            0.36551724137931035,
            0.3448275862068966,
            0.2689655172413793
        ]
    },
    "16": {
        "mean": 0.32896551724137935,
        "max": 0.4,
        "min": 0.2896551724137931,
        "all": [
            0.3310344827586207,
            0.4,
            0.2896551724137931,
            0.31724137931034485,
            0.31724137931034485,
            0.2896551724137931,
            0.3310344827586207,
            0.32413793103448274,
            0.3448275862068966,
            0.3448275862068966
        ]
    },
    "32": {
        "mean": 0.3158620689655173,
        "max": 0.3310344827586207,
        "min": 0.296551724137931,
        "all": [
            0.3310344827586207,
            0.32413793103448274,
            0.296551724137931,
            0.3310344827586207,
            0.3103448275862069,
            0.296551724137931,
            0.3103448275862069,
            0.31724137931034485,
            0.31724137931034485,
            0.32413793103448274
        ]
    },
    "64": {
        "mean": 0.3055172413793103,
        "max": 0.35172413793103446,
        "min": 0.2689655172413793,
        "all": [
            0.32413793103448274,
            0.296551724137931,
            0.2896551724137931,
            0.35172413793103446,
            0.2896551724137931,
            0.33793103448275863,
            0.27586206896551724,
            0.32413793103448274,
            0.2689655172413793,
            0.296551724137931
        ]
    },
    "128": {
        "mean": 0.296551724137931,
        "max": 0.296551724137931,
        "min": 0.296551724137931,
        "all": [
            0.296551724137931,
            0.296551724137931,
            0.296551724137931,
            0.296551724137931,
            0.296551724137931,
            0.296551724137931,
            0.296551724137931,
            0.296551724137931,
            0.296551724137931,
            0.296551724137931
        ]
    }
}