{
    "1": {
        "mean": 0.45533333333333337,
        "max": 0.4866666666666667,
        "min": 0.43333333333333335,
        "all": [
            0.44666666666666666,
            0.4533333333333333,
            0.46,
            0.4666666666666667,
            0.43333333333333335,
            0.44,
            0.4866666666666667,
            0.43333333333333335,
            0.46,
            0.47333333333333333
        ]
    },
    "2": {
        "mean": 0.438,
        "max": 0.4866666666666667,
        "min": 0.4066666666666667,
        "all": [
            0.44666666666666666,
            0.4266666666666667,
            0.4266666666666667,
            0.4866666666666667,
            0.4266666666666667,
            0.41333333333333333,
            0.46,
            0.44,
            0.4066666666666667,
            0.44666666666666666
        ]
    },
    "4": {
        "mean": 0.46733333333333327,
        "max": 0.4866666666666667,
        "min": 0.44,
        "all": [
            0.47333333333333333,
            0.44,
            0.4866666666666667,
            0.4533333333333333,
            0.47333333333333333,
            0.47333333333333333,
            0.4666666666666667,
            0.4533333333333333,
            0.48,
            0.47333333333333333
        ]
    },
    "8": {
        "mean": 0.49333333333333335,
        "max": 0.5066666666666667,
        "min": 0.47333333333333333,
        "all": [
            0.5,
            0.4866666666666667,
            0.5066666666666667,
            0.5066666666666667,
            0.47333333333333333,
            0.4866666666666667,
            0.5,
            0.4866666666666667,
            0.5,
            0.4866666666666667
        ]
    },
    "16": {
        "mean": 0.4873333333333333,
        "max": 0.5133333333333333,
        "min": 0.46,
        "all": [
            0.5133333333333333,
            0.48,
            0.48,
            0.46,
            0.49333333333333335,
            0.5,
            0.4866666666666667,
            0.4866666666666667,
            0.49333333333333335,
            0.48
        ]
    },
    "32": {
        "mean": 0.4886666666666667,
        "max": 0.5,
        "min": 0.47333333333333333,
        "all": [
            0.49333333333333335,
            0.5,
            0.47333333333333333,
            0.5,
            0.48,
            0.49333333333333335,
            0.49333333333333335,
            0.5,
            0.47333333333333333,
            0.48
        ]
    },
    "64": {
        "mean": 0.49466666666666664,
        "max": 0.5066666666666667,
        "min": 0.4866666666666667,
        "all": [
            0.5066666666666667,
            0.49333333333333335,
            0.5,
            0.5,
            0.4866666666666667,
            0.49333333333333335,
            0.49333333333333335,
            0.49333333333333335,
            0.49333333333333335,
            0.4866666666666667
        ]
    },
    "128": {
        "mean": 0.49333333333333335,
        "max": 0.49333333333333335,
        "min": 0.49333333333333335,
        "all": [
            0.49333333333333335,
            0.49333333333333335,
            0.49333333333333335,
            0.49333333333333335,
            0.49333333333333335,
            0.49333333333333335,
            0.49333333333333335,
            0.49333333333333335,
            0.49333333333333335,
            0.49333333333333335
        ]
    }
}