{
    "1": {
        "mean": 0.45533333333333337,
        "max": 0.4866666666666667,
        "min": 0.43333333333333335,
        "all": [
            0.44666666666666666,
            0.4533333333333333,
            0.46,
            0.4666666666666667,
            0.43333333333333335,
            0.44,
            0.4866666666666667,
            0.43333333333333335,
            0.46,
            0.47333333333333333
        ]
    },
    "2": {
        "mean": 0.44666666666666666,
        "max": 0.4866666666666667,
        "min": 0.41333333333333333,
        "all": [
            0.4533333333333333,
            0.46,
            0.41333333333333333,
            0.4866666666666667,
            0.43333333333333335,
            0.42,
            0.4866666666666667,
            0.44,
            0.42,
            0.4533333333333333
        ]
    },
    "4": {
        "mean": 0.45666666666666667,
        "max": 0.48,
        "min": 0.4266666666666667,
        "all": [
            0.4666666666666667,
            0.4533333333333333,
            0.4666666666666667,
            0.43333333333333335,
            0.48,
            0.4266666666666667,
            0.47333333333333333,
            0.44,
            0.47333333333333333,
            0.4533333333333333
        ]
    },
    "8": {
        "mean": 0.454,
        "max": 0.4666666666666667,
        "min": 0.4266666666666667,
        "all": [
            0.46,
            0.46,
            0.4666666666666667,
            0.46,
            0.44666666666666666,
            0.44666666666666666,
            0.44,
            0.4266666666666667,
            0.4666666666666667,
            0.4666666666666667
        ]
    },
    "16": {
        "mean": 0.4493333333333334,
        "max": 0.4666666666666667,
        "min": 0.4266666666666667,
        "all": [
            0.4666666666666667,
            0.44,
            0.44,
            0.4266666666666667,
            0.46,
            0.4666666666666667,
            0.44,
            0.4533333333333333,
            0.44,
            0.46
        ]
    },
    "32": {
        "mean": 0.4506666666666666,
        "max": 0.47333333333333333,
        "min": 0.43333333333333335,
        "all": [
            0.4666666666666667,
            0.47333333333333333,
            0.44,
            0.44666666666666666,
            0.44,
            0.46,
            0.43333333333333335,
            0.44666666666666666,
            0.44666666666666666,
            0.4533333333333333
        ]
    },
    "64": {
        "mean": 0.4600000000000001,
        "max": 0.48,
        "min": 0.44,
        "all": [
            0.48,
            0.4533333333333333,
            0.44666666666666666,
            0.4666666666666667,
            0.4533333333333333,
            0.4666666666666667,
            0.44,
            0.4666666666666667,
            0.4533333333333333,
            0.47333333333333333
        ]
    },
    "128": {
        "mean": 0.4600000000000001,
        "max": 0.46,
        "min": 0.46,
        "all": [
            0.46,
            0.46,
            0.46,
            0.46,
            0.46,
            0.46,
            0.46,
            0.46,
            0.46,
            0.46
        ]
    }
}