{
    "1": {
        "mean": 0.4815317498788172,
        "max": 0.4968492486669898,
        "min": 0.4692195831313621,
        "all": [
            0.4968492486669898,
            0.47649054774600097,
            0.48618516723218613,
            0.4881240911294232,
            0.48327678138633057,
            0.48327678138633057,
            0.4774600096946195,
            0.4774600096946195,
            0.4769752787203102,
            0.4692195831313621
        ]
    },
    "2": {
        "mean": 0.5172564226854095,
        "max": 0.536597188560349,
        "min": 0.5094522539990305,
        "all": [
            0.5172079495879787,
            0.5259331071255453,
            0.5157537566650509,
            0.5094522539990305,
            0.5123606398448861,
            0.5133301017935046,
            0.5094522539990305,
            0.536597188560349,
            0.521570528356762,
            0.5109064469219583
        ]
    },
    "4": {
        "mean": 0.5454677653902085,
        "max": 0.5613184682501212,
        "min": 0.5322346097915657,
        "all": [
            0.5395055744062045,
            0.551623848763936,
            0.5322346097915657,
            0.5462918080465342,
            0.5443528841492972,
            0.5424139602520601,
            0.5487154629180805,
            0.5448376151236064,
            0.5433834222006786,
            0.5613184682501212
        ]
    },
    "8": {
        "mean": 0.5544352884149297,
        "max": 0.5637421231216675,
        "min": 0.538536112457586,
        "all": [
            0.5559864275327193,
            0.5462918080465342,
            0.5564711585070286,
            0.5569558894813379,
            0.5608337372758119,
            0.5637421231216675,
            0.5598642753271934,
            0.5603490063015026,
            0.538536112457586,
            0.5453223460979156
        ]
    },
    "16": {
        "mean": 0.5611245758603974,
        "max": 0.5744062045564712,
        "min": 0.5511391177896268,
        "all": [
            0.5618031992244304,
            0.5608337372758119,
            0.551623848763936,
            0.5579253514299564,
            0.5690741638390693,
            0.5511391177896268,
            0.5651963160445953,
            0.5579253514299564,
            0.5613184682501212,
            0.5744062045564712
        ]
    },
    "32": {
        "mean": 0.5644692195831313,
        "max": 0.575860397479399,
        "min": 0.5545322346097916,
        "all": [
            0.566650508967523,
            0.5613184682501212,
            0.5637421231216675,
            0.5603490063015026,
            0.5632573921473583,
            0.5545322346097916,
            0.5656810470189045,
            0.575860397479399,
            0.5651963160445953,
            0.5681047018904508
        ]
    },
    "64": {
        "mean": 0.5642268540959768,
        "max": 0.5671352399418322,
        "min": 0.5593795443528842,
        "all": [
            0.5671352399418322,
            0.564711585070286,
            0.5661657779932138,
            0.5642268540959767,
            0.5651963160445953,
            0.5603490063015026,
            0.5656810470189045,
            0.5651963160445953,
            0.5593795443528842,
            0.5642268540959767
        ]
    },
    "128": {
        "mean": 0.5632573921473583,
        "max": 0.5632573921473583,
        "min": 0.5632573921473583,
        "all": [
            0.5632573921473583,
            0.5632573921473583,
            0.5632573921473583,
            0.5632573921473583,
            0.5632573921473583,
            0.5632573921473583,
            0.5632573921473583,
            0.5632573921473583,
            0.5632573921473583,
            0.5632573921473583
        ]
    }
}